A000002	a[steps_] := Module[{a = {1, 2, 2}}, Do[a = Append[a, 1 + Mod[(n - 1), 2]], {n, 3, steps}, {i, a[[n]]}]; a]	[1, 2, 2, 1, 1, 2, 1, 2, 2, 1, 2, 2, 1, 1, 2, 1, 1, 2, 2, 1, 2, 1, 1, 2, 1, 2, 2, 1, 1, 2, 1, 1, 2, 1, 2, 2, 1, 2, 2, 1, 1, 2, 1, 2, 2, 1, 2, 1, 1, 2, 1, 1, 2, 2, 1, 2, 2, 1, 1, 2, 1, 2, 2, 1, 2, 2, 1, 1, 2, 1, 1, 2, 1, 2, 2, 1, 2, 1, 1, 2, 2, 1, 2, 2, 1, 1, 2, 1, 2, 2, 1, 2, 2, 1, 1, 2, 1, 1, 2, 2, 1, 2, 1, 1, 2, 1, 2, 2]
A000002	n=8; Prepend[ Nest[ Flatten[ Partition[#, 2] /. {{2, 2} -> {2, 2, 1, 1}, {2, 1} -> {2, 2, 1}, {1, 2} -> {2, 1, 1}, {1, 1} -> {2, 1}}] &, {2, 2}, n], 1] (* _Birkas Gyorgy_, Jul 10 2012 *)	[1, 2, 2, 1, 1, 2, 1, 2, 2, 1, 2, 2, 1, 1, 2, 1, 1, 2, 2, 1, 2, 1, 1, 2, 1, 2, 2, 1, 1, 2, 1, 1, 2, 1, 2, 2, 1, 2, 2, 1, 1, 2, 1, 2, 2, 1, 2, 1, 1, 2, 1, 1, 2, 2, 1, 2, 2, 1, 1, 2, 1, 2, 2, 1, 2, 2, 1, 1, 2, 1, 1, 2, 1, 2, 2, 1, 2, 1, 1, 2, 2, 1, 2, 2, 1, 1, 2, 1, 2, 2, 1, 2, 2, 1, 1, 2, 1, 1, 2, 2, 1, 2, 1, 1, 2, 1, 2, 2]
A000004	a[ n_] := 0;	[0, 0, 0, 0, 0, 0, 0, 0, 0, 0, 0, 0, 0, 0, 0, 0, 0, 0, 0, 0, 0, 0, 0, 0, 0, 0, 0, 0, 0, 0, 0, 0, 0, 0, 0, 0, 0, 0, 0, 0, 0, 0, 0, 0, 0, 0, 0, 0, 0, 0, 0, 0, 0, 0, 0, 0, 0, 0, 0, 0, 0, 0, 0, 0, 0, 0, 0, 0, 0, 0, 0, 0, 0, 0, 0, 0, 0, 0, 0, 0, 0, 0, 0, 0, 0, 0, 0, 0, 0, 0, 0, 0, 0, 0, 0, 0, 0, 0, 0, 0, 0, 0]
A000004	Table[0, {n, 100}] (* _Matthew House_, Jul 14 2015 *)	[0, 0, 0, 0, 0, 0, 0, 0, 0, 0, 0, 0, 0, 0, 0, 0, 0, 0, 0, 0, 0, 0, 0, 0, 0, 0, 0, 0, 0, 0, 0, 0, 0, 0, 0, 0, 0, 0, 0, 0, 0, 0, 0, 0, 0, 0, 0, 0, 0, 0, 0, 0, 0, 0, 0, 0, 0, 0, 0, 0, 0, 0, 0, 0, 0, 0, 0, 0, 0, 0, 0, 0, 0, 0, 0, 0, 0, 0, 0, 0, 0, 0, 0, 0, 0, 0, 0, 0, 0, 0, 0, 0, 0, 0, 0, 0, 0, 0, 0, 0, 0, 0]
A000004	LinearRecurrence[{1},{0},102] (* _Ray Chandler_, Jul 15 2015 *)	[0, 0, 0, 0, 0, 0, 0, 0, 0, 0, 0, 0, 0, 0, 0, 0, 0, 0, 0, 0, 0, 0, 0, 0, 0, 0, 0, 0, 0, 0, 0, 0, 0, 0, 0, 0, 0, 0, 0, 0, 0, 0, 0, 0, 0, 0, 0, 0, 0, 0, 0, 0, 0, 0, 0, 0, 0, 0, 0, 0, 0, 0, 0, 0, 0, 0, 0, 0, 0, 0, 0, 0, 0, 0, 0, 0, 0, 0, 0, 0, 0, 0, 0, 0, 0, 0, 0, 0, 0, 0, 0, 0, 0, 0, 0, 0, 0, 0, 0, 0, 0, 0]
A000005	Table[DivisorSigma[0, n], {n, 100}] (* _Enrique Pérez Herrero_, Aug 27 2009 *)	[1, 2, 2, 3, 2, 4, 2, 4, 3, 4, 2, 6, 2, 4, 4, 5, 2, 6, 2, 6, 4, 4, 2, 8, 3, 4, 4, 6, 2, 8, 2, 6, 4, 4, 4, 9, 2, 4, 4, 8, 2, 8, 2, 6, 6, 4, 2, 10, 3, 6, 4, 6, 2, 8, 4, 8, 4, 4, 2, 12, 2, 4, 6, 7, 4, 8, 2, 6, 4, 8, 2, 12, 2, 4, 6, 6, 4, 8, 2, 10, 5, 4, 2, 12, 4, 4, 4, 8, 2, 12, 4, 6, 4, 4, 4, 12, 2, 6, 6, 9, 2, 8, 2, 8]
A000006	a[n_] := IntegerPart[Sqrt[Prime[n]]]	[1, 1, 2, 2, 3, 3, 4, 4, 4, 5, 5, 6, 6, 6, 6, 7, 7, 7, 8, 8, 8, 8, 9, 9, 9, 10, 10, 10, 10, 10, 11, 11, 11, 11, 12, 12, 12, 12, 12, 13, 13, 13, 13, 13, 14, 14, 14, 14, 15, 15, 15, 15, 15, 15, 16, 16, 16, 16, 16, 16, 16, 17, 17, 17, 17, 17, 18, 18, 18, 18, 18]
A000006	IntegerPart[Sqrt[#]]&/@Prime[Range[80]] (* _Harvey P. Dale_, Mar 06 2012 *)	[1, 1, 2, 2, 3, 3, 4, 4, 4, 5, 5, 6, 6, 6, 6, 7, 7, 7, 8, 8, 8, 8, 9, 9, 9, 10, 10, 10, 10, 10, 11, 11, 11, 11, 12, 12, 12, 12, 12, 13, 13, 13, 13, 13, 14, 14, 14, 14, 15, 15, 15, 15, 15, 15, 16, 16, 16, 16, 16, 16, 16, 17, 17, 17, 17, 17, 18, 18, 18, 18, 18]
A000007	Table[If[n == 0, 1, 0], {n, 0, 99}]	[1, 0, 0, 0, 0, 0, 0, 0, 0, 0, 0, 0, 0, 0, 0, 0, 0, 0, 0, 0, 0, 0, 0, 0, 0, 0, 0, 0, 0, 0, 0, 0, 0, 0, 0, 0, 0, 0, 0, 0, 0, 0, 0, 0, 0, 0, 0, 0, 0, 0, 0, 0, 0, 0, 0, 0, 0, 0, 0, 0, 0, 0, 0, 0, 0, 0, 0, 0, 0, 0, 0, 0, 0, 0, 0, 0, 0, 0, 0, 0, 0, 0, 0, 0, 0, 0, 0, 0, 0, 0, 0, 0, 0, 0, 0, 0, 0, 0, 0, 0, 0, 0, 0, 0, 0]
A000007	Table[Boole[n == 0], {n, 0, 99}] (* _Michael Somos_, Aug 25 2012 *)	[1, 0, 0, 0, 0, 0, 0, 0, 0, 0, 0, 0, 0, 0, 0, 0, 0, 0, 0, 0, 0, 0, 0, 0, 0, 0, 0, 0, 0, 0, 0, 0, 0, 0, 0, 0, 0, 0, 0, 0, 0, 0, 0, 0, 0, 0, 0, 0, 0, 0, 0, 0, 0, 0, 0, 0, 0, 0, 0, 0, 0, 0, 0, 0, 0, 0, 0, 0, 0, 0, 0, 0, 0, 0, 0, 0, 0, 0, 0, 0, 0, 0, 0, 0, 0, 0, 0, 0, 0, 0, 0, 0, 0, 0, 0, 0, 0, 0, 0, 0, 0, 0, 0, 0, 0]
A000007	Join[{1},LinearRecurrence[{1},{0},102]] (* _Ray Chandler_, Jul 30 2015 *)	[1, 0, 0, 0, 0, 0, 0, 0, 0, 0, 0, 0, 0, 0, 0, 0, 0, 0, 0, 0, 0, 0, 0, 0, 0, 0, 0, 0, 0, 0, 0, 0, 0, 0, 0, 0, 0, 0, 0, 0, 0, 0, 0, 0, 0, 0, 0, 0, 0, 0, 0, 0, 0, 0, 0, 0, 0, 0, 0, 0, 0, 0, 0, 0, 0, 0, 0, 0, 0, 0, 0, 0, 0, 0, 0, 0, 0, 0, 0, 0, 0, 0, 0, 0, 0, 0, 0, 0, 0, 0, 0, 0, 0, 0, 0, 0, 0, 0, 0, 0, 0, 0, 0, 0, 0]
A000007	PadRight[{1},120,0] (* _Harvey P. Dale_, Jul 18 2024 *)	[1, 0, 0, 0, 0, 0, 0, 0, 0, 0, 0, 0, 0, 0, 0, 0, 0, 0, 0, 0, 0, 0, 0, 0, 0, 0, 0, 0, 0, 0, 0, 0, 0, 0, 0, 0, 0, 0, 0, 0, 0, 0, 0, 0, 0, 0, 0, 0, 0, 0, 0, 0, 0, 0, 0, 0, 0, 0, 0, 0, 0, 0, 0, 0, 0, 0, 0, 0, 0, 0, 0, 0, 0, 0, 0, 0, 0, 0, 0, 0, 0, 0, 0, 0, 0, 0, 0, 0, 0, 0, 0, 0, 0, 0, 0, 0, 0, 0, 0, 0, 0, 0, 0, 0, 0]
A000008	LinearRecurrence[{1, 1, -1, 0, 1, -1, -1, 1, 0, 1, -1, -1, 1, 0, -1, 1, 1, -1}, {1, 1, 2, 2, 3, 4, 5, 6, 7, 8, 11, 12, 15, 16, 19, 22, 25, 28}, 100] (* _Vincenzo Librandi_, Feb 10 2016 *)	[1, 1, 2, 2, 3, 4, 5, 6, 7, 8, 11, 12, 15, 16, 19, 22, 25, 28, 31, 34, 40, 43, 49, 52, 58, 64, 70, 76, 82, 88, 98, 104, 114, 120, 130, 140, 150, 160, 170, 180, 195, 205, 220, 230, 245, 260, 275, 290, 305, 320, 341, 356, 377, 392, 413, 434, 455, 476, 497, 518, 546]
A000010	Array[EulerPhi, 70]	[1, 1, 2, 2, 4, 2, 6, 4, 6, 4, 10, 4, 12, 6, 8, 8, 16, 6, 18, 8, 12, 10, 22, 8, 20, 12, 18, 12, 28, 8, 30, 16, 20, 16, 24, 12, 36, 18, 24, 16, 40, 12, 42, 20, 24, 22, 46, 16, 42, 20, 32, 24, 52, 18, 40, 24, 36, 28, 58, 16, 60, 30, 36, 32, 48, 20, 66, 32, 44]
A000011	a[n_] := Fold[ #1 + EulerPhi[2#2]2^(n/#2)/(2n) &, 2^Floor[n/2], Divisors[n]]/2	[1, 1, 2, 2, 4, 4, 8, 9, 18, 23, 44, 63, 122, 190, 362, 612, 1162, 2056, 3914, 7155, 13648, 25482, 48734, 92205, 176906, 337594, 649532, 1246863, 2405236, 4636390, 8964800, 17334801, 33588234, 65108062, 126390032, 245492244, 477353376, 928772650, 1808676326, 3524337980]
A000011	a[ n_] := If[ n < 1, Boole[n == 0], 2^Quotient[n, 2] / 2 + DivisorSum[ n, EulerPhi[2 #] 2^(n/#) &] / (4 n)]; (* _Michael Somos_, Dec 19 2014 *)	[1, 1, 2, 2, 4, 4, 8, 9, 18, 23, 44, 63, 122, 190, 362, 612, 1162, 2056, 3914, 7155, 13648, 25482, 48734, 92205, 176906, 337594, 649532, 1246863, 2405236, 4636390, 8964800, 17334801, 33588234, 65108062, 126390032, 245492244, 477353376, 928772650, 1808676326, 3524337980]
A000012	Array[1 &, 50] (* Joseph Biberstine (jrbibers(AT)indiana.edu), Dec 26 2006 *)	[1, 1, 1, 1, 1, 1, 1, 1, 1, 1, 1, 1, 1, 1, 1, 1, 1, 1, 1, 1, 1, 1, 1, 1, 1, 1, 1, 1, 1, 1, 1, 1, 1, 1, 1, 1, 1, 1, 1, 1, 1, 1, 1, 1, 1, 1, 1, 1, 1, 1, 1, 1, 1, 1, 1, 1, 1, 1, 1, 1, 1, 1, 1, 1, 1, 1, 1, 1, 1, 1, 1, 1, 1, 1, 1, 1, 1, 1, 1, 1, 1, 1, 1, 1, 1, 1, 1, 1, 1, 1]
A000013	a[n_] := Fold[ #1 + EulerPhi[2#2]2^(n/#2)/(2n) &, 0, Divisors[n]]	[1, 1, 2, 2, 4, 4, 8, 10, 20, 30, 56, 94, 180, 316, 596, 1096, 2068, 3856, 7316, 13798, 26272, 49940, 95420, 182362, 349716, 671092, 1290872, 2485534, 4794088, 9256396, 17896832, 34636834, 67110932, 130150588, 252648992, 490853416, 954444608, 1857283156, 3616828364]
A000013	a[ n_] := If[ n < 1, Boole[n == 0], DivisorSum[ n, EulerPhi[2 #] 2^(n/#) &] / (2 n)]; (* _Michael Somos_, Dec 19 2014 *)	[1, 1, 2, 2, 4, 4, 8, 10, 20, 30, 56, 94, 180, 316, 596, 1096, 2068, 3856, 7316, 13798, 26272, 49940, 95420, 182362, 349716, 671092, 1290872, 2485534, 4794088, 9256396, 17896832, 34636834, 67110932, 130150588, 252648992, 490853416, 954444608, 1857283156, 3616828364]
A000015	Insert[Table[m:=n;While[Not[Length[FactorInteger[m]]==1],m++ ];m,{n,2,100}], 1, 1] (* _Stefan Steinerberger_, Apr 17 2006 *)	[1, 2, 3, 4, 5, 7, 7, 8, 9, 11, 11, 13, 13, 16, 16, 16, 17, 19, 19, 23, 23, 23, 23, 25, 25, 27, 27, 29, 29, 31, 31, 32, 37, 37, 37, 37, 37, 41, 41, 41, 41, 43, 43, 47, 47, 47, 47, 49, 49, 53, 53, 53, 53, 59, 59, 59, 59, 59, 59, 61, 61, 64, 64, 64, 67, 67, 67, 71, 71, 71, 71, 73]
A000015	a[ n_] := If[ n < 2, Boole[n == 1], Module[{m = n}, While[ ! PrimePowerQ[ m], m++]; m]]; (* _Michael Somos_, Mar 06 2018 *)	[1, 2, 3, 4, 5, 7, 7, 8, 9, 11, 11, 13, 13, 16, 16, 16, 17, 19, 19, 23, 23, 23, 23, 25, 25, 27, 27, 29, 29, 31, 31, 32, 37, 37, 37, 37, 37, 41, 41, 41, 41, 43, 43, 47, 47, 47, 47, 49, 49, 53, 53, 53, 53, 59, 59, 59, 59, 59, 59, 61, 61, 64, 64, 64, 67, 67, 67, 71, 71, 71, 71, 73]
A000016	a[0] = 1; a[n_] := Sum[Mod[k, 2] EulerPhi[k]*2^(n/k)/(2*n), {k, Divisors[n]}]; Table[a[n], {n, 0, 35}](* _Jean-François Alcover_, Feb 17 2012, after Pari *)	[1, 1, 1, 2, 2, 4, 6, 10, 16, 30, 52, 94, 172, 316, 586, 1096, 2048, 3856, 7286, 13798, 26216, 49940, 95326, 182362, 349536, 671092, 1290556, 2485534, 4793492, 9256396, 17895736, 34636834, 67108864, 130150588, 252645136, 490853416]
A000020	Table[If[n==1,2,EulerPhi[2^n-1]/n],{n,1,50}] (* _Vladimir Joseph Stephan Orlovsky_, Jan 24 2012 *)	[2, 1, 2, 2, 6, 6, 18, 16, 48, 60, 176, 144, 630, 756, 1800, 2048, 7710, 7776, 27594, 24000, 84672, 120032, 356960, 276480, 1296000, 1719900, 4202496, 4741632, 18407808, 17820000, 69273666, 67108864, 211016256, 336849900, 929275200, 725594112, 3697909056]
A000023	FoldList[#1*#2 + (-2)^#2 &, 1, Range[22]] (* _Robert G. Wilson v_, Jul 07 2012 *)	[1, -1, 2, -2, 8, 8, 112, 656, 5504, 49024, 491264, 5401856, 64826368, 842734592, 11798300672, 176974477312, 2831591702528, 48137058811904, 866467058876416, 16462874118127616, 329257482363600896, 6914407129633521664, 152116956851941670912]
A000026	Array[ Times@@Flatten[ FactorInteger[ # ] ]&, 100 ]	[1, 2, 3, 4, 5, 6, 7, 6, 6, 10, 11, 12, 13, 14, 15, 8, 17, 12, 19, 20, 21, 22, 23, 18, 10, 26, 9, 28, 29, 30, 31, 10, 33, 34, 35, 24, 37, 38, 39, 30, 41, 42, 43, 44, 30, 46, 47, 24, 14, 20, 51, 52, 53, 18, 55, 42, 57, 58, 59, 60, 61, 62, 42, 12, 65, 66, 67, 68, 69, 70, 71, 36]
A000027	Range@ 77 (* _Robert G. Wilson v_, Mar 31 2015 *)	[1, 2, 3, 4, 5, 6, 7, 8, 9, 10, 11, 12, 13, 14, 15, 16, 17, 18, 19, 20, 21, 22, 23, 24, 25, 26, 27, 28, 29, 30, 31, 32, 33, 34, 35, 36, 37, 38, 39, 40, 41, 42, 43, 44, 45, 46, 47, 48, 49, 50, 51, 52, 53, 54, 55, 56, 57, 58, 59, 60, 61, 62, 63, 64, 65, 66, 67, 68, 69, 70, 71, 72, 73, 74, 75, 76, 77]
A000028	Rest[Select[Range[150],OddQ[Count[Flatten[IntegerDigits[#,2]&/@ Transpose[ FactorInteger[#]][[2]]],1]]&]] (* _Harvey P. Dale_, Feb 25 2012 *)	[2, 3, 4, 5, 7, 9, 11, 13, 16, 17, 19, 23, 24, 25, 29, 30, 31, 37, 40, 41, 42, 43, 47, 49, 53, 54, 56, 59, 60, 61, 66, 67, 70, 71, 72, 73, 78, 79, 81, 83, 84, 88, 89, 90, 96, 97, 101, 102, 103, 104, 105, 107, 108, 109, 110, 113, 114, 121, 126, 127, 128, 130, 131, 132, 135, 136, 137]
A000029	a[0] = 1; a[n_] := (1/4)*(Mod[n, 2] + 3)*2^Quotient[n, 2] + DivisorSum[n, EulerPhi[#]*2^(n/#)&]/(2*n); Array[a, 36, 0] (* _Jean-François Alcover_, Nov 05 2017 *)	[1, 2, 3, 4, 6, 8, 13, 18, 30, 46, 78, 126, 224, 380, 687, 1224, 2250, 4112, 7685, 14310, 27012, 50964, 96909, 184410, 352698, 675188, 1296858, 2493726, 4806078, 9272780, 17920860, 34669602, 67159050, 130216124, 252745368, 490984488]
A000030	Join[{0},First[IntegerDigits[#]]&/@Range[90]] (* _Harvey P. Dale_, Mar 01 2011 *)	[0, 1, 2, 3, 4, 5, 6, 7, 8, 9, 1, 1, 1, 1, 1, 1, 1, 1, 1, 1, 2, 2, 2, 2, 2, 2, 2, 2, 2, 2, 3, 3, 3, 3, 3, 3, 3, 3, 3, 3, 4, 4, 4, 4, 4, 4, 4, 4, 4, 4, 5, 5, 5, 5, 5, 5, 5, 5, 5, 5, 6, 6, 6, 6, 6, 6, 6, 6, 6, 6, 7, 7, 7, 7, 7, 7, 7, 7, 7, 7, 8, 8, 8, 8, 8]
A000030	Table[Floor[n/10^(Floor[Log10[n]])], {n, 1, 50}] (* _G. C. Greubel_, May 16 2017 *)	[0, 1, 2, 3, 4, 5, 6, 7, 8, 9, 1, 1, 1, 1, 1, 1, 1, 1, 1, 1, 2, 2, 2, 2, 2, 2, 2, 2, 2, 2, 3, 3, 3, 3, 3, 3, 3, 3, 3, 3, 4, 4, 4, 4, 4, 4, 4, 4, 4, 4, 5, 5, 5, 5, 5, 5, 5, 5, 5, 5, 6, 6, 6, 6, 6, 6, 6, 6, 6, 6, 7, 7, 7, 7, 7, 7, 7, 7, 7, 7, 8, 8, 8, 8, 8]
A000030	Table[NumberDigit[n,IntegerLength[n]-1],{n,0,100}] (* _Harvey P. Dale_, Aug 29 2021 *)	[0, 1, 2, 3, 4, 5, 6, 7, 8, 9, 1, 1, 1, 1, 1, 1, 1, 1, 1, 1, 2, 2, 2, 2, 2, 2, 2, 2, 2, 2, 3, 3, 3, 3, 3, 3, 3, 3, 3, 3, 4, 4, 4, 4, 4, 4, 4, 4, 4, 4, 5, 5, 5, 5, 5, 5, 5, 5, 5, 5, 6, 6, 6, 6, 6, 6, 6, 6, 6, 6, 7, 7, 7, 7, 7, 7, 7, 7, 7, 7, 8, 8, 8, 8, 8]
A000031	a[n_] := Sum[If[Mod[n, d] == 0, EulerPhi[d] 2^(n/d), 0], {d, 1, n}]/n	[1, 2, 3, 4, 6, 8, 14, 20, 36, 60, 108, 188, 352, 632, 1182, 2192, 4116, 7712, 14602, 27596, 52488, 99880, 190746, 364724, 699252, 1342184, 2581428, 4971068, 9587580, 18512792, 35792568, 69273668, 134219796, 260301176, 505294128, 981706832]
A000031	a[n_] := Fold[#1 + 2^(n/#2) EulerPhi[#2] &, 0, Divisors[n]]/n (* _Ben Branman_, Jan 08 2011 *)	[1, 2, 3, 4, 6, 8, 14, 20, 36, 60, 108, 188, 352, 632, 1182, 2192, 4116, 7712, 14602, 27596, 52488, 99880, 190746, 364724, 699252, 1342184, 2581428, 4971068, 9587580, 18512792, 35792568, 69273668, 134219796, 260301176, 505294128, 981706832]
A000031	a[0] = 1; a[n_] := DivisorSum[n, EulerPhi[#]*2^(n/#)&]/n; Table[a[n], {n, 0, 40}] (* _Jean-François Alcover_, Feb 03 2016 *)	[1, 2, 3, 4, 6, 8, 14, 20, 36, 60, 108, 188, 352, 632, 1182, 2192, 4116, 7712, 14602, 27596, 52488, 99880, 190746, 364724, 699252, 1342184, 2581428, 4971068, 9587580, 18512792, 35792568, 69273668, 134219796, 260301176, 505294128, 981706832]
A000032	Array[2 Fibonacci[# + 1] - Fibonacci[#] &, 50, 0] (* Joseph Biberstine (jrbibers(AT)indiana.edu), Dec 26 2006 *)	[2, 1, 3, 4, 7, 11, 18, 29, 47, 76, 123, 199, 322, 521, 843, 1364, 2207, 3571, 5778, 9349, 15127, 24476, 39603, 64079, 103682, 167761, 271443, 439204, 710647, 1149851, 1860498, 3010349, 4870847, 7881196, 12752043, 20633239, 33385282, 54018521, 87403803]
A000032	Table[LucasL[n], {n, 0, 36}] (* _Zerinvary Lajos_, Jul 09 2009 *)	[2, 1, 3, 4, 7, 11, 18, 29, 47, 76, 123, 199, 322, 521, 843, 1364, 2207, 3571, 5778, 9349, 15127, 24476, 39603, 64079, 103682, 167761, 271443, 439204, 710647, 1149851, 1860498, 3010349, 4870847, 7881196, 12752043, 20633239, 33385282, 54018521, 87403803]
A000032	LinearRecurrence[{1, 1}, {2, 1}, 40] (* _Harvey P. Dale_, Sep 07 2013 *)	[2, 1, 3, 4, 7, 11, 18, 29, 47, 76, 123, 199, 322, 521, 843, 1364, 2207, 3571, 5778, 9349, 15127, 24476, 39603, 64079, 103682, 167761, 271443, 439204, 710647, 1149851, 1860498, 3010349, 4870847, 7881196, 12752043, 20633239, 33385282, 54018521, 87403803]
A000032	LucasL[Range[0, 20]] (* _Eric W. Weisstein_, Aug 07 2017 *)	[2, 1, 3, 4, 7, 11, 18, 29, 47, 76, 123, 199, 322, 521, 843, 1364, 2207, 3571, 5778, 9349, 15127, 24476, 39603, 64079, 103682, 167761, 271443, 439204, 710647, 1149851, 1860498, 3010349, 4870847, 7881196, 12752043, 20633239, 33385282, 54018521, 87403803]
A000034	a[n_] := If[OddQ[n], 2, 1]; Table[a[n], {n, 0, 90}] (* _Stefan Steinerberger_, Apr 17 2006 *)	[1, 2, 1, 2, 1, 2, 1, 2, 1, 2, 1, 2, 1, 2, 1, 2, 1, 2, 1, 2, 1, 2, 1, 2, 1, 2, 1, 2, 1, 2, 1, 2, 1, 2, 1, 2, 1, 2, 1, 2, 1, 2, 1, 2, 1, 2, 1, 2, 1, 2, 1, 2, 1, 2, 1, 2, 1, 2, 1, 2, 1, 2, 1, 2, 1, 2, 1, 2, 1, 2, 1, 2, 1, 2, 1, 2, 1, 2, 1, 2, 1, 2, 1, 2, 1, 2, 1, 2, 1, 2, 1, 2, 1, 2, 1, 2, 1, 2, 1, 2, 1, 2]
A000034	Nest[ Flatten[# /. {    0 -> {1}, 1 -> {2}, 2 -> {1, 2, 1}  }] &, {1}, 8] (* _Robert G. Wilson v_, May 20 2014 *)	[1, 2, 1, 2, 1, 2, 1, 2, 1, 2, 1, 2, 1, 2, 1, 2, 1, 2, 1, 2, 1, 2, 1, 2, 1, 2, 1, 2, 1, 2, 1, 2, 1, 2, 1, 2, 1, 2, 1, 2, 1, 2, 1, 2, 1, 2, 1, 2, 1, 2, 1, 2, 1, 2, 1, 2, 1, 2, 1, 2, 1, 2, 1, 2, 1, 2, 1, 2, 1, 2, 1, 2, 1, 2, 1, 2, 1, 2, 1, 2, 1, 2, 1, 2, 1, 2, 1, 2, 1, 2, 1, 2, 1, 2, 1, 2, 1, 2, 1, 2, 1, 2]
A000035	PadLeft[{},110,{0,1}] (* _Harvey P. Dale_, Sep 25 2011 *)	[0, 1, 0, 1, 0, 1, 0, 1, 0, 1, 0, 1, 0, 1, 0, 1, 0, 1, 0, 1, 0, 1, 0, 1, 0, 1, 0, 1, 0, 1, 0, 1, 0, 1, 0, 1, 0, 1, 0, 1, 0, 1, 0, 1, 0, 1, 0, 1, 0, 1, 0, 1, 0, 1, 0, 1, 0, 1, 0, 1, 0, 1, 0, 1, 0, 1, 0, 1, 0, 1, 0, 1, 0, 1, 0, 1, 0, 1, 0, 1, 0, 1, 0, 1, 0, 1, 0, 1, 0, 1, 0, 1, 0, 1, 0, 1, 0, 1, 0, 1, 0, 1, 0, 1, 0]
A000037	a[n_] := (n + Floor[Sqrt[n + Floor[Sqrt[n]]]]); Table[a[n], {n, 71}] (* _Robert G. Wilson v_, Sep 24 2004 *)	[2, 3, 5, 6, 7, 8, 10, 11, 12, 13, 14, 15, 17, 18, 19, 20, 21, 22, 23, 24, 26, 27, 28, 29, 30, 31, 32, 33, 34, 35, 37, 38, 39, 40, 41, 42, 43, 44, 45, 46, 47, 48, 50, 51, 52, 53, 54, 55, 56, 57, 58, 59, 60, 61, 62, 63, 65, 66, 67, 68, 69, 70, 71, 72, 73, 74, 75, 76, 77, 78, 79, 80, 82, 83, 84, 85, 86, 87, 88, 89, 90, 91, 92, 93, 94, 95, 96, 97, 98, 99]
A000037	With[{upto=100},Complement[Range[upto],Range[Floor[Sqrt[upto]]]^2]] (* _Harvey P. Dale_, Dec 02 2011 *)	[2, 3, 5, 6, 7, 8, 10, 11, 12, 13, 14, 15, 17, 18, 19, 20, 21, 22, 23, 24, 26, 27, 28, 29, 30, 31, 32, 33, 34, 35, 37, 38, 39, 40, 41, 42, 43, 44, 45, 46, 47, 48, 50, 51, 52, 53, 54, 55, 56, 57, 58, 59, 60, 61, 62, 63, 65, 66, 67, 68, 69, 70, 71, 72, 73, 74, 75, 76, 77, 78, 79, 80, 82, 83, 84, 85, 86, 87, 88, 89, 90, 91, 92, 93, 94, 95, 96, 97, 98, 99]
A000037	a[ n_] :=  If[ n < 0, 0, n + Round @ Sqrt @ n]; (* _Michael Somos_, May 28 2014 *)	[2, 3, 5, 6, 7, 8, 10, 11, 12, 13, 14, 15, 17, 18, 19, 20, 21, 22, 23, 24, 26, 27, 28, 29, 30, 31, 32, 33, 34, 35, 37, 38, 39, 40, 41, 42, 43, 44, 45, 46, 47, 48, 50, 51, 52, 53, 54, 55, 56, 57, 58, 59, 60, 61, 62, 63, 65, 66, 67, 68, 69, 70, 71, 72, 73, 74, 75, 76, 77, 78, 79, 80, 82, 83, 84, 85, 86, 87, 88, 89, 90, 91, 92, 93, 94, 95, 96, 97, 98, 99]
A000038	PadRight[{2}, 104] (* or *)	[2, 0, 0, 0, 0, 0, 0, 0, 0, 0, 0, 0, 0, 0, 0, 0, 0, 0, 0, 0, 0, 0, 0, 0, 0, 0, 0, 0, 0, 0, 0, 0, 0, 0, 0, 0, 0, 0, 0, 0, 0, 0, 0, 0, 0, 0, 0, 0, 0, 0, 0, 0, 0, 0, 0, 0, 0, 0, 0, 0, 0, 0, 0, 0, 0, 0, 0, 0, 0, 0, 0, 0, 0, 0, 0, 0, 0, 0, 0, 0, 0, 0, 0, 0, 0, 0, 0, 0, 0, 0, 0, 0, 0, 0, 0, 0, 0, 0, 0, 0, 0, 0, 0, 0, 0]
A000038	Array[(-1)^Prime@ # + 1 &, 105] (* _Michael De Vlieger_, Aug 15 2018 *)	[2, 0, 0, 0, 0, 0, 0, 0, 0, 0, 0, 0, 0, 0, 0, 0, 0, 0, 0, 0, 0, 0, 0, 0, 0, 0, 0, 0, 0, 0, 0, 0, 0, 0, 0, 0, 0, 0, 0, 0, 0, 0, 0, 0, 0, 0, 0, 0, 0, 0, 0, 0, 0, 0, 0, 0, 0, 0, 0, 0, 0, 0, 0, 0, 0, 0, 0, 0, 0, 0, 0, 0, 0, 0, 0, 0, 0, 0, 0, 0, 0, 0, 0, 0, 0, 0, 0, 0, 0, 0, 0, 0, 0, 0, 0, 0, 0, 0, 0, 0, 0, 0, 0, 0, 0]
A000040	Prime[Range[60]]	[2, 3, 5, 7, 11, 13, 17, 19, 23, 29, 31, 37, 41, 43, 47, 53, 59, 61, 67, 71, 73, 79, 83, 89, 97, 101, 103, 107, 109, 113, 127, 131, 137, 139, 149, 151, 157, 163, 167, 173, 179, 181, 191, 193, 197, 199, 211, 223, 227, 229, 233, 239, 241, 251, 257, 263, 269, 271]
A000041	Table[ PartitionsP[n], {n, 0, 45}]	[1, 1, 2, 3, 5, 7, 11, 15, 22, 30, 42, 56, 77, 101, 135, 176, 231, 297, 385, 490, 627, 792, 1002, 1255, 1575, 1958, 2436, 3010, 3718, 4565, 5604, 6842, 8349, 10143, 12310, 14883, 17977, 21637, 26015, 31185, 37338, 44583, 53174, 63261, 75175, 89134, 105558, 124754, 147273, 173525]
A000041	a[0] := 1; a[n_] := a[n] = Block[{k=1, s=0, i=n-1}, While[i >= 0, s=s-(-1)^k (a[i]+a[i-k]); k=k+1; i=i-(3 k-2)]; s]; Map[a, Range[0, 49]] (* _Oliver Seipel_, Jun 01 2024 after Euler *)	[1, 1, 2, 3, 5, 7, 11, 15, 22, 30, 42, 56, 77, 101, 135, 176, 231, 297, 385, 490, 627, 792, 1002, 1255, 1575, 1958, 2436, 3010, 3718, 4565, 5604, 6842, 8349, 10143, 12310, 14883, 17977, 21637, 26015, 31185, 37338, 44583, 53174, 63261, 75175, 89134, 105558, 124754, 147273, 173525]
A000042	Table[(10^n - 1)/9, {n, 1, 18}]	[1, 11, 111, 1111, 11111, 111111, 1111111, 11111111, 111111111, 1111111111, 11111111111, 111111111111, 1111111111111, 11111111111111, 111111111111111, 1111111111111111, 11111111111111111, 111111111111111111, 1111111111111111111, 11111111111111111111]
A000042	FromDigits/@Table[PadLeft[{},n,1],{n,20}] (* _Harvey P. Dale_, Aug 21 2011 *)	[1, 11, 111, 1111, 11111, 111111, 1111111, 11111111, 111111111, 1111111111, 11111111111, 111111111111, 1111111111111, 11111111111111, 111111111111111, 1111111111111111, 11111111111111111, 111111111111111111, 1111111111111111111, 11111111111111111111]
A000043	MersennePrimeExponent[Range[47]] (* _Eric W. Weisstein_, Jul 17 2017 *)	[2, 3, 5, 7, 13, 17, 19, 31, 61, 89, 107, 127, 521, 607, 1279, 2203, 2281, 3217, 4253, 4423, 9689, 9941, 11213, 19937, 21701, 23209, 44497, 86243, 110503, 132049, 216091, 756839, 859433, 1257787, 1398269, 2976221, 3021377, 6972593, 13466917, 20996011, 24036583, 25964951, 30402457, 32582657, 37156667, 42643801, 43112609, 57885161]
A000044	LinearRecurrence[{1,1,0,0,0,0,0,0,0,0,0,0,-1},{1,1,1,2,3,5,8,13,21,34,55,89,144},100] (* _Harvey P. Dale_, Mar 24 2012 *)	[1, 1, 1, 2, 3, 5, 8, 13, 21, 34, 55, 89, 144, 232, 375, 606, 979, 1582, 2556, 4130, 6673, 10782, 17421, 28148, 45480, 73484, 118732, 191841, 309967, 500829, 809214, 1307487, 2112571, 3413385, 5515174, 8911138, 14398164, 23263822, 37588502, 60733592, 98130253, 158553878, 256183302, 413927966, 668803781, 1080619176, 1746009572, 2821113574, 4558212008]
A000045	Table[Fibonacci[k], {k, 0, 50}] (* _Mohammad K. Azarian_, Jul 11 2015 *)	[0, 1, 1, 2, 3, 5, 8, 13, 21, 34, 55, 89, 144, 233, 377, 610, 987, 1597, 2584, 4181, 6765, 10946, 17711, 28657, 46368, 75025, 121393, 196418, 317811, 514229, 832040, 1346269, 2178309, 3524578, 5702887, 9227465, 14930352, 24157817, 39088169, 63245986, 102334155]
A000045	LinearRecurrence[{1, 1}, {0, 1}, 40] (* _Harvey P. Dale_, Aug 03 2014 *)	[0, 1, 1, 2, 3, 5, 8, 13, 21, 34, 55, 89, 144, 233, 377, 610, 987, 1597, 2584, 4181, 6765, 10946, 17711, 28657, 46368, 75025, 121393, 196418, 317811, 514229, 832040, 1346269, 2178309, 3524578, 5702887, 9227465, 14930352, 24157817, 39088169, 63245986, 102334155]
A000045	Fibonacci[Range[0, 20]] (* _Eric W. Weisstein_, Sep 22 2017 *)	[0, 1, 1, 2, 3, 5, 8, 13, 21, 34, 55, 89, 144, 233, 377, 610, 987, 1597, 2584, 4181, 6765, 10946, 17711, 28657, 46368, 75025, 121393, 196418, 317811, 514229, 832040, 1346269, 2178309, 3524578, 5702887, 9227465, 14930352, 24157817, 39088169, 63245986, 102334155]
A000046	a11[0] = 1; a11[n_] := 2^Floor[n/2]/2 + Sum[EulerPhi[2*d]*2^(n/d), {d, Divisors[n]}]/n/4; a[0] = 1; a[n_] := Sum[MoebiusMu[d]*a11[n/d], {d, Divisors[n]}]; Table[a[n], {n, 0, 36}] (* _Jean-François Alcover_, Jul 10 2012, from formula *)	[1, 1, 1, 1, 2, 3, 5, 8, 14, 21, 39, 62, 112, 189, 352, 607, 1144, 2055, 3885, 7154, 13602, 25472, 48670, 92204, 176770, 337590, 649341, 1246840, 2404872, 4636389, 8964143, 17334800, 33587072, 65107998, 126387975, 245492232, 477349348]
A000046	Join[{1}, Table[(DivisorSum[NestWhile[#/2 &, n, EvenQ], MoebiusMu[#] 2^(n/#) &]/(2 n) + DivisorSum[n, MoebiusMu[n/#] 2^Floor[#/2] &])/2, {n, 1, 40}]] (* _Robert A. Russell_, Jun 19 2019 *)	[1, 1, 1, 1, 2, 3, 5, 8, 14, 21, 39, 62, 112, 189, 352, 607, 1144, 2055, 3885, 7154, 13602, 25472, 48670, 92204, 176770, 337590, 649341, 1246840, 2404872, 4636389, 8964143, 17334800, 33587072, 65107998, 126387975, 245492232, 477349348]
A000048	a[n_] := Total[ MoebiusMu[#]*2^(n/#)& /@ Select[ Divisors[n], OddQ]]/(2n); a[0] = 1; Table[a[n], {n,0,35}] (* _Jean-François Alcover_, Jul 21 2011 *)	[1, 1, 1, 1, 2, 3, 5, 9, 16, 28, 51, 93, 170, 315, 585, 1091, 2048, 3855, 7280, 13797, 26214, 49929, 95325, 182361, 349520, 671088, 1290555, 2485504, 4793490, 9256395, 17895679, 34636833, 67108864, 130150493, 252645135, 490853403, 954437120, 1857283155]
A000048	a[ n_] := If[ n < 1, Boole[n == 0], DivisorSum[ n, MoebiusMu[#] 2^(n/#) &, OddQ] / (2 n)]; (* _Michael Somos_, Dec 20 2014 *)	[1, 1, 1, 1, 2, 3, 5, 9, 16, 28, 51, 93, 170, 315, 585, 1091, 2048, 3855, 7280, 13797, 26214, 49929, 95325, 182361, 349520, 671088, 1290555, 2485504, 4793490, 9256395, 17895679, 34636833, 67108864, 130150493, 252645135, 490853403, 954437120, 1857283155]
A000051	Table[2^n + 1, {n, 0, 33}]	[2, 3, 5, 9, 17, 33, 65, 129, 257, 513, 1025, 2049, 4097, 8193, 16385, 32769, 65537, 131073, 262145, 524289, 1048577, 2097153, 4194305, 8388609, 16777217, 33554433, 67108865, 134217729, 268435457, 536870913, 1073741825, 2147483649, 4294967297, 8589934593]
A000051	2^Range[0, 20] + 1 (* _Eric W. Weisstein_, Jul 17 2017 *)	[2, 3, 5, 9, 17, 33, 65, 129, 257, 513, 1025, 2049, 4097, 8193, 16385, 32769, 65537, 131073, 262145, 524289, 1048577, 2097153, 4194305, 8388609, 16777217, 33554433, 67108865, 134217729, 268435457, 536870913, 1073741825, 2147483649, 4294967297, 8589934593]
A000051	LinearRecurrence[{3, -2}, {2, 3}, 20] (* _Eric W. Weisstein_, Sep 21 2017 *)	[2, 3, 5, 9, 17, 33, 65, 129, 257, 513, 1025, 2049, 4097, 8193, 16385, 32769, 65537, 131073, 262145, 524289, 1048577, 2097153, 4194305, 8388609, 16777217, 33554433, 67108865, 134217729, 268435457, 536870913, 1073741825, 2147483649, 4294967297, 8589934593]
A000056	a[ n_] := If[ n<1, 0, n Sum[ d^2 MoebiusMu[ n/d ], {d, Divisors @ n}]]; (* _Michael Somos_, Nov 15 2011 *)	[1, 6, 24, 48, 120, 144, 336, 384, 648, 720, 1320, 1152, 2184, 2016, 2880, 3072, 4896, 3888, 6840, 5760, 8064, 7920, 12144, 9216, 15000, 13104, 17496, 16128, 24360, 17280, 29760, 24576, 31680, 29376, 40320, 31104, 50616, 41040, 52416, 46080, 68880, 48384, 79464]
A000056	a[n_] := #.RotateLeft[#] & @ Sort[Mod[ Outer[Times, Range[n], Range[n]], n] // Flatten // Tally][[;; , 2]]	[1, 6, 24, 48, 120, 144, 336, 384, 648, 720, 1320, 1152, 2184, 2016, 2880, 3072, 4896, 3888, 6840, 5760, 8064, 7920, 12144, 9216, 15000, 13104, 17496, 16128, 24360, 17280, 29760, 24576, 31680, 29376, 40320, 31104, 50616, 41040, 52416, 46080, 68880, 48384, 79464]
A000058	a[0] = 2; a[n_] := a[n - 1]^2 - a[n - 1] + 1; Table[ a[ n ], {n, 0, 9} ]	[2, 3, 7, 43, 1807, 3263443, 10650056950807, 113423713055421844361000443, 12864938683278671740537145998360961546653259485195807]
A000058	NestList[#^2-#+1&,2,10] (* _Harvey P. Dale_, May 05 2013 *)	[2, 3, 7, 43, 1807, 3263443, 10650056950807, 113423713055421844361000443, 12864938683278671740537145998360961546653259485195807]
A000059	Select[Range[300], PrimeQ[(2 * #)^4 + 1] &] (* _Vladimir Joseph Stephan Orlovsky_, Jan 24 2012 *)	[1, 2, 3, 8, 10, 12, 14, 17, 23, 24, 27, 28, 37, 40, 41, 44, 45, 53, 59, 66, 70, 71, 77, 80, 82, 87, 90, 97, 99, 102, 105, 110, 114, 119, 121, 124, 127, 133, 136, 138, 139, 144, 148, 156, 160, 164, 167, 170, 176, 182, 187, 207, 215, 218, 221, 233, 236, 238, 244, 246]
A000062	Table[Floor[n/(E-2)],{n,100}] (* _Vladimir Joseph Stephan Orlovsky_, Jan 24 2012 *)	[1, 2, 4, 5, 6, 8, 9, 11, 12, 13, 15, 16, 18, 19, 20, 22, 23, 25, 26, 27, 29, 30, 32, 33, 34, 36, 37, 38, 40, 41, 43, 44, 45, 47, 48, 50, 51, 52, 54, 55, 57, 58, 59, 61, 62, 64, 65, 66, 68, 69, 71, 72, 73, 75, 76, 77, 79, 80, 82, 83, 84, 86, 87, 89, 90, 91, 93, 94, 96, 97, 98]
A000063	c[n_Integer] := CatalanNumber[n]; c[_] = 0; a[n_] := c[Floor[n/2]-1] - c[n/4-1] - c[n/6-1]; Array[a, 40, 5] (* _Jean-François Alcover_, Feb 03 2016, after _Joseph Myers_ *)	[1, 1, 2, 4, 5, 14, 14, 39, 42, 132, 132, 424, 429, 1428, 1430, 4848, 4862, 16796, 16796, 58739, 58786, 208012, 208012, 742768, 742900, 2674426, 2674440, 9694416, 9694845, 35357670, 35357670, 129643318, 129644790, 477638700, 477638700, 1767258328, 1767263190, 6564120288]
A000065	PartitionsP[Range[0,50]]-1 (* _Harvey P. Dale_, Aug 24 2013 *)	[0, 0, 1, 2, 4, 6, 10, 14, 21, 29, 41, 55, 76, 100, 134, 175, 230, 296, 384, 489, 626, 791, 1001, 1254, 1574, 1957, 2435, 3009, 3717, 4564, 5603, 6841, 8348, 10142, 12309, 14882, 17976, 21636, 26014, 31184, 37337, 44582, 53173, 63260, 75174, 89133, 105557, 124753]
A000068	Select[Range[10^2*2], PrimeQ[ #^4+1] &] (* _Vladimir Joseph Stephan Orlovsky_, May 01 2008 *)	[1, 2, 4, 6, 16, 20, 24, 28, 34, 46, 48, 54, 56, 74, 80, 82, 88, 90, 106, 118, 132, 140, 142, 154, 160, 164, 174, 180, 194, 198, 204, 210, 220, 228, 238, 242, 248, 254, 266, 272, 276, 278, 288, 296, 312, 320, 328, 334, 340, 352, 364, 374, 414, 430, 436, 442, 466]
A000069	Select[Range[300], OddQ[DigitCount[ #, 2][[1]]] &] (* _Stefan Steinerberger_, Mar 31 2006 *)	[1, 2, 4, 7, 8, 11, 13, 14, 16, 19, 21, 22, 25, 26, 28, 31, 32, 35, 37, 38, 41, 42, 44, 47, 49, 50, 52, 55, 56, 59, 61, 62, 64, 67, 69, 70, 73, 74, 76, 79, 81, 82, 84, 87, 88, 91, 93, 94, 97, 98, 100, 103, 104, 107, 109, 110, 112, 115, 117, 118, 121, 122, 124, 127, 128]
A000069	a[ n_] := If[ n < 1, 0, 2 n - 1 - Mod[ Total @ IntegerDigits[ n - 1, 2], 2]]; (* _Michael Somos_, Jun 01 2013 *)	[1, 2, 4, 7, 8, 11, 13, 14, 16, 19, 21, 22, 25, 26, 28, 31, 32, 35, 37, 38, 41, 42, 44, 47, 49, 50, 52, 55, 56, 59, 61, 62, 64, 67, 69, 70, 73, 74, 76, 79, 81, 82, 84, 87, 88, 91, 93, 94, 97, 98, 100, 103, 104, 107, 109, 110, 112, 115, 117, 118, 121, 122, 124, 127, 128]
A000073	a[0] = a[1] = 0; a[2] = 1; a[n_] := a[n] = a[n - 1] + a[n - 2] + a[n - 3]; Array[a, 36, 0] (* _Robert G. Wilson v_, Nov 07 2010 *)	[0, 0, 1, 1, 2, 4, 7, 13, 24, 44, 81, 149, 274, 504, 927, 1705, 3136, 5768, 10609, 19513, 35890, 66012, 121415, 223317, 410744, 755476, 1389537, 2555757, 4700770, 8646064, 15902591, 29249425, 53798080, 98950096, 181997601, 334745777, 615693474, 1132436852]
A000078	LinearRecurrence[{1,1,1,1}, {0,0,0,1}, 50]  (* _Vladimir Joseph Stephan Orlovsky_, May 25 2011 *)	[0, 0, 0, 1, 1, 2, 4, 8, 15, 29, 56, 108, 208, 401, 773, 1490, 2872, 5536, 10671, 20569, 39648, 76424, 147312, 283953, 547337, 1055026, 2033628, 3919944, 7555935, 14564533, 28074040, 54114452, 104308960, 201061985, 387559437, 747044834, 1439975216, 2775641472]
A000079	Table[2^n, {n, 0, 50}]	[1, 2, 4, 8, 16, 32, 64, 128, 256, 512, 1024, 2048, 4096, 8192, 16384, 32768, 65536, 131072, 262144, 524288, 1048576, 2097152, 4194304, 8388608, 16777216, 33554432, 67108864, 134217728, 268435456, 536870912, 1073741824, 2147483648, 4294967296, 8589934592]
A000079	2^Range[0, 50] (* _Wesley Ivan Hurt_, Jun 14 2014 *)	[1, 2, 4, 8, 16, 32, 64, 128, 256, 512, 1024, 2048, 4096, 8192, 16384, 32768, 65536, 131072, 262144, 524288, 1048576, 2097152, 4194304, 8388608, 16777216, 33554432, 67108864, 134217728, 268435456, 536870912, 1073741824, 2147483648, 4294967296, 8589934592]
A000079	CoefficientList[Series[1/(1 - 2 x), {x, 0, 20}], x] (* _Eric W. Weisstein_, Sep 21 2017 *)	[1, 2, 4, 8, 16, 32, 64, 128, 256, 512, 1024, 2048, 4096, 8192, 16384, 32768, 65536, 131072, 262144, 524288, 1048576, 2097152, 4194304, 8388608, 16777216, 33554432, 67108864, 134217728, 268435456, 536870912, 1073741824, 2147483648, 4294967296, 8589934592]
A000079	NestList[2# &, 1, 40] (* _Harvey P. Dale_, Oct 07 2019 *)	[1, 2, 4, 8, 16, 32, 64, 128, 256, 512, 1024, 2048, 4096, 8192, 16384, 32768, 65536, 131072, 262144, 524288, 1048576, 2097152, 4194304, 8388608, 16777216, 33554432, 67108864, 134217728, 268435456, 536870912, 1073741824, 2147483648, 4294967296, 8589934592]
A000082	f[p_, e_] := (p+1)*p^(2*e - 1); a[1] = 1; a[n_] := Times @@ (f @@@ FactorInteger[n]); Array[a, 100] (* _Amiram Eldar_, Jun 23 2020 *)	[1, 6, 12, 24, 30, 72, 56, 96, 108, 180, 132, 288, 182, 336, 360, 384, 306, 648, 380, 720, 672, 792, 552, 1152, 750, 1092, 972, 1344, 870, 2160, 992, 1536, 1584, 1836, 1680, 2592, 1406, 2280, 2184, 2880, 1722, 4032, 1892, 3168, 3240, 3312, 2256]
A000086	a[ n_] := If[ n < 1, 0, Length[ Select[ (#^2 - # + 1)/n & /@ Range[n], IntegerQ]]]; (* _Michael Somos_, Aug 14 2015 *)	[1, 0, 1, 0, 0, 0, 2, 0, 0, 0, 0, 0, 2, 0, 0, 0, 0, 0, 2, 0, 2, 0, 0, 0, 0, 0, 0, 0, 0, 0, 2, 0, 0, 0, 0, 0, 2, 0, 2, 0, 0, 0, 2, 0, 0, 0, 0, 0, 2, 0, 0, 0, 0, 0, 0, 0, 2, 0, 0, 0, 2, 0, 0, 0, 0, 0, 2, 0, 0, 0, 0, 0, 2, 0, 0, 0, 0, 0, 2, 0, 0, 0, 0, 0, 0, 0, 0, 0, 0, 0, 4, 0, 2, 0, 0, 0, 2, 0, 0, 0, 0, 0, 2, 0, 0]
A000087	q[n_] := If[EvenQ[n], 0, 2(n+1)Binomial[3(n+1)/2, (n+1)/2]/(3(3n-1)(3n+1)) ]; a[n_] := (1/(3n))((n+2)Binomial[3n, n]/((3n-2)(3n-1)) + Sum[EulerPhi[ n/k] Binomial[3k, k], {k, Divisors[n] // Most}]) + q[n]; Array[a, 30] (* _Jean-François Alcover_, Feb 04 2016, after _Valery A. Liskovets_ *)	[2, 1, 2, 4, 10, 37, 138, 628, 2972, 14903, 76994, 409594, 2222628, 12281570, 68864086, 391120036, 2246122574, 13025721601, 76194378042, 449155863868, 2666126033850, 15925105028685, 95664343622234, 577651490729530]
A000089	a[ n_] := If[ n < 1, 0, Length @ Select[ (#^2 + 1)/n & /@ Range[n], IntegerQ]]; (* _Michael Somos_, Aug 15 2015 *)	[1, 1, 0, 0, 2, 0, 0, 0, 0, 2, 0, 0, 2, 0, 0, 0, 2, 0, 0, 0, 0, 0, 0, 0, 2, 2, 0, 0, 2, 0, 0, 0, 0, 2, 0, 0, 2, 0, 0, 0, 2, 0, 0, 0, 0, 0, 0, 0, 0, 2, 0, 0, 2, 0, 0, 0, 0, 2, 0, 0, 2, 0, 0, 0, 4, 0, 0, 0, 0, 0, 0, 0, 2, 2, 0, 0, 0, 0, 0, 0, 0, 2, 0, 0, 4, 0, 0, 0, 2, 0, 0, 0, 0, 0, 0, 0, 2, 0, 0, 0, 2, 0, 0, 0, 0]
A000089	a[n_] := a[n] = Product[{p, e} = pe; Which[p<3 && e==1, 1, p==2 && e>1, 0, Mod[p, 4]==1, 2, Mod[p, 4]==3, 0, True, a[p^e]], {pe, FactorInteger[n]}]; Array[a, 105] (* _Jean-François Alcover_, Oct 18 2018, after _David W. Wilson_ *)	[1, 1, 0, 0, 2, 0, 0, 0, 0, 2, 0, 0, 2, 0, 0, 0, 2, 0, 0, 0, 0, 0, 0, 0, 2, 2, 0, 0, 2, 0, 0, 0, 0, 2, 0, 0, 2, 0, 0, 0, 2, 0, 0, 0, 0, 0, 0, 0, 0, 2, 0, 0, 2, 0, 0, 0, 0, 2, 0, 0, 2, 0, 0, 0, 4, 0, 0, 0, 0, 0, 0, 0, 2, 2, 0, 0, 0, 0, 0, 0, 0, 2, 0, 0, 4, 0, 0, 0, 2, 0, 0, 0, 0, 0, 0, 0, 2, 0, 0, 0, 2, 0, 0, 0, 0]
A000095	a[ n_] := If[ n < 1, 0, Times @@ (Which[# == 1, 1, # == 2, 2 Boole[#2 == 1], Mod[#, 4] == 1, 2, True, 0] & @@@ FactorInteger[n])]; (* _Michael Somos_, Nov 15 2015 *)	[1, 2, 0, 0, 2, 0, 0, 0, 0, 4, 0, 0, 2, 0, 0, 0, 2, 0, 0, 0, 0, 0, 0, 0, 2, 4, 0, 0, 2, 0, 0, 0, 0, 4, 0, 0, 2, 0, 0, 0, 2, 0, 0, 0, 0, 0, 0, 0, 0, 4, 0, 0, 2, 0, 0, 0, 0, 4, 0, 0, 2, 0, 0, 0, 4, 0, 0, 0, 0, 0, 0, 0, 2, 4, 0, 0, 0, 0, 0, 0, 0, 4, 0, 0, 4, 0, 0, 0, 2, 0, 0, 0, 0, 0, 0, 0, 2, 0, 0, 0, 2, 0, 0, 0, 0]
A000096	Table[n*(n+3)/2, {n, 0, 100}] (* _Vladimir Joseph Stephan Orlovsky_, Oct 25 2008 *)	[0, 2, 5, 9, 14, 20, 27, 35, 44, 54, 65, 77, 90, 104, 119, 135, 152, 170, 189, 209, 230, 252, 275, 299, 324, 350, 377, 405, 434, 464, 495, 527, 560, 594, 629, 665, 702, 740, 779, 819, 860, 902, 945, 989, 1034, 1080, 1127, 1175, 1224, 1274, 1325, 1377, 1430, 1484, 1539, 1595, 1652, 1710, 1769]
A000096	LinearRecurrence[{3,-3,1}, {0,2,5}, 60] (* _Harvey P. Dale_, Apr 30 2013 *)	[0, 2, 5, 9, 14, 20, 27, 35, 44, 54, 65, 77, 90, 104, 119, 135, 152, 170, 189, 209, 230, 252, 275, 299, 324, 350, 377, 405, 434, 464, 495, 527, 560, 594, 629, 665, 702, 740, 779, 819, 860, 902, 945, 989, 1034, 1080, 1127, 1175, 1224, 1274, 1325, 1377, 1430, 1484, 1539, 1595, 1652, 1710, 1769]
A000100	a[n_] := a[n] = a[n-1] + a[n-2] + a[n-3] + Fibonacci[n-2]; a[n_ /; n < 3] = 0; Table[a[n], {n, 0, 35}] (* _Jean-François Alcover_, Aug 03 2012, after _Gerald McGarvey_ *)	[0, 0, 0, 1, 2, 5, 11, 23, 47, 94, 185, 360, 694, 1328, 2526, 4781, 9012, 16929, 31709, 59247, 110469, 205606, 382087, 709108, 1314512, 2434364, 4504352, 8328253, 15388362, 28417385, 52451811, 96771787, 178473023, 329042890, 606466009, 1117506500]
A000100	LinearRecurrence[{2,1,-1,-2,-1},{0,0,0,1,2},40] (* _Harvey P. Dale_, Jul 22 2013 *)	[0, 0, 0, 1, 2, 5, 11, 23, 47, 94, 185, 360, 694, 1328, 2526, 4781, 9012, 16929, 31709, 59247, 110469, 205606, 382087, 709108, 1314512, 2434364, 4504352, 8328253, 15388362, 28417385, 52451811, 96771787, 178473023, 329042890, 606466009, 1117506500]
A000102	LinearRecurrence[{2,1,0,-2,-3,-2,-1},{0,0,0,0,1,2,5},40] (* _Harvey P. Dale_, Jul 01 2013 *)	[0, 0, 0, 0, 1, 2, 5, 12, 27, 59, 127, 269, 563, 1167, 2400, 4903, 9960, 20135, 40534, 81300, 162538, 324020, 644282, 1278152, 2530407, 5000178, 9863763, 19427976, 38211861, 75059535, 147263905, 288609341, 565047233, 1105229439, 2159947998]
A000108	Table[ CatalanNumber@ n, {n, 0, 24}] (* _Robert G. Wilson v_, Feb 15 2011 *)	[1, 1, 2, 5, 14, 42, 132, 429, 1430, 4862, 16796, 58786, 208012, 742900, 2674440, 9694845, 35357670, 129644790, 477638700, 1767263190, 6564120420, 24466267020, 91482563640, 343059613650, 1289904147324, 4861946401452, 18367353072152, 69533550916004, 263747951750360, 1002242216651368, 3814986502092304]
A000110	f[n_] := Sum[ StirlingS2[n, k], {k, 0, n}]; Table[ f[n], {n, 0, 40}] (* _Robert G. Wilson v_ *)	[1, 1, 2, 5, 15, 52, 203, 877, 4140, 21147, 115975, 678570, 4213597, 27644437, 190899322, 1382958545, 10480142147, 82864869804, 682076806159, 5832742205057, 51724158235372, 474869816156751, 4506715738447323, 44152005855084346, 445958869294805289, 4638590332229999353, 49631246523618756274]
A000110	Table[BellB[n], {n, 0, 40}] (* _Harvey P. Dale_, Mar 01 2011 *)	[1, 1, 2, 5, 15, 52, 203, 877, 4140, 21147, 115975, 678570, 4213597, 27644437, 190899322, 1382958545, 10480142147, 82864869804, 682076806159, 5832742205057, 51724158235372, 474869816156751, 4506715738447323, 44152005855084346, 445958869294805289, 4638590332229999353, 49631246523618756274]
A000110	BellB[Range[0,40]] (* _Eric W. Weisstein_, Aug 10 2017 *)	[1, 1, 2, 5, 15, 52, 203, 877, 4140, 21147, 115975, 678570, 4213597, 27644437, 190899322, 1382958545, 10480142147, 82864869804, 682076806159, 5832742205057, 51724158235372, 474869816156751, 4506715738447323, 44152005855084346, 445958869294805289, 4638590332229999353, 49631246523618756274]
A000111	a[n_] := If[EvenQ[n], Abs[EulerE[n]], Abs[(2^(n+1)*(2^(n+1)-1)*BernoulliB[n+1])/(n+1)]]; Table[a[n], {n, 0, 26}] (* _Jean-François Alcover_, Oct 09 2012, after C. Ronaldo *)	[1, 1, 1, 2, 5, 16, 61, 272, 1385, 7936, 50521, 353792, 2702765, 22368256, 199360981, 1903757312, 19391512145, 209865342976, 2404879675441, 29088885112832, 370371188237525, 4951498053124096, 69348874393137901, 1015423886506852352, 15514534163557086905, 246921480190207983616, 4087072509293123892361]
A000111	a[ n_] := If[ n < 0, 0, (2 I)^n If[ EvenQ[n], EulerE[n, 1/2], EulerE[n, 0] I]]; (* _Michael Somos_, Aug 15 2015 *)	[1, 1, 1, 2, 5, 16, 61, 272, 1385, 7936, 50521, 353792, 2702765, 22368256, 199360981, 1903757312, 19391512145, 209865342976, 2404879675441, 29088885112832, 370371188237525, 4951498053124096, 69348874393137901, 1015423886506852352, 15514534163557086905, 246921480190207983616, 4087072509293123892361]
A000113	psi[n_] := n*DivisorSum[n, MoebiusMu[#]^2/#&]; a[n_] := (i=IntegerExponent[ n, 2]; j=IntegerExponent[n, 3]; ip = If[i<6, Floor[i/2], 3]; jp = If[j<2, 0, 1]; psi[n]/(2^ip*3^jp)); Array[a, 60] (* _Jean-François Alcover_, Feb 04 2016 *)	[1, 3, 4, 3, 6, 12, 8, 6, 4, 18, 12, 12, 14, 24, 24, 6, 18, 12, 20, 18, 32, 36, 24, 24, 30, 42, 12, 24, 30, 72, 32, 12, 48, 54, 48, 12, 38, 60, 56, 36, 42, 96, 44, 36, 24, 72, 48, 24, 56, 90, 72, 42, 54, 36, 72, 48, 80, 90, 60, 72, 62, 96, 32, 12, 84, 144, 68]
A000113	a[ n_] := If[ n < 1, 0, n Sum[ MoebiusMu[d]^2/d, {d, Divisors @ n}] / (2^Min[3, Quotient[IntegerExponent[n, 2], 2]] 3^Boole[1 < IntegerExponent[n, 3]]) ]; (* _Michael Somos_, Jan 03 2017 *)	[1, 3, 4, 3, 6, 12, 8, 6, 4, 18, 12, 12, 14, 24, 24, 6, 18, 12, 20, 18, 32, 36, 24, 24, 30, 42, 12, 24, 30, 72, 32, 12, 48, 54, 48, 12, 38, 60, 56, 36, 42, 96, 44, 36, 24, 72, 48, 24, 56, 90, 72, 42, 54, 36, 72, 48, 80, 90, 60, 72, 62, 96, 32, 12, 84, 144, 68]
A000115	LinearRecurrence[{1,1,-1,0,1,-1,-1,1},{1,1,2,2,3,4,5,6},70] (* _Harvey P. Dale_, Sep 27 2019 *)	[1, 1, 2, 2, 3, 4, 5, 6, 7, 8, 10, 11, 13, 14, 16, 18, 20, 22, 24, 26, 29, 31, 34, 36, 39, 42, 45, 48, 51, 54, 58, 61, 65, 68, 72, 76, 80, 84, 88, 92, 97, 101, 106, 110, 115, 120, 125, 130, 135, 140, 146, 151, 157, 162, 168, 174, 180, 186, 192, 198, 205, 211, 218, 224, 231, 238]
A000118	Table[SquaresR[4, n], {n, 0, 46}]	[1, 8, 24, 32, 24, 48, 96, 64, 24, 104, 144, 96, 96, 112, 192, 192, 24, 144, 312, 160, 144, 256, 288, 192, 96, 248, 336, 320, 192, 240, 576, 256, 24, 384, 432, 384, 312, 304, 480, 448, 144, 336, 768, 352, 288, 624, 576, 384, 96, 456, 744, 576, 336, 432, 960, 576, 192]
A000118	a[ n_] := If[ n < 1, Boole[ n == 0], 8 Sum[ If[ Mod[ d, 4] > 0, d, 0], {d, Divisors @ n }]]; (* _Michael Somos_, Feb 20 2015 *)	[1, 8, 24, 32, 24, 48, 96, 64, 24, 104, 144, 96, 96, 112, 192, 192, 24, 144, 312, 160, 144, 256, 288, 192, 96, 248, 336, 320, 192, 240, 576, 256, 24, 384, 432, 384, 312, 304, 480, 448, 144, 336, 768, 352, 288, 624, 576, 384, 96, 456, 744, 576, 336, 432, 960, 576, 192]
A000120	Table[DigitCount[n, 2, 1], {n, 0, 105}]	[0, 1, 1, 2, 1, 2, 2, 3, 1, 2, 2, 3, 2, 3, 3, 4, 1, 2, 2, 3, 2, 3, 3, 4, 2, 3, 3, 4, 3, 4, 4, 5, 1, 2, 2, 3, 2, 3, 3, 4, 2, 3, 3, 4, 3, 4, 4, 5, 2, 3, 3, 4, 3, 4, 4, 5, 3, 4, 4, 5, 4, 5, 5, 6, 1, 2, 2, 3, 2, 3, 3, 4, 2, 3, 3, 4, 3, 4, 4, 5, 2, 3, 3, 4, 3, 4, 4, 5, 3, 4, 4, 5, 4, 5, 5, 6, 2, 3, 3, 4, 3, 4, 4, 5, 3]
A000120	Nest[Flatten[# /. # -> {#, # + 1}] &, {0}, 7] (* _Robert G. Wilson v_, Sep 27 2011 *)	[0, 1, 1, 2, 1, 2, 2, 3, 1, 2, 2, 3, 2, 3, 3, 4, 1, 2, 2, 3, 2, 3, 3, 4, 2, 3, 3, 4, 3, 4, 4, 5, 1, 2, 2, 3, 2, 3, 3, 4, 2, 3, 3, 4, 3, 4, 4, 5, 2, 3, 3, 4, 3, 4, 4, 5, 3, 4, 4, 5, 4, 5, 5, 6, 1, 2, 2, 3, 2, 3, 3, 4, 2, 3, 3, 4, 3, 4, 4, 5, 2, 3, 3, 4, 3, 4, 4, 5, 3, 4, 4, 5, 4, 5, 5, 6, 2, 3, 3, 4, 3, 4, 4, 5, 3]
A000120	Table[Plus @@ IntegerDigits[n, 2], {n, 0, 104}]	[0, 1, 1, 2, 1, 2, 2, 3, 1, 2, 2, 3, 2, 3, 3, 4, 1, 2, 2, 3, 2, 3, 3, 4, 2, 3, 3, 4, 3, 4, 4, 5, 1, 2, 2, 3, 2, 3, 3, 4, 2, 3, 3, 4, 3, 4, 4, 5, 2, 3, 3, 4, 3, 4, 4, 5, 3, 4, 4, 5, 4, 5, 5, 6, 1, 2, 2, 3, 2, 3, 3, 4, 2, 3, 3, 4, 3, 4, 4, 5, 2, 3, 3, 4, 3, 4, 4, 5, 3, 4, 4, 5, 4, 5, 5, 6, 2, 3, 3, 4, 3, 4, 4, 5, 3]
A000120	Nest[Join[#, # + 1] &, {0}, 7] (* _IWABUCHI Yu(u)ki_, Jul 19 2012 *)	[0, 1, 1, 2, 1, 2, 2, 3, 1, 2, 2, 3, 2, 3, 3, 4, 1, 2, 2, 3, 2, 3, 3, 4, 2, 3, 3, 4, 3, 4, 4, 5, 1, 2, 2, 3, 2, 3, 3, 4, 2, 3, 3, 4, 3, 4, 4, 5, 2, 3, 3, 4, 3, 4, 4, 5, 3, 4, 4, 5, 4, 5, 5, 6, 1, 2, 2, 3, 2, 3, 3, 4, 2, 3, 3, 4, 3, 4, 4, 5, 2, 3, 3, 4, 3, 4, 4, 5, 3, 4, 4, 5, 4, 5, 5, 6, 2, 3, 3, 4, 3, 4, 4, 5, 3]
A000123	a[0] = 1; a[n_] := a[n] = a[Floor[n/2]] + a[n-1]; Array[a,49,0] (* _Jean-François Alcover_, Apr 11 2011, after _M. F. Hasler_ *)	[1, 2, 4, 6, 10, 14, 20, 26, 36, 46, 60, 74, 94, 114, 140, 166, 202, 238, 284, 330, 390, 450, 524, 598, 692, 786, 900, 1014, 1154, 1294, 1460, 1626, 1828, 2030, 2268, 2506, 2790, 3074, 3404, 3734, 4124, 4514, 4964, 5414, 5938, 6462, 7060, 7658, 8350, 9042, 9828]
A000124	Table[PolygonalNumber[n] + 1, {n, 0, 52}] (* _Michael De Vlieger_, Jun 30 2016, Version 10.4 *)	[1, 2, 4, 7, 11, 16, 22, 29, 37, 46, 56, 67, 79, 92, 106, 121, 137, 154, 172, 191, 211, 232, 254, 277, 301, 326, 352, 379, 407, 436, 466, 497, 529, 562, 596, 631, 667, 704, 742, 781, 821, 862, 904, 947, 991, 1036, 1082, 1129, 1177, 1226, 1276, 1327, 1379]
A000124	LinearRecurrence[{3, -3, 1}, {1, 2, 4}, 53] (* _Jean-François Alcover_, Sep 23 2017 *)	[1, 2, 4, 7, 11, 16, 22, 29, 37, 46, 56, 67, 79, 92, 106, 121, 137, 154, 172, 191, 211, 232, 254, 277, 301, 326, 352, 379, 407, 436, 466, 497, 529, 562, 596, 631, 667, 704, 742, 781, 821, 862, 904, 947, 991, 1036, 1082, 1129, 1177, 1226, 1276, 1327, 1379]
A000125	Table[(n^3 + 5 n + 6)/6, {n, 0, 50}] (* _Harvey P. Dale_, Jan 19 2013 *)	[1, 2, 4, 8, 15, 26, 42, 64, 93, 130, 176, 232, 299, 378, 470, 576, 697, 834, 988, 1160, 1351, 1562, 1794, 2048, 2325, 2626, 2952, 3304, 3683, 4090, 4526, 4992, 5489, 6018, 6580, 7176, 7807, 8474, 9178, 9920, 10701, 11522, 12384, 13288, 14235, 15226]
A000125	LinearRecurrence[{4, -6, 4, -1}, {1, 2, 4, 8}, 50] (* _Harvey P. Dale_, Jan 19 2013 *)	[1, 2, 4, 8, 15, 26, 42, 64, 93, 130, 176, 232, 299, 378, 470, 576, 697, 834, 988, 1160, 1351, 1562, 1794, 2048, 2325, 2626, 2952, 3304, 3683, 4090, 4526, 4992, 5489, 6018, 6580, 7176, 7807, 8474, 9178, 9920, 10701, 11522, 12384, 13288, 14235, 15226]
A000125	Table[Binomial[n, 3] + n, {n, 20}] (* _Eric W. Weisstein_, Jul 21 2017 *)	[1, 2, 4, 8, 15, 26, 42, 64, 93, 130, 176, 232, 299, 378, 470, 576, 697, 834, 988, 1160, 1351, 1562, 1794, 2048, 2325, 2626, 2952, 3304, 3683, 4090, 4526, 4992, 5489, 6018, 6580, 7176, 7807, 8474, 9178, 9920, 10701, 11522, 12384, 13288, 14235, 15226]
A000127	f[n_] := Sum[Binomial[n, i], {i, 0, 4}]; Table[f@n, {n, 0, 40}] (* _Robert G. Wilson v_, Jun 29 2007 *)	[1, 2, 4, 8, 16, 31, 57, 99, 163, 256, 386, 562, 794, 1093, 1471, 1941, 2517, 3214, 4048, 5036, 6196, 7547, 9109, 10903, 12951, 15276, 17902, 20854, 24158, 27841, 31931, 36457, 41449, 46938, 52956, 59536, 66712, 74519, 82993, 92171, 102091, 112792, 124314, 136698]
A000127	Table[(n^4 - 6 n^3 + 23 n^2 - 18 n + 24) / 24, {n, 100}] (* _Vincenzo Librandi_, Feb 16 2015 *)	[1, 2, 4, 8, 16, 31, 57, 99, 163, 256, 386, 562, 794, 1093, 1471, 1941, 2517, 3214, 4048, 5036, 6196, 7547, 9109, 10903, 12951, 15276, 17902, 20854, 24158, 27841, 31931, 36457, 41449, 46938, 52956, 59536, 66712, 74519, 82993, 92171, 102091, 112792, 124314, 136698]
A000127	a[ n_] := Binomial[n, 4] + Binomial[n, 2] + 1; (* _Michael Somos_, Dec 23 2017 *)	[1, 2, 4, 8, 16, 31, 57, 99, 163, 256, 386, 562, 794, 1093, 1471, 1941, 2517, 3214, 4048, 5036, 6196, 7547, 9109, 10903, 12951, 15276, 17902, 20854, 24158, 27841, 31931, 36457, 41449, 46938, 52956, 59536, 66712, 74519, 82993, 92171, 102091, 112792, 124314, 136698]
A000128	LinearRecurrence[{4, -5, 1, 2, -1}, {1, 2, 4, 8, 16}, 40] (* _Jean-François Alcover_, Feb 04 2016 *)	[1, 2, 4, 8, 16, 31, 58, 105, 185, 319, 541, 906, 1503, 2476, 4058, 6626, 10790, 17537, 28464, 46155, 74791, 121137, 196139, 317508, 513901, 831686, 1345888, 2177900, 3524140, 5702419, 9226966, 14929821, 24157253, 39087571, 63245353, 102333486]
A000129	LinearRecurrence[{2, 1}, {0, 1}, 60] (* _Harvey P. Dale_, Jan 04 2012 *)	[0, 1, 2, 5, 12, 29, 70, 169, 408, 985, 2378, 5741, 13860, 33461, 80782, 195025, 470832, 1136689, 2744210, 6625109, 15994428, 38613965, 93222358, 225058681, 543339720, 1311738121, 3166815962, 7645370045, 18457556052, 44560482149, 107578520350, 259717522849]
A000129	Table[Fibonacci[n, 2], {n, 0, 20}] (* _Vladimir Reshetnikov_, May 08 2016 *)	[0, 1, 2, 5, 12, 29, 70, 169, 408, 985, 2378, 5741, 13860, 33461, 80782, 195025, 470832, 1136689, 2744210, 6625109, 15994428, 38613965, 93222358, 225058681, 543339720, 1311738121, 3166815962, 7645370045, 18457556052, 44560482149, 107578520350, 259717522849]
A000129	Fibonacci[Range[0, 20], 2] (* _Eric W. Weisstein_, Sep 30 2017 *)	[0, 1, 2, 5, 12, 29, 70, 169, 408, 985, 2378, 5741, 13860, 33461, 80782, 195025, 470832, 1136689, 2744210, 6625109, 15994428, 38613965, 93222358, 225058681, 543339720, 1311738121, 3166815962, 7645370045, 18457556052, 44560482149, 107578520350, 259717522849]
A000129	a[ n_] := ChebyshevU[n - 1, I] / I^(n - 1); (* _Michael Somos_, Oct 30 2021 *)	[0, 1, 2, 5, 12, 29, 70, 169, 408, 985, 2378, 5741, 13860, 33461, 80782, 195025, 470832, 1136689, 2744210, 6625109, 15994428, 38613965, 93222358, 225058681, 543339720, 1311738121, 3166815962, 7645370045, 18457556052, 44560482149, 107578520350, 259717522849]
A000133	Table[(2^(2^n)+(2^n-1)2^(2^(n-1)+1))/2^(n+1),{n,8}] (* _Harvey P. Dale_, Sep 04 2020 *)	[2, 5, 30, 2288, 67172352, 144115192303714304, 1329227995784915891206435945914040320, 226156424291633194186662080095093570364871077725232774230036394136943198208]
A000139	Table[(2(3n)!)/((2n+1)!(n+1)!),{n,0,30}] (* _Harvey P. Dale_, Mar 31 2013 *)	[2, 1, 2, 6, 22, 91, 408, 1938, 9614, 49335, 260130, 1402440, 7702632, 42975796, 243035536, 1390594458, 8038677054, 46892282815, 275750636070, 1633292229030, 9737153323590, 58392041019795, 352044769046880, 2132866978427640]
A000142	Table[Factorial[n], {n, 0, 20}] (* _Stefan Steinerberger_, Mar 30 2006 *)	[1, 1, 2, 6, 24, 120, 720, 5040, 40320, 362880, 3628800, 39916800, 479001600, 6227020800, 87178291200, 1307674368000, 20922789888000, 355687428096000, 6402373705728000, 121645100408832000, 2432902008176640000, 51090942171709440000, 1124000727777607680000]
A000142	FoldList[#1 #2 &, 1, Range@ 20] (* _Robert G. Wilson v_, May 07 2011 *)	[1, 1, 2, 6, 24, 120, 720, 5040, 40320, 362880, 3628800, 39916800, 479001600, 6227020800, 87178291200, 1307674368000, 20922789888000, 355687428096000, 6402373705728000, 121645100408832000, 2432902008176640000, 51090942171709440000, 1124000727777607680000]
A000142	Range[20]! (* _Harvey P. Dale_, Nov 19 2011 *)	[1, 1, 2, 6, 24, 120, 720, 5040, 40320, 362880, 3628800, 39916800, 479001600, 6227020800, 87178291200, 1307674368000, 20922789888000, 355687428096000, 6402373705728000, 121645100408832000, 2432902008176640000, 51090942171709440000, 1124000727777607680000]
A000143	Table[SquaresR[8, n], {n, 0, 33}] (* _Ray Chandler_, Dec 06 2006 *)	[1, 16, 112, 448, 1136, 2016, 3136, 5504, 9328, 12112, 14112, 21312, 31808, 35168, 38528, 56448, 74864, 78624, 84784, 109760, 143136, 154112, 149184, 194688, 261184, 252016, 246176, 327040, 390784, 390240, 395136, 476672, 599152, 596736, 550368, 693504, 859952]
A000143	SquaresR[8,Range[0,50]] (* _Harvey P. Dale_, Aug 26 2011 *)	[1, 16, 112, 448, 1136, 2016, 3136, 5504, 9328, 12112, 14112, 21312, 31808, 35168, 38528, 56448, 74864, 78624, 84784, 109760, 143136, 154112, 149184, 194688, 261184, 252016, 246176, 327040, 390784, 390240, 395136, 476672, 599152, 596736, 550368, 693504, 859952]
A000149	a[n_]:=Floor[E^n]; (* _Vladimir Joseph Stephan Orlovsky_, Dec 12 2008 *)	[1, 2, 7, 20, 54, 148, 403, 1096, 2980, 8103, 22026, 59874, 162754, 442413, 1202604, 3269017, 8886110, 24154952, 65659969, 178482300, 485165195, 1318815734, 3584912846, 9744803446, 26489122129, 72004899337, 195729609428, 532048240601, 1446257064291]
A000149	Floor[E^Range[0,30]] (* _Harvey P. Dale_, Apr 01 2012 *)	[1, 2, 7, 20, 54, 148, 403, 1096, 2980, 8103, 22026, 59874, 162754, 442413, 1202604, 3269017, 8886110, 24154952, 65659969, 178482300, 485165195, 1318815734, 3584912846, 9744803446, 26489122129, 72004899337, 195729609428, 532048240601, 1446257064291]
A000166	a[0] = 1; a[n_] := n*a[n - 1] + (-1)^n; a /@ Range[0, 21] (* _Robert G. Wilson v_ *)	[1, 0, 1, 2, 9, 44, 265, 1854, 14833, 133496, 1334961, 14684570, 176214841, 2290792932, 32071101049, 481066515734, 7697064251745, 130850092279664, 2355301661033953, 44750731559645106, 895014631192902121, 18795307255050944540, 413496759611120779881, 9510425471055777937262]
A000166	a[0] = 1; a[1] = 0; a[n_] := Round[n!/E] /; n >= 1 (* _Michael Taktikos_, May 26 2006 *)	[1, 0, 1, 2, 9, 44, 265, 1854, 14833, 133496, 1334961, 14684570, 176214841, 2290792932, 32071101049, 481066515734, 7697064251745, 130850092279664, 2355301661033953, 44750731559645106, 895014631192902121, 18795307255050944540, 413496759611120779881, 9510425471055777937262]
A000166	dr[{n_,a1_,a2_}]:={n+1,a2,n(a1+a2)}; Transpose[NestList[dr,{0,0,1},30]][[3]] (* _Harvey P. Dale_, Feb 23 2013 *)	[1, 0, 1, 2, 9, 44, 265, 1854, 14833, 133496, 1334961, 14684570, 176214841, 2290792932, 32071101049, 481066515734, 7697064251745, 130850092279664, 2355301661033953, 44750731559645106, 895014631192902121, 18795307255050944540, 413496759611120779881, 9510425471055777937262]
A000166	Table[Subfactorial[n], {n, 0, 21}] (* _Jean-François Alcover_, Jan 10 2014 *)	[1, 0, 1, 2, 9, 44, 265, 1854, 14833, 133496, 1334961, 14684570, 176214841, 2290792932, 32071101049, 481066515734, 7697064251745, 130850092279664, 2355301661033953, 44750731559645106, 895014631192902121, 18795307255050944540, 413496759611120779881, 9510425471055777937262]
A000166	Subfactorial[Range[0, 20]] (* _Eric W. Weisstein_, Dec 31 2017 *)	[1, 0, 1, 2, 9, 44, 265, 1854, 14833, 133496, 1334961, 14684570, 176214841, 2290792932, 32071101049, 481066515734, 7697064251745, 130850092279664, 2355301661033953, 44750731559645106, 895014631192902121, 18795307255050944540, 413496759611120779881, 9510425471055777937262]
A000166	nxt[{n_,a_}]:={n+1,a(n+1)+(-1)^(n+1)}; NestList[nxt,{0,1},25][[All,2]] (* _Harvey P. Dale_, Jun 01 2019 *)	[1, 0, 1, 2, 9, 44, 265, 1854, 14833, 133496, 1334961, 14684570, 176214841, 2290792932, 32071101049, 481066515734, 7697064251745, 130850092279664, 2355301661033953, 44750731559645106, 895014631192902121, 18795307255050944540, 413496759611120779881, 9510425471055777937262]
A000168	Table[(2*3^n*(2n)!)/(n!(n+2)!),{n,0,20}] (* _Harvey P. Dale_, Jul 25 2011 *)	[1, 2, 9, 54, 378, 2916, 24057, 208494, 1876446, 17399772, 165297834, 1602117468, 15792300756, 157923007560, 1598970451545, 16365932856990, 169114639522230, 1762352559231660, 18504701871932430, 195621134074714260, 2080697516976506220, 22254416920705240440, 239234981897581334730, 2583737804493878415084]
A000168	a[ n_] := If[ n < 0, 0, 2 3^n (2 n)!/(n! (n + 2)!)] (* _Michael Somos_, Nov 25 2013 *)	[1, 2, 9, 54, 378, 2916, 24057, 208494, 1876446, 17399772, 165297834, 1602117468, 15792300756, 157923007560, 1598970451545, 16365932856990, 169114639522230, 1762352559231660, 18504701871932430, 195621134074714260, 2080697516976506220, 22254416920705240440, 239234981897581334730, 2583737804493878415084]
A000169	Table[n^(n - 1), {n, 1, 20}] (* _Stefan Steinerberger_, Apr 01 2006 *)	[1, 2, 9, 64, 625, 7776, 117649, 2097152, 43046721, 1000000000, 25937424601, 743008370688, 23298085122481, 793714773254144, 29192926025390625, 1152921504606846976, 48661191875666868481, 2185911559738696531968, 104127350297911241532841, 5242880000000000000000000]
A000172	Table[Sum[Binomial[n,k]^3,{k,0,n}],{n,0,30}] (* _Harvey P. Dale_, Aug 24 2011 *)	[1, 2, 10, 56, 346, 2252, 15184, 104960, 739162, 5280932, 38165260, 278415920, 2046924400, 15148345760, 112738423360, 843126957056, 6332299624282, 47737325577620, 361077477684436, 2739270870994736, 20836827035351596, 158883473753259752, 1214171997616258240]
A000172	a[n_] := Sum[ Binomial[2k, n]*Binomial[2k, k]*Binomial[2(n-k), n-k], {k, 0, n}]/2^n; Table[a[n], {n, 0, 20}] (* _Jean-François Alcover_, Mar 20 2013, after _Zhi-Wei Sun_ *)	[1, 2, 10, 56, 346, 2252, 15184, 104960, 739162, 5280932, 38165260, 278415920, 2046924400, 15148345760, 112738423360, 843126957056, 6332299624282, 47737325577620, 361077477684436, 2739270870994736, 20836827035351596, 158883473753259752, 1214171997616258240]
A000178	a[0] := 1; a[1] := 1; a[n_] := n!*a[n - 1]; Table[a[n], {n, 1, 12}] (* _Stefan Steinerberger_, Mar 10 2006 *)	[1, 1, 2, 12, 288, 34560, 24883200, 125411328000, 5056584744960000, 1834933472251084800000, 6658606584104736522240000000, 265790267296391946810949632000000000, 127313963299399416749559771247411200000000000, 792786697595796795607377086400871488552960000000000000]
A000178	FoldList[Times,1,Range[20]!] (* _Harvey P. Dale_, Mar 25 2011 *)	[1, 1, 2, 12, 288, 34560, 24883200, 125411328000, 5056584744960000, 1834933472251084800000, 6658606584104736522240000000, 265790267296391946810949632000000000, 127313963299399416749559771247411200000000000, 792786697595796795607377086400871488552960000000000000]
A000180	a[n_] := 3^n n! Sum[(-1)^i/(3^i i!), {i, 0, n}]; Table[a[n], {n, 0, 20}] (* _Gerry Martens_ , May 06 2016 *)	[1, 2, 13, 116, 1393, 20894, 376093, 7897952, 189550849, 5117872922, 153536187661, 5066694192812, 182400990941233, 7113638646708086, 298772823161739613, 13444777042278282584, 645349298029357564033, 32912814199497235765682]
A000182	Table[ Sum[2^(2*n + 1 - k)*(-1)^(n + k + 1)*k!*StirlingS2[2*n + 1, k], {k, 1, 2*n + 1}], {n, 0, 7}] (* Victor Adamchik, Oct 05 2005 *)	[1, 2, 16, 272, 7936, 353792, 22368256, 1903757312, 209865342976, 29088885112832, 4951498053124096, 1015423886506852352, 246921480190207983616, 70251601603943959887872, 23119184187809597841473536, 8713962757125169296170811392, 3729407703720529571097509625856]
A000182	v[1] = 2; v[n_] /; n >= 2 := v[n] = Sum[ Binomial[2 n - 3, 2 k - 2] v[k] v[n - k], {k, n - 1}]; Table[ v[n]/2, {n, 15}] (* _Zerinvary Lajos_, Jul 08 2009 *)	[1, 2, 16, 272, 7936, 353792, 22368256, 1903757312, 209865342976, 29088885112832, 4951498053124096, 1015423886506852352, 246921480190207983616, 70251601603943959887872, 23119184187809597841473536, 8713962757125169296170811392, 3729407703720529571097509625856]
A000182	a[ n_] := If[ n < 1, 0, ((-16)^n - (-4)^n) Zeta[1 - 2 n]]; (* _Michael Somos_, Mar 12 2015 *)	[1, 2, 16, 272, 7936, 353792, 22368256, 1903757312, 209865342976, 29088885112832, 4951498053124096, 1015423886506852352, 246921480190207983616, 70251601603943959887872, 23119184187809597841473536, 8713962757125169296170811392, 3729407703720529571097509625856]
A000182	Table[2 PolyGamma[2n - 1, 1/2]/Pi^(2n), {n, 1, 10}] (* _Vladimir Reshetnikov_, Oct 18 2015 *)	[1, 2, 16, 272, 7936, 353792, 22368256, 1903757312, 209865342976, 29088885112832, 4951498053124096, 1015423886506852352, 246921480190207983616, 70251601603943959887872, 23119184187809597841473536, 8713962757125169296170811392, 3729407703720529571097509625856]
A000182	a[ n_] := a[n] = If[ n < 2, Boole[n == 1], Sum[Binomial[2 n - 2, 2 k - 1] a[k] a[n - k], {k, n - 1}]]; (* _Michael Somos_, Aug 02 2018 *)	[1, 2, 16, 272, 7936, 353792, 22368256, 1903757312, 209865342976, 29088885112832, 4951498053124096, 1015423886506852352, 246921480190207983616, 70251601603943959887872, 23119184187809597841473536, 8713962757125169296170811392, 3729407703720529571097509625856]
A000182	a[n_] := (2^(2*n)*(2^(2*n) - 1)*Abs[BernoulliB[2*n]])/(2*n); a /@  Range[20]  (* _Stan Wagon_, Nov 21 2022 *)	[1, 2, 16, 272, 7936, 353792, 22368256, 1903757312, 209865342976, 29088885112832, 4951498053124096, 1015423886506852352, 246921480190207983616, 70251601603943959887872, 23119184187809597841473536, 8713962757125169296170811392, 3729407703720529571097509625856]
A000188	a[n_] := With[{d = Divisors[n]}, Max[GCD[d, Reverse[d]]]] (* _Mamuka Jibladze_, Feb 15 2015 *)	[1, 1, 1, 2, 1, 1, 1, 2, 3, 1, 1, 2, 1, 1, 1, 4, 1, 3, 1, 2, 1, 1, 1, 2, 5, 1, 3, 2, 1, 1, 1, 4, 1, 1, 1, 6, 1, 1, 1, 2, 1, 1, 1, 2, 3, 1, 1, 4, 7, 5, 1, 2, 1, 3, 1, 2, 1, 1, 1, 2, 1, 1, 3, 8, 1, 1, 1, 2, 1, 1, 1, 6, 1, 1, 5, 2, 1, 1, 1, 4, 9, 1, 1, 2, 1, 1, 1, 2, 1, 3]
A000188	f[p_, e_] := p^Floor[e/2]; a[1] = 1; a[n_] := Times @@ f @@@ FactorInteger[n]; Array[a, 100] (* _Amiram Eldar_, Sep 18 2020 *)	[1, 1, 1, 2, 1, 1, 1, 2, 3, 1, 1, 2, 1, 1, 1, 4, 1, 3, 1, 2, 1, 1, 1, 2, 5, 1, 3, 2, 1, 1, 1, 4, 1, 1, 1, 6, 1, 1, 1, 2, 1, 1, 1, 2, 3, 1, 1, 4, 7, 5, 1, 2, 1, 3, 1, 2, 1, 1, 1, 2, 1, 1, 3, 8, 1, 1, 1, 2, 1, 1, 1, 6, 1, 1, 5, 2, 1, 1, 1, 4, 9, 1, 1, 2, 1, 1, 1, 2, 1, 3]
A000189	f[p_, e_] := p^Floor[2*e/3]; a[1] = 1; a[n_] := Times @@ f @@@ FactorInteger[n]; Array[a, 100] (* _Amiram Eldar_, Sep 19 2020 *)	[1, 1, 1, 2, 1, 1, 1, 4, 3, 1, 1, 2, 1, 1, 1, 4, 1, 3, 1, 2, 1, 1, 1, 4, 5, 1, 9, 2, 1, 1, 1, 8, 1, 1, 1, 6, 1, 1, 1, 4, 1, 1, 1, 2, 3, 1, 1, 4, 7, 5, 1, 2, 1, 9, 1, 4, 1, 1, 1, 2, 1, 1, 3, 16, 1, 1, 1, 2, 1, 1, 1, 12, 1, 1, 5, 2, 1, 1, 1, 4, 9, 1, 1, 2, 1, 1, 1, 4, 1, 3]
A000190	f[p_, e_] := p^Floor[3*e/4]; a[1] = 1; a[n_] := Times @@ f @@@ FactorInteger[n]; Array[a, 100] (* _Amiram Eldar_, Sep 19 2020 *)	[1, 1, 1, 2, 1, 1, 1, 4, 3, 1, 1, 2, 1, 1, 1, 8, 1, 3, 1, 2, 1, 1, 1, 4, 5, 1, 9, 2, 1, 1, 1, 8, 1, 1, 1, 6, 1, 1, 1, 4, 1, 1, 1, 2, 3, 1, 1, 8, 7, 5, 1, 2, 1, 9, 1, 4, 1, 1, 1, 2, 1, 1, 3, 16, 1, 1, 1, 2, 1, 1, 1, 12, 1, 1, 5, 2, 1, 1, 1, 8, 27, 1, 1, 2, 1, 1, 1, 4, 1, 3]
A000194	Flatten[Table[PadRight[{}, 2 n, n], {n, 10}]] (* _Harvey P. Dale_, Nov 16 2011 *)	[0, 1, 1, 2, 2, 2, 2, 3, 3, 3, 3, 3, 3, 4, 4, 4, 4, 4, 4, 4, 4, 5, 5, 5, 5, 5, 5, 5, 5, 5, 5, 6, 6, 6, 6, 6, 6, 6, 6, 6, 6, 6, 6, 7, 7, 7, 7, 7, 7, 7, 7, 7, 7, 7, 7, 7, 7, 8, 8, 8, 8, 8, 8, 8, 8, 8, 8, 8, 8, 8, 8, 8, 8, 9, 9, 9, 9, 9, 9, 9, 9, 9, 9, 9, 9, 9, 9, 9, 9, 9, 9, 10, 10, 10, 10, 10, 10, 10, 10]
A000195	Floor@ Log@ Range@ 105 (* _Michael De Vlieger_, Aug 21 2017 *)	[0, 0, 1, 1, 1, 1, 1, 2, 2, 2, 2, 2, 2, 2, 2, 2, 2, 2, 2, 2, 3, 3, 3, 3, 3, 3, 3, 3, 3, 3, 3, 3, 3, 3, 3, 3, 3, 3, 3, 3, 3, 3, 3, 3, 3, 3, 3, 3, 3, 3, 3, 3, 3, 3, 4, 4, 4, 4, 4, 4, 4, 4, 4, 4, 4, 4, 4, 4, 4, 4, 4, 4, 4, 4, 4, 4, 4, 4, 4, 4, 4, 4, 4, 4]
A000196	Table[n, {n, 0, 20}, {2n + 1}] //Flatten (* _Zak Seidov_ Mar 19 2011 *)	[0, 1, 1, 1, 2, 2, 2, 2, 2, 3, 3, 3, 3, 3, 3, 3, 4, 4, 4, 4, 4, 4, 4, 4, 4, 5, 5, 5, 5, 5, 5, 5, 5, 5, 5, 5, 6, 6, 6, 6, 6, 6, 6, 6, 6, 6, 6, 6, 6, 7, 7, 7, 7, 7, 7, 7, 7, 7, 7, 7, 7, 7, 7, 7, 8, 8, 8, 8, 8, 8, 8, 8, 8, 8, 8, 8, 8, 8, 8, 8, 8, 9, 9, 9, 9, 9, 9, 9, 9, 9, 9, 9, 9, 9, 9, 9, 9, 9, 9, 9, 10, 10]
A000196	IntegerPart[Sqrt[Range[0, 110]]] (* _Harvey P. Dale_, May 23 2012 *)	[0, 1, 1, 1, 2, 2, 2, 2, 2, 3, 3, 3, 3, 3, 3, 3, 4, 4, 4, 4, 4, 4, 4, 4, 4, 5, 5, 5, 5, 5, 5, 5, 5, 5, 5, 5, 6, 6, 6, 6, 6, 6, 6, 6, 6, 6, 6, 6, 6, 7, 7, 7, 7, 7, 7, 7, 7, 7, 7, 7, 7, 7, 7, 7, 8, 8, 8, 8, 8, 8, 8, 8, 8, 8, 8, 8, 8, 8, 8, 8, 8, 9, 9, 9, 9, 9, 9, 9, 9, 9, 9, 9, 9, 9, 9, 9, 9, 9, 9, 9, 10, 10]
A000196	Floor[Sqrt[Range[0, 99]]] (* _Alonso del Arte_, Dec 31 2013 *)	[0, 1, 1, 1, 2, 2, 2, 2, 2, 3, 3, 3, 3, 3, 3, 3, 4, 4, 4, 4, 4, 4, 4, 4, 4, 5, 5, 5, 5, 5, 5, 5, 5, 5, 5, 5, 6, 6, 6, 6, 6, 6, 6, 6, 6, 6, 6, 6, 6, 7, 7, 7, 7, 7, 7, 7, 7, 7, 7, 7, 7, 7, 7, 7, 8, 8, 8, 8, 8, 8, 8, 8, 8, 8, 8, 8, 8, 8, 8, 8, 8, 9, 9, 9, 9, 9, 9, 9, 9, 9, 9, 9, 9, 9, 9, 9, 9, 9, 9, 9, 10, 10]
A000201	Table[Floor[N[n*(1+Sqrt[5])/2]], {n, 1, 75}]	[1, 3, 4, 6, 8, 9, 11, 12, 14, 16, 17, 19, 21, 22, 24, 25, 27, 29, 30, 32, 33, 35, 37, 38, 40, 42, 43, 45, 46, 48, 50, 51, 53, 55, 56, 58, 59, 61, 63, 64, 66, 67, 69, 71, 72, 74, 76, 77, 79, 80, 82, 84, 85, 87, 88, 90, 92, 93, 95, 97, 98, 100, 101, 103, 105, 106, 108, 110]
A000201	Array[ Floor[ #*GoldenRatio] &, 68] (* _Robert G. Wilson v_, Apr 17 2010 *)	[1, 3, 4, 6, 8, 9, 11, 12, 14, 16, 17, 19, 21, 22, 24, 25, 27, 29, 30, 32, 33, 35, 37, 38, 40, 42, 43, 45, 46, 48, 50, 51, 53, 55, 56, 58, 59, 61, 63, 64, 66, 67, 69, 71, 72, 74, 76, 77, 79, 80, 82, 84, 85, 87, 88, 90, 92, 93, 95, 97, 98, 100, 101, 103, 105, 106, 108, 110]
A000202	Set[#, {1, 3, 4, 6, 8, 9, 11, 12}] &@ Map[a[#] &, Range[0, 7]]; a[n_] := a[n] = 13 #1 + a[#2] & @@ QuotientRemainder[n, 8]; Array[a, 68, 0] (* _Michael De Vlieger_, Sep 08 2017 *)	[1, 3, 4, 6, 8, 9, 11, 12, 14, 16, 17, 19, 21, 22, 24, 25, 27, 29, 30, 32, 34, 35, 37, 38, 40, 42, 43, 45, 47, 48, 50, 51, 53, 55, 56, 58, 60, 61, 63, 64, 66, 68, 69, 71, 73, 74, 76, 77, 79, 81, 82, 84, 86, 87, 89, 90, 92, 94, 95, 97, 99, 100, 102, 103, 105, 107, 108, 110]
A000203	Table[ DivisorSigma[1, n], {n, 100}]	[1, 3, 4, 7, 6, 12, 8, 15, 13, 18, 12, 28, 14, 24, 24, 31, 18, 39, 20, 42, 32, 36, 24, 60, 31, 42, 40, 56, 30, 72, 32, 63, 48, 54, 48, 91, 38, 60, 56, 90, 42, 96, 44, 84, 78, 72, 48, 124, 57, 93, 72, 98, 54, 120, 72, 120, 80, 90, 60, 168, 62, 96, 104, 127, 84, 144, 68, 126, 96, 144]
A000204	Table[LucasL[n, 1], {n, 36}] (* _Zerinvary Lajos_, Jul 09 2009 *)	[1, 3, 4, 7, 11, 18, 29, 47, 76, 123, 199, 322, 521, 843, 1364, 2207, 3571, 5778, 9349, 15127, 24476, 39603, 64079, 103682, 167761, 271443, 439204, 710647, 1149851, 1860498, 3010349, 4870847, 7881196, 12752043, 20633239, 33385282, 54018521, 87403803, 141422324]
A000204	LinearRecurrence[{1, 1},{1, 3}, 50] (* _Sture Sjöstedt_, Nov 28 2011 *)	[1, 3, 4, 7, 11, 18, 29, 47, 76, 123, 199, 322, 521, 843, 1364, 2207, 3571, 5778, 9349, 15127, 24476, 39603, 64079, 103682, 167761, 271443, 439204, 710647, 1149851, 1860498, 3010349, 4870847, 7881196, 12752043, 20633239, 33385282, 54018521, 87403803, 141422324]
A000207	p=3; Table[(Binomial[(p-1)n, n]/(((p-2)n+1)((p-2)n+2)) + If[OddQ[n], If[OddQ[p], Binomial[(p-1)n/2, (n-1)/2]/n, (p+1)Binomial[((p-1)n-1)/2, (n-1)/2]/((p-2)n+2)], 3Binomial[(p-1)n/2, n/2]/((p-2)n+2)]+Plus @@ Map[EulerPhi[ # ]Binomial[((p-1)n+1)/#, (n-1)/# ]/((p-1)n+1)&, Complement[Divisors[GCD[p, n-1]], {1, 2}]])/2, {n, 1, 20}] (* _Robert A. Russell_, Dec 11 2004 *)	[1, 1, 1, 3, 4, 12, 27, 82, 228, 733, 2282, 7528, 24834, 83898, 285357, 983244, 3412420, 11944614, 42080170, 149197152, 531883768, 1905930975, 6861221666, 24806004996, 90036148954, 327989004892, 1198854697588, 4395801203290, 16165198379984, 59609171366326, 220373278174641]
A000207	a[n_] := (CatalanNumber[n]/(n+2) + CatalanNumber[ Quotient[n, 2]] *((1 + Mod[n-1, 2]/2)))/2 + If[Mod[n, 3] == 1, CatalanNumber[ Quotient[n-1, 3]]/3, 0] ; Table[a[n], {n, 1, 28}] (* _Jean-François Alcover_, Sep 08 2011, after PARI *)	[1, 1, 1, 3, 4, 12, 27, 82, 228, 733, 2282, 7528, 24834, 83898, 285357, 983244, 3412420, 11944614, 42080170, 149197152, 531883768, 1905930975, 6861221666, 24806004996, 90036148954, 327989004892, 1198854697588, 4395801203290, 16165198379984, 59609171366326, 220373278174641]
A000209	Round[Tan[Range[0,90]]] (* _Harvey P. Dale_, Aug 26 2013 *)	[0, 2, -2, 0, 1, -3, 0, 1, -7, 0, 1, -226, -1, 0, 7, -1, 0, 3, -1, 0, 2, -2, 0, 2, -2, 0, 1, -3, 0, 1, -6, 0, 1, -75, -1, 0, 8, -1, 0, 4, -1, 0, 2, -1, 0, 2, -2, 0, 1, -3, 0, 1, -6, 0, 1, -45, -1, 0, 8, -1, 0, 4, -1, 0, 2, -1, 0, 2, -2, 0, 1, -3, 0, 1, -6, 0, 1, -32, -1, 0, 9, -1]
A000211	Transpose[NestList[{Last[#],First[#]+Last[#]-2}&,{4,3},40]] [[1]]  (* _Harvey P. Dale_, Mar 22 2011 *)	[4, 3, 5, 6, 9, 13, 20, 31, 49, 78, 125, 201, 324, 523, 845, 1366, 2209, 3573, 5780, 9351, 15129, 24478, 39605, 64081, 103684, 167763, 271445, 439206, 710649, 1149853, 1860500, 3010351, 4870849, 7881198]
A000211	Table[LucasL[n] + 2, {n, 0, 40}] (* _Jean-François Alcover_, Jul 30 2015 *)	[4, 3, 5, 6, 9, 13, 20, 31, 49, 78, 125, 201, 324, 523, 845, 1366, 2209, 3573, 5780, 9351, 15129, 24478, 39605, 64081, 103684, 167763, 271445, 439206, 710649, 1149853, 1860500, 3010351, 4870849, 7881198]
A000211	LinearRecurrence[{2, 0, -1}, {4, 3, 5}, 40] (* _Jean-François Alcover_, Mar 15 2020 *)	[4, 3, 5, 6, 9, 13, 20, 31, 49, 78, 125, 201, 324, 523, 845, 1366, 2209, 3573, 5780, 9351, 15129, 24478, 39605, 64081, 103684, 167763, 271445, 439206, 710649, 1149853, 1860500, 3010351, 4870849, 7881198]
A000212	Table[Quotient[n^2, 3], {n, 0, 59}] (* _Michael Somos_, Jan 22 2014 *)	[0, 0, 1, 3, 5, 8, 12, 16, 21, 27, 33, 40, 48, 56, 65, 75, 85, 96, 108, 120, 133, 147, 161, 176, 192, 208, 225, 243, 261, 280, 300, 320, 341, 363, 385, 408, 432, 456, 481, 507, 533, 560, 588, 616, 645, 675, 705, 736, 768, 800, 833, 867, 901, 936]
A000213	LinearRecurrence[{1, 1, 1}, {1, 1, 1}, 45] (* _Harvey P. Dale_, May 23 2011 *)	[1, 1, 1, 3, 5, 9, 17, 31, 57, 105, 193, 355, 653, 1201, 2209, 4063, 7473, 13745, 25281, 46499, 85525, 157305, 289329, 532159, 978793, 1800281, 3311233, 6090307, 11201821, 20603361, 37895489, 69700671, 128199521, 235795681, 433695873, 797691075, 1467182629]
A000215	Table[2^(2^n) + 1, {n, 0, 8}] (* _Alonso del Arte_, Jun 07 2011 *)	[3, 5, 17, 257, 65537, 4294967297, 18446744073709551617, 340282366920938463463374607431768211457, 115792089237316195423570985008687907853269984665640564039457584007913129639937]
A000216	NestList[Total[IntegerDigits[#]^2]&, 2, 80] (* _Vincenzo Librandi_, Jan 29 2013 *)	[2, 4, 16, 37, 58, 89, 145, 42, 20, 4, 16, 37, 58, 89, 145, 42, 20, 4, 16, 37, 58, 89, 145, 42, 20, 4, 16, 37, 58, 89, 145, 42, 20, 4, 16, 37, 58, 89, 145, 42, 20, 4, 16, 37, 58, 89, 145, 42, 20, 4, 16, 37, 58, 89, 145, 42, 20, 4, 16, 37, 58, 89, 145, 42, 20, 4, 16, 37]
A000217	Array[ #*(# - 1)/2 &, 54] (* _Zerinvary Lajos_, Jul 10 2009 *)	[0, 1, 3, 6, 10, 15, 21, 28, 36, 45, 55, 66, 78, 91, 105, 120, 136, 153, 171, 190, 210, 231, 253, 276, 300, 325, 351, 378, 406, 435, 465, 496, 528, 561, 595, 630, 666, 703, 741, 780, 820, 861, 903, 946, 990, 1035, 1081, 1128, 1176, 1225, 1275, 1326, 1378, 1431]
A000217	(* For Mathematica 10.4+ *) Table[PolygonalNumber[n], {n, 0, 53}] (* _Arkadiusz Wesolowski_, Aug 27 2016 *)	[0, 1, 3, 6, 10, 15, 21, 28, 36, 45, 55, 66, 78, 91, 105, 120, 136, 153, 171, 190, 210, 231, 253, 276, 300, 325, 351, 378, 406, 435, 465, 496, 528, 561, 595, 630, 666, 703, 741, 780, 820, 861, 903, 946, 990, 1035, 1081, 1128, 1176, 1225, 1275, 1326, 1378, 1431]
A000217	LinearRecurrence[{3, -3, 1}, {0, 1, 3}, 54] (* _Robert G. Wilson v_, Dec 04 2016 *)	[0, 1, 3, 6, 10, 15, 21, 28, 36, 45, 55, 66, 78, 91, 105, 120, 136, 153, 171, 190, 210, 231, 253, 276, 300, 325, 351, 378, 406, 435, 465, 496, 528, 561, 595, 630, 666, 703, 741, 780, 820, 861, 903, 946, 990, 1035, 1081, 1128, 1176, 1225, 1275, 1326, 1378, 1431]
A000225	a[n_] := 2^n - 1; Table[a[n], {n, 0, 30}] (* _Stefan Steinerberger_, Mar 30 2006 *)	[0, 1, 3, 7, 15, 31, 63, 127, 255, 511, 1023, 2047, 4095, 8191, 16383, 32767, 65535, 131071, 262143, 524287, 1048575, 2097151, 4194303, 8388607, 16777215, 33554431, 67108863, 134217727, 268435455, 536870911, 1073741823, 2147483647, 4294967295, 8589934591]
A000225	Array[2^# - 1 &, 50, 0] (* Joseph Biberstine (jrbibers(AT)indiana.edu), Dec 26 2006 *)	[0, 1, 3, 7, 15, 31, 63, 127, 255, 511, 1023, 2047, 4095, 8191, 16383, 32767, 65535, 131071, 262143, 524287, 1048575, 2097151, 4194303, 8388607, 16777215, 33554431, 67108863, 134217727, 268435455, 536870911, 1073741823, 2147483647, 4294967295, 8589934591]
A000225	NestList[2 # + 1 &, 0, 32] (* _Robert G. Wilson v_, Feb 28 2011 *)	[0, 1, 3, 7, 15, 31, 63, 127, 255, 511, 1023, 2047, 4095, 8191, 16383, 32767, 65535, 131071, 262143, 524287, 1048575, 2097151, 4194303, 8388607, 16777215, 33554431, 67108863, 134217727, 268435455, 536870911, 1073741823, 2147483647, 4294967295, 8589934591]
A000225	2^Range[0, 20] - 1 (* _Eric W. Weisstein_, Jul 17 2017 *)	[0, 1, 3, 7, 15, 31, 63, 127, 255, 511, 1023, 2047, 4095, 8191, 16383, 32767, 65535, 131071, 262143, 524287, 1048575, 2097151, 4194303, 8388607, 16777215, 33554431, 67108863, 134217727, 268435455, 536870911, 1073741823, 2147483647, 4294967295, 8589934591]
A000225	LinearRecurrence[{3, -2}, {1, 3}, 20] (* _Eric W. Weisstein_, Sep 21 2017 *)	[0, 1, 3, 7, 15, 31, 63, 127, 255, 511, 1023, 2047, 4095, 8191, 16383, 32767, 65535, 131071, 262143, 524287, 1048575, 2097151, 4194303, 8388607, 16777215, 33554431, 67108863, 134217727, 268435455, 536870911, 1073741823, 2147483647, 4294967295, 8589934591]
A000227	Table[ Round[ N[E^n] ], {n, 0, 30} ]	[1, 3, 7, 20, 55, 148, 403, 1097, 2981, 8103, 22026, 59874, 162755, 442413, 1202604, 3269017, 8886111, 24154953, 65659969, 178482301, 485165195, 1318815734, 3584912846, 9744803446, 26489122130, 72004899337, 195729609429, 532048240602, 1446257064291, 3931334297144, 10686474581524]
A000231	Table[(2^(2^n)+(2^n-1)*2^(2^(n-1)))/2^n,{n,10}] (* _Harvey P. Dale_, Jun 21 2011 *)	[2, 3, 7, 46, 4336, 134281216, 288230380379570176, 2658455991569831764110243006194384896, 452312848583266388373324160190187140390789016525312000869601987902398529536]
A000240	Table[Subfactorial[n]-(-1)^n, {n, 1, 25}] (* _Zerinvary Lajos_, Jul 10 2009, updated for offset 1 by _Jean-François Alcover_, Jan 10 2014 *)	[1, 0, 3, 8, 45, 264, 1855, 14832, 133497, 1334960, 14684571, 176214840, 2290792933, 32071101048, 481066515735, 7697064251744, 130850092279665, 2355301661033952, 44750731559645107, 895014631192902120, 18795307255050944541, 413496759611120779880]
A000244	Table[3^n, {n, 0, 30}] (* _Stefan Steinerberger_, Apr 01 2006 *)	[1, 3, 9, 27, 81, 243, 729, 2187, 6561, 19683, 59049, 177147, 531441, 1594323, 4782969, 14348907, 43046721, 129140163, 387420489, 1162261467, 3486784401, 10460353203, 31381059609, 94143178827, 282429536481, 847288609443, 2541865828329, 7625597484987]
A000244	3^Range[0, 30] (* _Wesley Ivan Hurt_, Jul 04 2014 *)	[1, 3, 9, 27, 81, 243, 729, 2187, 6561, 19683, 59049, 177147, 531441, 1594323, 4782969, 14348907, 43046721, 129140163, 387420489, 1162261467, 3486784401, 10460353203, 31381059609, 94143178827, 282429536481, 847288609443, 2541865828329, 7625597484987]
A000244	LinearRecurrence[{3}, {1}, 20] (* _Eric W. Weisstein_, Sep 21 2017 *)	[1, 3, 9, 27, 81, 243, 729, 2187, 6561, 19683, 59049, 177147, 531441, 1594323, 4782969, 14348907, 43046721, 129140163, 387420489, 1162261467, 3486784401, 10460353203, 31381059609, 94143178827, 282429536481, 847288609443, 2541865828329, 7625597484987]
A000244	CoefficientList[Series[1/(1 - 3 x), {x, 0, 20}], x] (* _Eric W. Weisstein_, Sep 21 2017 *)	[1, 3, 9, 27, 81, 243, 729, 2187, 6561, 19683, 59049, 177147, 531441, 1594323, 4782969, 14348907, 43046721, 129140163, 387420489, 1162261467, 3486784401, 10460353203, 31381059609, 94143178827, 282429536481, 847288609443, 2541865828329, 7625597484987]
A000244	NestList[3#&,1,30] (* _Harvey P. Dale_, Feb 20 2020 *)	[1, 3, 9, 27, 81, 243, 729, 2187, 6561, 19683, 59049, 177147, 531441, 1594323, 4782969, 14348907, 43046721, 129140163, 387420489, 1162261467, 3486784401, 10460353203, 31381059609, 94143178827, 282429536481, 847288609443, 2541865828329, 7625597484987]
A000246	a[n_] := a[n] = a[n-1]*(n+Mod[n, 2]-1); a[0] = 1; Table[a[n], {n, 0, 20}] (* _Jean-François Alcover_, Nov 21 2011, after Pari *)	[1, 1, 1, 3, 9, 45, 225, 1575, 11025, 99225, 893025, 9823275, 108056025, 1404728325, 18261468225, 273922023375, 4108830350625, 69850115960625, 1187451971330625, 22561587455281875, 428670161650355625, 9002073394657468125, 189043541287806830625]
A000247	LinearRecurrence[{4,-5,2}, {0,3,10}, 40] (* _Harvey P. Dale_, Aug 23 2011 *)	[0, 3, 10, 25, 56, 119, 246, 501, 1012, 2035, 4082, 8177, 16368, 32751, 65518, 131053, 262124, 524267, 1048554, 2097129, 4194280, 8388583, 16777190, 33554405, 67108836, 134217699, 268435426, 536870881, 1073741792, 2147483615]
A000247	Table[2^n -n-2, {n,2,40}] (* _Eric W. Weisstein_, Aug 09 2017 *)	[0, 3, 10, 25, 56, 119, 246, 501, 1012, 2035, 4082, 8177, 16368, 32751, 65518, 131053, 262124, 524267, 1048554, 2097129, 4194280, 8388583, 16777190, 33554405, 67108836, 134217699, 268435426, 536870881, 1073741792, 2147483615]
A000248	Flatten[{1,Table[Sum[Binomial[n,k]*(n-k)^k,{k,0,n}],{n,1,20}]}] (* _Vaclav Kotesovec_, Jul 13 2014 *)	[1, 1, 3, 10, 41, 196, 1057, 6322, 41393, 293608, 2237921, 18210094, 157329097, 1436630092, 13810863809, 139305550066, 1469959371233, 16184586405328, 185504221191745, 2208841954063318, 27272621155678841, 348586218389733556, 4605223387997411873]
A000252	Table[n*EulerPhi[n]*Sum[d^2 MoebiusMu[n/d], {d, Divisors[n]}], {n, 21}] (* _Jean-François Alcover_, Apr 04 2011, after _Vladeta Jovovic_ *)	[1, 6, 48, 96, 480, 288, 2016, 1536, 3888, 2880, 13200, 4608, 26208, 12096, 23040, 24576, 78336, 23328, 123120, 46080, 96768, 79200, 267168, 73728, 300000, 157248, 314928, 193536, 682080, 138240, 892800, 393216, 633600, 470016, 967680, 373248]
A000253	LinearRecurrence[{4, -5, 3, -2}, {0, 1, 4, 11}, 32] (* _Jean-François Alcover_, Feb 06 2016 *)	[0, 1, 4, 11, 27, 63, 142, 312, 673, 1432, 3015, 6295, 13055, 26926, 55284, 113081, 230572, 468883, 951347, 1926527, 3894878, 7863152, 15855105, 31936240, 64269135, 129234351, 259690239, 521524126, 1046810092, 2100221753, 4212028452, 8444387067]
A000254	Table[ (PolyGamma[ m ]+EulerGamma) (m-1)!, {m, 1, 24} ] (* _Wouter Meeussen_ *)	[0, 1, 3, 11, 50, 274, 1764, 13068, 109584, 1026576, 10628640, 120543840, 1486442880, 19802759040, 283465647360, 4339163001600, 70734282393600, 1223405590579200, 22376988058521600, 431565146817638400, 8752948036761600000, 186244810780170240000]
A000254	Table[ n!*HarmonicNumber[n], {n, 0, 19}] (* _Robert G. Wilson v_, May 21 2005 *)	[0, 1, 3, 11, 50, 274, 1764, 13068, 109584, 1026576, 10628640, 120543840, 1486442880, 19802759040, 283465647360, 4339163001600, 70734282393600, 1223405590579200, 22376988058521600, 431565146817638400, 8752948036761600000, 186244810780170240000]
A000254	Abs[StirlingS1[Range[20],2]] (* _Harvey P. Dale_, Aug 16 2011 *)	[0, 1, 3, 11, 50, 274, 1764, 13068, 109584, 1026576, 10628640, 120543840, 1486442880, 19802759040, 283465647360, 4339163001600, 70734282393600, 1223405590579200, 22376988058521600, 431565146817638400, 8752948036761600000, 186244810780170240000]
A000254	Table[Gamma'[n + 1] /. EulerGamma -> 0, {n, 0, 30}] (* _Li Han_, Feb 14 2024*)	[0, 1, 3, 11, 50, 274, 1764, 13068, 109584, 1026576, 10628640, 120543840, 1486442880, 19802759040, 283465647360, 4339163001600, 70734282393600, 1223405590579200, 22376988058521600, 431565146817638400, 8752948036761600000, 186244810780170240000]
A000255	Table[Subfactorial[n] + Subfactorial[n + 1], {n, 0, 20}] (* _Zerinvary Lajos_, Jul 09 2009 *)	[1, 1, 3, 11, 53, 309, 2119, 16687, 148329, 1468457, 16019531, 190899411, 2467007773, 34361893981, 513137616783, 8178130767479, 138547156531409, 2486151753313617, 47106033220679059, 939765362752547227, 19690321886243846661, 432292066866171724421]
A000255	a[ n_] := If[ n < 0, 0, Round[ n! (n + 2) / E]] (* _Michael Somos_, Jun 01 2013 *)	[1, 1, 3, 11, 53, 309, 2119, 16687, 148329, 1468457, 16019531, 190899411, 2467007773, 34361893981, 513137616783, 8178130767479, 138547156531409, 2486151753313617, 47106033220679059, 939765362752547227, 19690321886243846661, 432292066866171724421]
A000257	Join[{1}, Table[3*2^(n-1) CatalanNumber[n]/(n+2), {n, 30}]] (* _Harvey P. Dale_, Dec 18 2011 *)	[1, 1, 3, 12, 56, 288, 1584, 9152, 54912, 339456, 2149888, 13891584, 91287552, 608583680, 4107939840, 28030648320, 193100021760, 1341536993280, 9390758952960, 66182491668480, 469294031831040, 3346270487838720, 23981605162844160, 172667557172477952]
A000258	a[n_] := Sum[StirlingS2[n, k]*BellB[k], {k, 0, n}]; Table[a[n], {n, 0, 25}] (* _Jean-François Alcover_, Feb 06 2016 *)	[1, 1, 3, 12, 60, 358, 2471, 19302, 167894, 1606137, 16733779, 188378402, 2276423485, 29367807524, 402577243425, 5840190914957, 89345001017415, 1436904211547895, 24227076487779802, 427187837301557598, 7859930038606521508, 150601795280158255827]
A000259	Table[Sum[(-1)^(k - 1)*Binomial[3 n, n - k]*k/n*Fibonacci[k - 2], {k, n}], {n, 21}] (* _Michael De Vlieger_, Aug 04 2017 *)	[1, 3, 13, 63, 326, 1761, 9808, 55895, 324301, 1908878, 11369744, 68395917, 414927215, 2535523154, 15592255913, 96419104103, 599176447614, 3739845108057, 23435007764606, 147374772979438, 929790132901804, 5883377105975922, 37328490926964481, 237427707464042693]
A000260	Table[Binomial[4n+1,n+1]-9*Binomial[4n+1,n-1],{n,0,25}] (* _Harvey P. Dale_, Aug 23 2011 *)	[1, 1, 3, 13, 68, 399, 2530, 16965, 118668, 857956, 6369883, 48336171, 373537388, 2931682810, 23317105140, 187606350645, 1524813969276, 12504654858828, 103367824774012, 860593023907540, 7211115497448720, 60776550501588855]
A000261	a[ n_] := If[ n < 2, 0, With[{m = n - 1}, Round[ Gamma[m] (m^3 + 6 m^2 + 8 m + 1) Exp[-1]/6]]]; (* _Michael Somos_, May 04 2014 *)	[0, 1, 3, 13, 71, 465, 3539, 30637, 296967, 3184129, 37401155, 477471021, 6581134823, 97388068753, 1539794649171, 25902759280525, 461904032857319, 8702813980639617, 172743930157869827, 3602826440828270029, 78768746000235327495, 1801366114380914335441]
A000262	Table[n!*LaguerreL[n, -1, -1], {n, 0, 30}] (* _G. C. Greubel_, Feb 23 2021 *)	[1, 1, 3, 13, 73, 501, 4051, 37633, 394353, 4596553, 58941091, 824073141, 12470162233, 202976401213, 3535017524403, 65573803186921, 1290434218669921, 26846616451246353, 588633468315403843, 13564373693588558173, 327697927886085654441, 8281153039765859726341]
A000265	a[n_Integer /; n > 0] := n/2^IntegerExponent[n, 2]; Array[a, 77] (* Josh Locker *)	[1, 1, 3, 1, 5, 3, 7, 1, 9, 5, 11, 3, 13, 7, 15, 1, 17, 9, 19, 5, 21, 11, 23, 3, 25, 13, 27, 7, 29, 15, 31, 1, 33, 17, 35, 9, 37, 19, 39, 5, 41, 21, 43, 11, 45, 23, 47, 3, 49, 25, 51, 13, 53, 27, 55, 7, 57, 29, 59, 15, 61, 31, 63, 1, 65, 33, 67, 17, 69, 35, 71, 9, 73, 37, 75, 19, 77]
A000265	a[ n_] := If[ n == 0, 0, n / 2^IntegerExponent[ n, 2]]; (* _Michael Somos_, Dec 17 2014 *)	[1, 1, 3, 1, 5, 3, 7, 1, 9, 5, 11, 3, 13, 7, 15, 1, 17, 9, 19, 5, 21, 11, 23, 3, 25, 13, 27, 7, 29, 15, 31, 1, 33, 17, 35, 9, 37, 19, 39, 5, 41, 21, 43, 11, 45, 23, 47, 3, 49, 25, 51, 13, 53, 27, 55, 7, 57, 29, 59, 15, 61, 31, 63, 1, 65, 33, 67, 17, 69, 35, 71, 9, 73, 37, 75, 19, 77]
A000267	Table[Floor[Sqrt[4*n + 1]], {n, 0, 100}] (* _T. D. Noe_, Jun 19 2012 *)	[1, 2, 3, 3, 4, 4, 5, 5, 5, 6, 6, 6, 7, 7, 7, 7, 8, 8, 8, 8, 9, 9, 9, 9, 9, 10, 10, 10, 10, 10, 11, 11, 11, 11, 11, 11, 12, 12, 12, 12, 12, 12, 13, 13, 13, 13, 13, 13, 13, 14, 14, 14, 14, 14, 14, 14, 15, 15, 15, 15, 15, 15, 15, 15, 16, 16, 16, 16, 16, 16, 16, 16, 17, 17, 17, 17, 17]
A000272	Join[{1},Table[n^(n-2),{n,20}]] (* _Harvey P. Dale_, Nov 28 2012 *)	[1, 1, 1, 3, 16, 125, 1296, 16807, 262144, 4782969, 100000000, 2357947691, 61917364224, 1792160394037, 56693912375296, 1946195068359375, 72057594037927936, 2862423051509815793, 121439531096594251776, 5480386857784802185939]
A000272	a[ n_] := If[ n < 1, Boole[n == 0], n^(n - 2)]; (* _Michael Somos_, May 25 2014 *)	[1, 1, 1, 3, 16, 125, 1296, 16807, 262144, 4782969, 100000000, 2357947691, 61917364224, 1792160394037, 56693912375296, 1946195068359375, 72057594037927936, 2862423051509815793, 121439531096594251776, 5480386857784802185939]
A000274	Table[Subfactorial[n]*n/2, {n, 2, 20}] (* _Zerinvary Lajos_, Jul 09 2009 *)	[0, 0, 1, 3, 18, 110, 795, 6489, 59332, 600732, 6674805, 80765135, 1057289046, 14890154058, 224497707343, 3607998868005, 61576514013960, 1112225784377144, 21197714949305577, 425131949816628507, 8950146311929021210]
A000276	a[n_] := (n-1)!*(HarmonicNumber[n-2]-1); Table[a[n], {n, 4, 23}] (* _Jean-François Alcover_, Feb 06 2016, after _Gary Detlefs_ *)	[3, 20, 130, 924, 7308, 64224, 623376, 6636960, 76998240, 967524480, 13096736640, 190060335360, 2944310342400, 48503818137600, 846795372595200, 15618926924697600, 303517672703078400, 6198400928176128000, 132720966600284160000, 2973385109386137600000]
A000277	Table[3*n - 2*Floor[Sqrt[4 n + 5]] + 5, {n, 0, 100}] (* _T. D. Noe_, Jun 19 2012 *)	[1, 2, 5, 6, 9, 10, 13, 16, 17, 20, 23, 24, 27, 30, 33, 34, 37, 40, 43, 44, 47, 50, 53, 56, 57, 60, 63, 66, 69, 70, 73, 76, 79, 82, 85, 86, 89, 92, 95, 98, 101, 102, 105, 108, 111, 114, 117, 120, 121, 124, 127, 130, 133, 136, 139, 140, 143, 146, 149, 152, 155]
A000278	Join[{a=0,b=1},Table[c=a^2+b;a=b;b=c,{n,16}]] (* _Vladimir Joseph Stephan Orlovsky_, Jan 22 2011 *)	[0, 1, 1, 2, 3, 7, 16, 65, 321, 4546, 107587, 20773703, 11595736272, 431558332068481, 134461531248108526465, 186242594112190847520182173826, 18079903385772308300945867582153787570051, 34686303861638264961101080464895364211215702792496667048327]
A000284	nxt[{a_,b_}]:={b,b^3+a}; NestList[nxt,{0,1},9][[All,1]] (* _Harvey P. Dale_, May 08 2020 *)	[0, 1, 1, 2, 9, 731, 390617900, 59601394712394173339000731, 211723599072542785377729319366442939995427829921816290889198752331804918235791]
A000285	a[ n_]:= Fibonacci[n] + LucasL[n+1]; (* _Michael Somos_, May 28 2014 *)	[1, 4, 5, 9, 14, 23, 37, 60, 97, 157, 254, 411, 665, 1076, 1741, 2817, 4558, 7375, 11933, 19308, 31241, 50549, 81790, 132339, 214129, 346468, 560597, 907065, 1467662, 2374727, 3842389, 6217116, 10059505, 16276621, 26336126, 42612747, 68948873, 111561620, 180510493, 292072113, 472582606]
A000287	a[6] = 1; a[n_] := a[n] = ((9*(5 - 3*n)*n - 16)*a[n-1]*((n-1)!)^2 + 2*((-1)^n*(9*n*(3*n - 17) + 160)*((n-1)!)^2 + ((2*n - 2)!)))/(2*(9*n*(3*n - 11) + 88)*((n-1)!)^2); Table[ a[n], {n, 6, 31}] (* _Jean-François Alcover_, Oct 04 2011, after formula *)	[1, 0, 4, 6, 24, 66, 214, 676, 2209, 7296, 24460, 82926, 284068, 981882, 3421318, 12007554, 42416488, 150718770, 538421590, 1932856590, 6969847486, 25237057110, 91729488354, 334589415276, 1224445617889, 4494622119424]
A000288	a[0] = a[1] = a[2] = a[3] = 1; a[n_] := a[n] = a[n - 1] + a[n - 2] + a[n - 3] + a[n - 4]; Table[ a[n], {n, 0, 34}] (* _Robert G. Wilson v_, Oct 27 2005 *)	[1, 1, 1, 1, 4, 7, 13, 25, 49, 94, 181, 349, 673, 1297, 2500, 4819, 9289, 17905, 34513, 66526, 128233, 247177, 476449, 918385, 1770244, 3412255, 6577333, 12678217, 24438049, 47105854, 90799453, 175021573, 337364929, 650291809, 1253477764]
A000288	LinearRecurrence[{1,1,1,1},{1,1,1,1},30] (* _Harvey P. Dale_, May 23 2011 *)	[1, 1, 1, 1, 4, 7, 13, 25, 49, 94, 181, 349, 673, 1297, 2500, 4819, 9289, 17905, 34513, 66526, 128233, 247177, 476449, 918385, 1770244, 3412255, 6577333, 12678217, 24438049, 47105854, 90799453, 175021573, 337364929, 650291809, 1253477764]
A000290	Array[#^2 &, 51, 0] (* _Robert G. Wilson v_, Aug 01 2014 *)	[0, 1, 4, 9, 16, 25, 36, 49, 64, 81, 100, 121, 144, 169, 196, 225, 256, 289, 324, 361, 400, 441, 484, 529, 576, 625, 676, 729, 784, 841, 900, 961, 1024, 1089, 1156, 1225, 1296, 1369, 1444, 1521, 1600, 1681, 1764, 1849, 1936, 2025, 2116, 2209, 2304, 2401, 2500]
A000290	LinearRecurrence[{3, -3, 1}, {0, 1, 4}, 60] (* _Vincenzo Librandi_, Jul 24 2015 *)	[0, 1, 4, 9, 16, 25, 36, 49, 64, 81, 100, 121, 144, 169, 196, 225, 256, 289, 324, 361, 400, 441, 484, 529, 576, 625, 676, 729, 784, 841, 900, 961, 1024, 1089, 1156, 1225, 1296, 1369, 1444, 1521, 1600, 1681, 1764, 1849, 1936, 2025, 2116, 2209, 2304, 2401, 2500]
A000290	Range[0, 99]^2 (* _Alonso del Arte_, Nov 21 2019 *)	[0, 1, 4, 9, 16, 25, 36, 49, 64, 81, 100, 121, 144, 169, 196, 225, 256, 289, 324, 361, 400, 441, 484, 529, 576, 625, 676, 729, 784, 841, 900, 961, 1024, 1089, 1156, 1225, 1296, 1369, 1444, 1521, 1600, 1681, 1764, 1849, 1936, 2025, 2116, 2209, 2304, 2401, 2500]
A000292	Table[Binomial[n + 2, 3], {n, 0, 20}] (* _Zerinvary Lajos_, Jan 31 2010 *)	[0, 1, 4, 10, 20, 35, 56, 84, 120, 165, 220, 286, 364, 455, 560, 680, 816, 969, 1140, 1330, 1540, 1771, 2024, 2300, 2600, 2925, 3276, 3654, 4060, 4495, 4960, 5456, 5984, 6545, 7140, 7770, 8436, 9139, 9880, 10660, 11480, 12341, 13244, 14190, 15180]
A000292	Table[n (n + 1)(n + 2)/6, {n,0,100}] (* _Wesley Ivan Hurt_, Sep 25 2013 *)	[0, 1, 4, 10, 20, 35, 56, 84, 120, 165, 220, 286, 364, 455, 560, 680, 816, 969, 1140, 1330, 1540, 1771, 2024, 2300, 2600, 2925, 3276, 3654, 4060, 4495, 4960, 5456, 5984, 6545, 7140, 7770, 8436, 9139, 9880, 10660, 11480, 12341, 13244, 14190, 15180]
A000292	Binomial[Range[20] + 1, 3] (* _Eric W. Weisstein_, Sep 08 2017 *)	[0, 1, 4, 10, 20, 35, 56, 84, 120, 165, 220, 286, 364, 455, 560, 680, 816, 969, 1140, 1330, 1540, 1771, 2024, 2300, 2600, 2925, 3276, 3654, 4060, 4495, 4960, 5456, 5984, 6545, 7140, 7770, 8436, 9139, 9880, 10660, 11480, 12341, 13244, 14190, 15180]
A000292	LinearRecurrence[{4, -6, 4, -1}, {0, 1, 4, 10}, 20] (* _Eric W. Weisstein_, Sep 08 2017 *)	[0, 1, 4, 10, 20, 35, 56, 84, 120, 165, 220, 286, 364, 455, 560, 680, 816, 969, 1140, 1330, 1540, 1771, 2024, 2300, 2600, 2925, 3276, 3654, 4060, 4495, 4960, 5456, 5984, 6545, 7140, 7770, 8436, 9139, 9880, 10660, 11480, 12341, 13244, 14190, 15180]
A000292	CoefficientList[Series[x/(-1 + x)^4, {x, 0, 20}], x] (* _Eric W. Weisstein_, Sep 08 2017 *)	[0, 1, 4, 10, 20, 35, 56, 84, 120, 165, 220, 286, 364, 455, 560, 680, 816, 969, 1140, 1330, 1540, 1771, 2024, 2300, 2600, 2925, 3276, 3654, 4060, 4495, 4960, 5456, 5984, 6545, 7140, 7770, 8436, 9139, 9880, 10660, 11480, 12341, 13244, 14190, 15180]
A000292	Table[Range[n].Range[n,1,-1],{n,0,50}] (* _Harvey P. Dale_, Mar 02 2024 *)	[0, 1, 4, 10, 20, 35, 56, 84, 120, 165, 220, 286, 364, 455, 560, 680, 816, 969, 1140, 1330, 1540, 1771, 2024, 2300, 2600, 2925, 3276, 3654, 4060, 4495, 4960, 5456, 5984, 6545, 7140, 7770, 8436, 9139, 9880, 10660, 11480, 12341, 13244, 14190, 15180]
A000295	LinearRecurrence[{4, -5, 2}, {0, 0, 1}, 40] (* _Vincenzo Librandi_, Jul 29 2015 *)	[0, 0, 1, 4, 11, 26, 57, 120, 247, 502, 1013, 2036, 4083, 8178, 16369, 32752, 65519, 131054, 262125, 524268, 1048555, 2097130, 4194281, 8388584, 16777191, 33554406, 67108837, 134217700, 268435427, 536870882, 1073741793, 2147483616, 4294967263, 8589934558]
A000295	Table[2^n -n-1, {n,0,40}] (* _Eric W. Weisstein_, Nov 16 2017 *)	[0, 0, 1, 4, 11, 26, 57, 120, 247, 502, 1013, 2036, 4083, 8178, 16369, 32752, 65519, 131054, 262125, 524268, 1048555, 2097130, 4194281, 8388584, 16777191, 33554406, 67108837, 134217700, 268435427, 536870882, 1073741793, 2147483616, 4294967263, 8589934558]
A000296	s = 1; Join[{1}, Table[s = BellB[n] - s, {n, 0, 25}]] (* _Vaclav Kotesovec_, Jun 20 2022 *)	[1, 0, 1, 1, 4, 11, 41, 162, 715, 3425, 17722, 98253, 580317, 3633280, 24011157, 166888165, 1216070380, 9264071767, 73600798037, 608476008122, 5224266196935, 46499892038437, 428369924118314, 4078345814329009, 40073660040755337, 405885209254049952, 4232705122975949401]
A000297	Table[(n + 1)*(n + 3)*(n + 8)/6, {n, -1, 100}]	[0, 4, 12, 25, 44, 70, 104, 147, 200, 264, 340, 429, 532, 650, 784, 935, 1104, 1292, 1500, 1729, 1980, 2254, 2552, 2875, 3224, 3600, 4004, 4437, 4900, 5394, 5920, 6479, 7072, 7700, 8364, 9065, 9804, 10582, 11400, 12259, 13160, 14104, 15092, 16125, 17204]
A000301	2^Fibonacci[Range[0, 14]] (* _Alonso del Arte_, Jul 28 2016 *)	[1, 2, 2, 4, 8, 32, 256, 8192, 2097152, 17179869184, 36028797018963968, 618970019642690137449562112, 22300745198530623141535718272648361505980416, 13803492693581127574869511724554050904902217944340773110325048447598592]
A000302	Table[4^n, {n, 0, 30}] (* _Stefan Steinerberger_, Apr 01 2006 *)	[1, 4, 16, 64, 256, 1024, 4096, 16384, 65536, 262144, 1048576, 4194304, 16777216, 67108864, 268435456, 1073741824, 4294967296, 17179869184, 68719476736, 274877906944, 1099511627776, 4398046511104, 17592186044416, 70368744177664, 281474976710656]
A000302	CoefficientList[Series[1/(1 - 4 x), {x, 0, 50}], x]  (* _Vincenzo Librandi_, May 29 2014 *)	[1, 4, 16, 64, 256, 1024, 4096, 16384, 65536, 262144, 1048576, 4194304, 16777216, 67108864, 268435456, 1073741824, 4294967296, 17179869184, 68719476736, 274877906944, 1099511627776, 4398046511104, 17592186044416, 70368744177664, 281474976710656]
A000302	NestList[4 # &, 1, 30] (* _Harvey P. Dale_, Mar 26 2015 *)	[1, 4, 16, 64, 256, 1024, 4096, 16384, 65536, 262144, 1048576, 4194304, 16777216, 67108864, 268435456, 1073741824, 4294967296, 17179869184, 68719476736, 274877906944, 1099511627776, 4398046511104, 17592186044416, 70368744177664, 281474976710656]
A000302	4^Range[0, 30] (* _Eric W. Weisstein_, Jun 29 2017 *)	[1, 4, 16, 64, 256, 1024, 4096, 16384, 65536, 262144, 1048576, 4194304, 16777216, 67108864, 268435456, 1073741824, 4294967296, 17179869184, 68719476736, 274877906944, 1099511627776, 4398046511104, 17592186044416, 70368744177664, 281474976710656]
A000302	LinearRecurrence[{4}, {1}, 31] (* _Robert A. Russell_, Nov 08 2018 *)	[1, 4, 16, 64, 256, 1024, 4096, 16384, 65536, 262144, 1048576, 4194304, 16777216, 67108864, 268435456, 1073741824, 4294967296, 17179869184, 68719476736, 274877906944, 1099511627776, 4398046511104, 17592186044416, 70368744177664, 281474976710656]
A000304	nxt[{a_,b_}]:={b,a*b}; Transpose[NestList[nxt,{2,3},12]][[1]] (* _Harvey P. Dale_, Nov 16 2014 *)	[2, 3, 6, 18, 108, 1944, 209952, 408146688, 85691213438976, 34974584955819144511488, 2997014624388697307377363936018956288, 104819342594514896999066634490728502944926883876041385836544]
A000309	f[n_] := 2^n(3n)!/((n + 1)!(2n + 1)!); Table[f[n], {n, 0, 19}] (* _Robert G. Wilson v_, Sep 21 2004 *)	[1, 1, 4, 24, 176, 1456, 13056, 124032, 1230592, 12629760, 133186560, 1436098560, 15774990336, 176028860416, 1990947110912, 22783499599872, 263411369705472, 3073132646563840, 36143187370967040, 428157758086840320, 5105072641718353920, 61228492804372561920]
A000311	a[n_] := (If[n < 2,n,(column = ConstantArray[0, n - 1]; column[[1]] = 1; For[j = 3, j <= n, j++, column = column * Flatten[{Range[j - 2], ConstantArray[0, (n - j) + 1]}] + Drop[Prepend[column, 0], -1] * Flatten[{Range[j - 1, 2*j - 3], ConstantArray[0, n - j]}];]; Sum[column[[i]], {i, n - 1}]  )]); Table[a[n], {n, 0, 20}] (* _Peter Regner_, Oct 05 2012, after a formula by Felsenstein (1978) *)	[0, 1, 1, 4, 26, 236, 2752, 39208, 660032, 12818912, 282137824, 6939897856, 188666182784, 5617349020544, 181790703209728, 6353726042486272, 238513970965257728, 9571020586419012608, 408837905660444010496, 18522305410364986906624]
A000312	Array[ #^# &, 16] (* _Vladimir Joseph Stephan Orlovsky_, May 01 2008 *)	[1, 1, 4, 27, 256, 3125, 46656, 823543, 16777216, 387420489, 10000000000, 285311670611, 8916100448256, 302875106592253, 11112006825558016, 437893890380859375, 18446744073709551616, 827240261886336764177, 39346408075296537575424, 1978419655660313589123979]
A000312	Table[Sum[StirlingS2[n, i] i! Binomial[n, i], {i, 0, n}], {n, 0, 20}] (* _Geoffrey Critzer_, Mar 17 2009 *)	[1, 1, 4, 27, 256, 3125, 46656, 823543, 16777216, 387420489, 10000000000, 285311670611, 8916100448256, 302875106592253, 11112006825558016, 437893890380859375, 18446744073709551616, 827240261886336764177, 39346408075296537575424, 1978419655660313589123979]
A000312	a[ n_] := If[ n < 1, Boole[n == 0], n^n]; (* _Michael Somos_, May 24 2014 *)	[1, 1, 4, 27, 256, 3125, 46656, 823543, 16777216, 387420489, 10000000000, 285311670611, 8916100448256, 302875106592253, 11112006825558016, 437893890380859375, 18446744073709551616, 827240261886336764177, 39346408075296537575424, 1978419655660313589123979]
A000313	Table[(n*(n + 1)!/6)*Sum[(-1)^k/k!, {k, 0, n}], {n, -1, 25}] (* _T. D. Noe_, Jun 19 2012 *)	[0, 0, 0, 1, 4, 30, 220, 1855, 17304, 177996, 2002440, 24474285, 323060540, 4581585866, 69487385604, 1122488536715, 19242660629360, 348933579412440, 6673354706262864, 134252194678935321, 2834212998777523380, 62651024183503148470, 1447238658638922729580]
A000313	a[1]:=0; a[n_Integer/;n>=2]:=(n-2) (n-1) Subfactorial[n-2]/6 (* _Todd Silvestri_, Nov 15 2014 *)	[0, 0, 0, 1, 4, 30, 220, 1855, 17304, 177996, 2002440, 24474285, 323060540, 4581585866, 69487385604, 1122488536715, 19242660629360, 348933579412440, 6673354706262864, 134252194678935321, 2834212998777523380, 62651024183503148470, 1447238658638922729580]
A000317	t = {1, 2}; Do[AppendTo[t, t[[-1]]^2 - t[[-1]] t[[-2]] + t[[-2]]^2], {n, 10}]; t (* _T. D. Noe_, Jun 19 2012 *)	[1, 2, 3, 7, 37, 1159, 1301767, 1693089917617, 2866551265129451657751739, 8217116155610406522540626640615749228405055996847]
A000317	nxt[{a_,b_}]:={b,b^2-a *b+a^2}; NestList[nxt,{1,2},10][[All,1]] (* _Harvey P. Dale_, Aug 01 2020 *)	[1, 2, 3, 7, 37, 1159, 1301767, 1693089917617, 2866551265129451657751739, 8217116155610406522540626640615749228405055996847]
A000321	Table[HermiteH[n, -1/2], {n, 0, 25}] (* _Vladimir Joseph Stephan Orlovsky_, Jun 15 2009 *)	[1, -1, -1, 5, 1, -41, 31, 461, -895, -6481, 22591, 107029, -604031, -1964665, 17669471, 37341149, -567425279, -627491489, 19919950975, 2669742629, -759627879679, 652838174519, 31251532771999, -59976412450835, -1377594095061119, 4256461892701199, 64623242860354751]
A000322	LinearRecurrence[{1,1,1,1,1},{1,1,1,1,1},50]	[1, 1, 1, 1, 1, 5, 9, 17, 33, 65, 129, 253, 497, 977, 1921, 3777, 7425, 14597, 28697, 56417, 110913, 218049, 428673, 842749, 1656801, 3257185, 6403457, 12588865, 24749057, 48655365, 95653929, 188050673, 369697889, 726806913, 1428864769]
A000324	Join[{1},NestList[#^2-4#+4&,5,10]] (* _Harvey P. Dale_, Dec 11 2023 *)	[1, 5, 9, 49, 2209, 4870849, 23725150497409, 562882766124611619513723649, 316837008400094222150776738483768236006420971486980609]
A000325	Table[2^n - n, {n, 0, 39}] (* _Alonso del Arte_, Sep 15 2014 *)	[1, 1, 2, 5, 12, 27, 58, 121, 248, 503, 1014, 2037, 4084, 8179, 16370, 32753, 65520, 131055, 262126, 524269, 1048556, 2097131, 4194282, 8388585, 16777192, 33554407, 67108838, 134217701, 268435428, 536870883, 1073741794, 2147483617]
A000326	Table[n (3 n - 1)/2, {n, 0, 60}] (* _Stefan Steinerberger_, Apr 01 2006 *)	[0, 1, 5, 12, 22, 35, 51, 70, 92, 117, 145, 176, 210, 247, 287, 330, 376, 425, 477, 532, 590, 651, 715, 782, 852, 925, 1001, 1080, 1162, 1247, 1335, 1426, 1520, 1617, 1717, 1820, 1926, 2035, 2147, 2262, 2380, 2501, 2625, 2752, 2882, 3015, 3151]
A000326	Array[# (3 # - 1)/2 &, 47, 0] (* _Zerinvary Lajos_, Jul 10 2009 *)	[0, 1, 5, 12, 22, 35, 51, 70, 92, 117, 145, 176, 210, 247, 287, 330, 376, 425, 477, 532, 590, 651, 715, 782, 852, 925, 1001, 1080, 1162, 1247, 1335, 1426, 1520, 1617, 1717, 1820, 1926, 2035, 2147, 2262, 2380, 2501, 2625, 2752, 2882, 3015, 3151]
A000326	LinearRecurrence[{3, -3, 1}, {0, 1, 5}, 61] (* _Harvey P. Dale_, Dec 27 2011 *)	[0, 1, 5, 12, 22, 35, 51, 70, 92, 117, 145, 176, 210, 247, 287, 330, 376, 425, 477, 532, 590, 651, 715, 782, 852, 925, 1001, 1080, 1162, 1247, 1335, 1426, 1520, 1617, 1717, 1820, 1926, 2035, 2147, 2262, 2380, 2501, 2625, 2752, 2882, 3015, 3151]
A000326	CoefficientList[Series[x (-1 - 2 x)/(-1 + x)^3, {x, 0, 20}], x] (* _Eric W. Weisstein_, Dec 01 2017 *)	[0, 1, 5, 12, 22, 35, 51, 70, 92, 117, 145, 176, 210, 247, 287, 330, 376, 425, 477, 532, 590, 651, 715, 782, 852, 925, 1001, 1080, 1162, 1247, 1335, 1426, 1520, 1617, 1717, 1820, 1926, 2035, 2147, 2262, 2380, 2501, 2625, 2752, 2882, 3015, 3151]
A000326	PolygonalNumber[5, Range[0, 20]] (* _Eric W. Weisstein_, Dec 01 2017 *)	[0, 1, 5, 12, 22, 35, 51, 70, 92, 117, 145, 176, 210, 247, 287, 330, 376, 425, 477, 532, 590, 651, 715, 782, 852, 925, 1001, 1080, 1162, 1247, 1335, 1426, 1520, 1617, 1717, 1820, 1926, 2035, 2147, 2262, 2380, 2501, 2625, 2752, 2882, 3015, 3151]
A000330	Table[Binomial[w+2, 3] + Binomial[w+1, 3], {w, 0, 30}]	[0, 1, 5, 14, 30, 55, 91, 140, 204, 285, 385, 506, 650, 819, 1015, 1240, 1496, 1785, 2109, 2470, 2870, 3311, 3795, 4324, 4900, 5525, 6201, 6930, 7714, 8555, 9455, 10416, 11440, 12529, 13685, 14910, 16206, 17575, 19019, 20540, 22140, 23821, 25585, 27434, 29370]
A000330	CoefficientList[Series[x(1+x)/(1-x)^4, {x, 0, 40}], x] (* _Vincenzo Librandi_, Jul 30 2014 *)	[0, 1, 5, 14, 30, 55, 91, 140, 204, 285, 385, 506, 650, 819, 1015, 1240, 1496, 1785, 2109, 2470, 2870, 3311, 3795, 4324, 4900, 5525, 6201, 6930, 7714, 8555, 9455, 10416, 11440, 12529, 13685, 14910, 16206, 17575, 19019, 20540, 22140, 23821, 25585, 27434, 29370]
A000332	Table[ Binomial[n, 4], {n, 0, 45} ] (* corrected by _Harvey P. Dale_, Aug 22 2011 *)	[0, 0, 0, 0, 1, 5, 15, 35, 70, 126, 210, 330, 495, 715, 1001, 1365, 1820, 2380, 3060, 3876, 4845, 5985, 7315, 8855, 10626, 12650, 14950, 17550, 20475, 23751, 27405, 31465, 35960, 40920, 46376, 52360, 58905, 66045, 73815, 82251, 91390, 101270, 111930, 123410]
A000332	Table[(n-4)(n-3)(n-2)(n-1)/24, {n, 100}] (* _Artur Jasinski_, Dec 02 2007 *)	[0, 0, 0, 0, 1, 5, 15, 35, 70, 126, 210, 330, 495, 715, 1001, 1365, 1820, 2380, 3060, 3876, 4845, 5985, 7315, 8855, 10626, 12650, 14950, 17550, 20475, 23751, 27405, 31465, 35960, 40920, 46376, 52360, 58905, 66045, 73815, 82251, 91390, 101270, 111930, 123410]
A000332	LinearRecurrence[{5,-10,10,-5,1}, {0,0,0,0,1}, 45] (* _Harvey P. Dale_, Aug 22 2011 *)	[0, 0, 0, 0, 1, 5, 15, 35, 70, 126, 210, 330, 495, 715, 1001, 1365, 1820, 2380, 3060, 3876, 4845, 5985, 7315, 8855, 10626, 12650, 14950, 17550, 20475, 23751, 27405, 31465, 35960, 40920, 46376, 52360, 58905, 66045, 73815, 82251, 91390, 101270, 111930, 123410]
A000332	CoefficientList[Series[x^4 / (1 - x)^5, {x, 0, 40}], x] (* _Vincenzo Librandi_, Nov 23 2014 *)	[0, 0, 0, 0, 1, 5, 15, 35, 70, 126, 210, 330, 495, 715, 1001, 1365, 1820, 2380, 3060, 3876, 4845, 5985, 7315, 8855, 10626, 12650, 14950, 17550, 20475, 23751, 27405, 31465, 35960, 40920, 46376, 52360, 58905, 66045, 73815, 82251, 91390, 101270, 111930, 123410]
A000336	nxt[{a_,b_,c_,d_}]:={b,c,d,a b c d}; NestList[nxt,{1,2,3,4},10][[All,1]] (* _Harvey P. Dale_, Jan 21 2019 *)	[1, 2, 3, 4, 24, 576, 165888, 9172942848, 21035720123168587776, 18437563379178327736384102280592359424, 590180110002114158896983994712576414865667267958188575935810179040280576]
A000337	Table[Sum[(-1)^(n - k) k (-1)^(n - k) Binomial[n + 1, k + 1], {k, 0, n}], {n, 0, 28}] (* _Zerinvary Lajos_, Jul 08 2009 *)	[0, 1, 5, 17, 49, 129, 321, 769, 1793, 4097, 9217, 20481, 45057, 98305, 212993, 458753, 983041, 2097153, 4456449, 9437185, 19922945, 41943041, 88080385, 184549377, 385875969, 805306369, 1677721601, 3489660929, 7247757313, 15032385537, 31138512897, 64424509441]
A000337	Table[(n - 1) 2^n + 1, {n, 0, 40}] (* _Harvey P. Dale_, Jun 21 2011 *)	[0, 1, 5, 17, 49, 129, 321, 769, 1793, 4097, 9217, 20481, 45057, 98305, 212993, 458753, 983041, 2097153, 4456449, 9437185, 19922945, 41943041, 88080385, 184549377, 385875969, 805306369, 1677721601, 3489660929, 7247757313, 15032385537, 31138512897, 64424509441]
A000337	LinearRecurrence[{5, -8, 4}, {0, 1, 5}, 40] (* _Harvey P. Dale_, Jun 21 2011 *)	[0, 1, 5, 17, 49, 129, 321, 769, 1793, 4097, 9217, 20481, 45057, 98305, 212993, 458753, 983041, 2097153, 4456449, 9437185, 19922945, 41943041, 88080385, 184549377, 385875969, 805306369, 1677721601, 3489660929, 7247757313, 15032385537, 31138512897, 64424509441]
A000338	LinearRecurrence[{3,-3,1},{5,18,42,75},60] (* _Harvey P. Dale_, Sep 20 2016 *)	[5, 18, 42, 75, 117, 168, 228, 297, 375, 462, 558, 663, 777, 900, 1032, 1173, 1323, 1482, 1650, 1827, 2013, 2208, 2412, 2625, 2847, 3078, 3318, 3567, 3825, 4092, 4368, 4653, 4947, 5250, 5562, 5883, 6213, 6552, 6900, 7257, 7623, 7998, 8382, 8775, 9177, 9588, 10008, 10437, 10875, 11322, 11778]
A000340	a[ n_] := MatrixPower[ {{1, 0, 0}, {1, 1, 0}, {1, 1, 3}}, n + 1][[3, 1]]; (* _Michael Somos_, May 28 2014 *)	[1, 5, 18, 58, 179, 543, 1636, 4916, 14757, 44281, 132854, 398574, 1195735, 3587219, 10761672, 32285032, 96855113, 290565357, 871696090, 2615088290, 7845264891, 23535794695, 70607384108, 211822152348, 635466457069]
A000346	Table[2^(2n+1)-Binomial[2n,n](2n+1)/(n+1),{n,0,20}] (* _Emanuele Munarini_, Mar 16 2011 *)	[1, 5, 22, 93, 386, 1586, 6476, 26333, 106762, 431910, 1744436, 7036530, 28354132, 114159428, 459312152, 1846943453, 7423131482, 29822170718, 119766321572, 480832549478, 1929894318332, 7744043540348, 31067656725032, 124613686513778, 499744650202436]
A000346	a[ n_] := If[ n<-4, 0, (4^(n + 1) - Binomial[2 n + 2, n + 1]) / 2]; (* _Michael Somos_, Jan 25 2014 *)	[1, 5, 22, 93, 386, 1586, 6476, 26333, 106762, 431910, 1744436, 7036530, 28354132, 114159428, 459312152, 1846943453, 7423131482, 29822170718, 119766321572, 480832549478, 1929894318332, 7744043540348, 31067656725032, 124613686513778, 499744650202436]
A000351	Table[5^n, {n, 0, 30}] (* _Stefan Steinerberger_, Apr 06 2006 *)	[1, 5, 25, 125, 625, 3125, 15625, 78125, 390625, 1953125, 9765625, 48828125, 244140625, 1220703125, 6103515625, 30517578125, 152587890625, 762939453125, 3814697265625, 19073486328125, 95367431640625, 476837158203125, 2384185791015625, 11920928955078125]
A000351	5^Range[0, 30] (* _Harvey P. Dale_, Aug 22 2011 *)	[1, 5, 25, 125, 625, 3125, 15625, 78125, 390625, 1953125, 9765625, 48828125, 244140625, 1220703125, 6103515625, 30517578125, 152587890625, 762939453125, 3814697265625, 19073486328125, 95367431640625, 476837158203125, 2384185791015625, 11920928955078125]
A000354	a[n_] := 2^n n! Sum[(-1)^i/(2^i i!), {i, 0, n}]; Table[a[n], {n, 0, 20}] (* _Gerry Martens_ , May 06 2016 *)	[1, 1, 5, 29, 233, 2329, 27949, 391285, 6260561, 112690097, 2253801941, 49583642701, 1190007424825, 30940193045449, 866325405272573, 25989762158177189, 831672389061670049, 28276861228096781665, 1017967004211484139941, 38682746160036397317757]
A000354	a[ n_] := Sum[ (-1)^(n + k) Binomial[n, k] k! 2^k, {k, 0, n}]; (* _Michael Somos_, Apr 14 2018 *)	[1, 1, 5, 29, 233, 2329, 27949, 391285, 6260561, 112690097, 2253801941, 49583642701, 1190007424825, 30940193045449, 866325405272573, 25989762158177189, 831672389061670049, 28276861228096781665, 1017967004211484139941, 38682746160036397317757]
A000356	Table[(2*n)!*(2*n+2)!/(2*n!*(n+1)!^2*(n+2)!),{n,30}] (* _Vincenzo Librandi_, Mar 25 2012 *)	[1, 5, 35, 294, 2772, 28314, 306735, 3476330, 40831076, 493684828, 6114096716, 77266057400, 993420738000, 12964140630900, 171393565105575, 2291968851019650, 30961684478686500, 422056646314726500]
A000357	max = 17; Join[{1}, MatrixPower[Array[StirlingS2, {max, max}], 5][[All, 1]]] (* _Jean-François Alcover_, Mar 03 2014 *)	[1, 1, 5, 35, 315, 3455, 44590, 660665, 11035095, 204904830, 4183174520, 93055783320, 2238954627848, 57903797748386, 1601122732128779, 47120734323344439, 1470076408565099152, 48449426629560437576, 1681560512531504058350, 61293054886119796799892]
A000358	Table[1/n * Sum[EulerPhi[n/d] Total@ Map[Fibonacci, d + # & /@ {-1, 1}], {d, Divisors@ n}], {n, 47}] (* _Michael De Vlieger_, Dec 28 2016 *)	[1, 2, 2, 3, 3, 5, 5, 8, 10, 15, 19, 31, 41, 64, 94, 143, 211, 329, 493, 766, 1170, 1811, 2787, 4341, 6713, 10462, 16274, 25415, 39651, 62075, 97109, 152288, 238838, 375167, 589527, 927555, 1459961, 2300348, 3626242, 5721045, 9030451, 14264309, 22542397, 35646312, 56393862, 89264835, 141358275]
A000358	a[ n_] := If[ n < 1, 0, DivisorSum[n, EulerPhi[n/#] LucasL[#] &]/n]; (* _Michael Somos_, Jun 02 2019 *)	[1, 2, 2, 3, 3, 5, 5, 8, 10, 15, 19, 31, 41, 64, 94, 143, 211, 329, 493, 766, 1170, 1811, 2787, 4341, 6713, 10462, 16274, 25415, 39651, 62075, 97109, 152288, 238838, 375167, 589527, 927555, 1459961, 2300348, 3626242, 5721045, 9030451, 14264309, 22542397, 35646312, 56393862, 89264835, 141358275]
A000360	a[0] = 1; a[n_?EvenQ] := a[n] = a[n/2] + a[n/2-1]; a[n_?OddQ] := a[n] = a[(n-1)/2] - Mod[(n-1)/2-1, 3] + 1; Table[a[n], {n, 0, 103}] (* _Jean-François Alcover_, Jan 20 2015, after _Ralf Stephan_ *)	[1, 0, 1, 1, 1, 1, 2, 0, 2, 2, 2, 1, 3, 1, 2, 1, 2, 2, 4, 1, 4, 3, 3, 1, 4, 2, 4, 2, 3, 2, 3, 0, 3, 3, 4, 2, 6, 3, 5, 2, 5, 4, 7, 2, 6, 4, 4, 1, 5, 3, 6, 3, 6, 4, 6, 1, 5, 4, 5, 2, 5, 2, 3, 1, 3, 3, 6, 2, 7, 5, 6, 2, 8, 5, 9, 4, 8, 5, 7, 1, 7, 6, 9, 4, 11, 6, 9, 3, 8, 6, 10, 3, 8, 5, 5, 1, 6, 4, 8, 4, 9, 6, 9, 2]
A000363	Table[(5^n-(2*n-1)*3^n+2*n^2-2*n-2)/16,{n,4,20}] (* _Vaclav Kotesovec_, Nov 19 2012 *)	[5, 61, 479, 3111, 18270, 101166, 540242, 2819266, 14494859, 73802835, 373398489, 1881341265, 9453340172, 47417364268, 237571096820, 1189405165908, 5951965440609, 29775517732665, 148927275340835, 744793282001995]
A000364	Table[Abs[EulerE[2n]], {n, 0, 30}] (* _Ray Chandler_, Mar 20 2007 *)	[1, 1, 5, 61, 1385, 50521, 2702765, 199360981, 19391512145, 2404879675441, 370371188237525, 69348874393137901, 15514534163557086905, 4087072509293123892361, 1252259641403629865468285, 441543893249023104553682821, 177519391579539289436664789665]
A000364	a[0] := 1; a[n_] := a[n] = -Sum[a[n - k]/(2 k)!, {k, 1, n}]; Map[(-1)^# (2 #)! a[#] &, Range[0, 16]] (* _Oliver Seipel_, May 18 2024 *)	[1, 1, 5, 61, 1385, 50521, 2702765, 199360981, 19391512145, 2404879675441, 370371188237525, 69348874393137901, 15514534163557086905, 4087072509293123892361, 1252259641403629865468285, 441543893249023104553682821, 177519391579539289436664789665]
A000367	Numerator[ BernoulliB[ 2*Range[0, 20]]] (* _Jean-François Alcover_, Oct 16 2012 *)	[1, 1, -1, 1, -1, 5, -691, 7, -3617, 43867, -174611, 854513, -236364091, 8553103, -23749461029, 8615841276005, -7709321041217, 2577687858367, -26315271553053477373, 2929993913841559, -261082718496449122051]
A000367	Table[Numerator[(-1)^(n+1) 2 Gamma[2 n + 1] Zeta[2 n]/(2 Pi)^(2 n)], {n, 0, 20}] (* _Artur Jasinski_, Dec 29 2020 *)	[1, 1, -1, 1, -1, 5, -691, 7, -3617, 43867, -174611, 854513, -236364091, 8553103, -23749461029, 8615841276005, -7709321041217, 2577687858367, -26315271553053477373, 2929993913841559, -261082718496449122051]
A000369	a[n_, m_] /; n >= m >= 1 := a[n, m] = (4(n-1) - m)*a[n-1, m] + a[n-1, m-1]; a[n_, m_] /; n < m = 0; a[_, 0] = 0; a[1, 1] = 1; Flatten[Table[a[n, m], {n, 1, 9}, {m, 1, n}]] (* _Jean-François Alcover_, Jul 22 2011 *)	[1, 3, 1, 21, 9, 1, 231, 111, 18, 1, 3465, 1785, 345, 30, 1, 65835, 35595, 7650, 825, 45, 1, 1514205, 848925, 196245, 24150, 1680, 63, 1, 40883535, 23586255, 5755050, 775845, 62790, 3066, 84, 1, 1267389585, 748471185, 190482705, 27478710]
A000371	Table[Sum[(-1)^(n-k) Binomial[n,k]2^(2^k),{k,0,n}],{n,0,10}] (* _Harvey P. Dale_, Oct 17 2011 *)	[2, 2, 10, 218, 64594, 4294642034, 18446744047940725978, 340282366920938463334247399005993378250, 115792089237316195423570985008687907850547725730273056332267095982282337798562]
A000377	a[ n_] := If[ n < 1, Boole[n == 0], DivisorSum[ n, KroneckerSymbol[ -6, #] &]] (* _Michael Somos_, Jul 11 2011 *)	[1, 1, 1, 1, 1, 2, 1, 2, 1, 1, 2, 2, 1, 0, 2, 2, 1, 0, 1, 0, 2, 2, 2, 0, 1, 3, 0, 1, 2, 2, 2, 2, 1, 2, 0, 4, 1, 0, 0, 0, 2, 0, 2, 0, 2, 2, 0, 0, 1, 3, 3, 0, 0, 2, 1, 4, 2, 0, 2, 2, 2, 0, 2, 2, 1, 0, 2, 0, 0, 0, 4, 0, 1, 2, 0, 3, 0, 4, 0, 2, 2, 1, 0, 2, 2, 0, 0, 2, 2, 0, 2, 0, 0, 2, 0, 0, 1, 2, 3, 2, 3, 2]
A000383	LinearRecurrence[{1,1,1,1,1,1},{1,1,1,1,1,1},50] (* _Harvey P. Dale_, Oct 30 2013 *)	[1, 1, 1, 1, 1, 1, 6, 11, 21, 41, 81, 161, 321, 636, 1261, 2501, 4961, 9841, 19521, 38721, 76806, 152351, 302201, 599441, 1189041, 2358561, 4678401, 9279996, 18407641, 36513081, 72426721, 143664401, 284970241, 565262081, 1121244166, 2224080691, 4411648301]
A000384	Table[n*(2 n - 1), {n, 0, 100}] (* _Wesley Ivan Hurt_, Sep 27 2013 *)	[0, 1, 6, 15, 28, 45, 66, 91, 120, 153, 190, 231, 276, 325, 378, 435, 496, 561, 630, 703, 780, 861, 946, 1035, 1128, 1225, 1326, 1431, 1540, 1653, 1770, 1891, 2016, 2145, 2278, 2415, 2556, 2701, 2850, 3003, 3160, 3321, 3486, 3655, 3828, 4005, 4186, 4371, 4560]
A000384	LinearRecurrence[{3, -3, 1}, {0, 1, 6}, 50] (* _Harvey P. Dale_, Sep 10 2015 *)	[0, 1, 6, 15, 28, 45, 66, 91, 120, 153, 190, 231, 276, 325, 378, 435, 496, 561, 630, 703, 780, 861, 946, 1035, 1128, 1225, 1326, 1431, 1540, 1653, 1770, 1891, 2016, 2145, 2278, 2415, 2556, 2701, 2850, 3003, 3160, 3321, 3486, 3655, 3828, 4005, 4186, 4371, 4560]
A000384	PolygonalNumber[6, Range[0, 20]] (* _Eric W. Weisstein_, Aug 17 2017 *)	[0, 1, 6, 15, 28, 45, 66, 91, 120, 153, 190, 231, 276, 325, 378, 435, 496, 561, 630, 703, 780, 861, 946, 1035, 1128, 1225, 1326, 1431, 1540, 1653, 1770, 1891, 2016, 2145, 2278, 2415, 2556, 2701, 2850, 3003, 3160, 3321, 3486, 3655, 3828, 4005, 4186, 4371, 4560]
A000385	a[n_] := Sum[DivisorSigma[1, k] DivisorSigma[1, n-k+1], {k, 1, n}];	[1, 6, 17, 38, 70, 116, 185, 258, 384, 490, 686, 826, 1124, 1292, 1705, 1896, 2491, 2670, 3416, 3680, 4602, 4796, 6110, 6178, 7700, 7980, 9684, 9730, 12156, 11920, 14601, 14752, 17514, 17224, 21395, 20406, 24590, 24556, 28920, 27860, 34112, 32186, 38674, 37994, 43980, 42136, 51646, 47772, 56749, 55500, 64316, 60606, 73420, 67956, 80500, 77760, 88860, 83810, 102284, 92690, 108752, 105236, 120777, 112672, 135120, 123046, 145194, 138656, 157512, 146580, 177515, 159396, 185744, 179122]
A000387	Table[Subfactorial[n - 2]*Binomial[n, 2], {n, 0, 22}] (* _Zerinvary Lajos_, Jul 10 2009 *)	[0, 0, 1, 0, 6, 20, 135, 924, 7420, 66744, 667485, 7342280, 88107426, 1145396460, 16035550531, 240533257860, 3848532125880, 65425046139824, 1177650830516985, 22375365779822544, 447507315596451070, 9397653627525472260, 206748379805560389951]
A000389	LinearRecurrence[{6,-15,20,-15,6,-1},{0,0,0,0,0,1},50] (* _Harvey P. Dale_, Jul 17 2016 *)	[0, 0, 0, 0, 0, 1, 6, 21, 56, 126, 252, 462, 792, 1287, 2002, 3003, 4368, 6188, 8568, 11628, 15504, 20349, 26334, 33649, 42504, 53130, 65780, 80730, 98280, 118755, 142506, 169911, 201376, 237336, 278256, 324632, 376992, 435897, 501942, 575757, 658008, 749398]
A000392	StirlingS2[Range[0,30],3] (* _Harvey P. Dale_, Dec 29 2011 *)	[0, 0, 0, 1, 6, 25, 90, 301, 966, 3025, 9330, 28501, 86526, 261625, 788970, 2375101, 7141686, 21457825, 64439010, 193448101, 580606446, 1742343625, 5228079450, 15686335501, 47063200806, 141197991025, 423610750290, 1270865805301]
A000399	f[n_] := Abs@ StirlingS1[n, 3]; Array[f, 19, 3]	[1, 6, 35, 225, 1624, 13132, 118124, 1172700, 12753576, 150917976, 1931559552, 26596717056, 392156797824, 6165817614720, 102992244837120, 1821602444624640, 34012249593822720, 668609730341153280, 13803759753640704000]
A000399	Abs[StirlingS1[Range[3,30],3]] (* _Harvey P. Dale_, Jun 23 2014 *)	[1, 6, 35, 225, 1624, 13132, 118124, 1172700, 12753576, 150917976, 1931559552, 26596717056, 392156797824, 6165817614720, 102992244837120, 1821602444624640, 34012249593822720, 668609730341153280, 13803759753640704000]
A000399	f[n_] := Gamma[n]*(HarmonicNumber[n - 1]^2 + Zeta[2, n] - Zeta[2])/2; Array[f, 19, 3] (* _Robert G. Wilson v_, Jul 05 2015 *)	[1, 6, 35, 225, 1624, 13132, 118124, 1172700, 12753576, 150917976, 1931559552, 26596717056, 392156797824, 6165817614720, 102992244837120, 1821602444624640, 34012249593822720, 668609730341153280, 13803759753640704000]
A000400	6^Range[0, 40] (* _Harvey P. Dale_, Jan 24 2013 *)	[1, 6, 36, 216, 1296, 7776, 46656, 279936, 1679616, 10077696, 60466176, 362797056, 2176782336, 13060694016, 78364164096, 470184984576, 2821109907456, 16926659444736, 101559956668416, 609359740010496, 3656158440062976, 21936950640377856, 131621703842267136]
A000407	Table[(2n + 1)!/n!, {n, 0, 30}] (* _Stefan Steinerberger_, Apr 08 2006 *)	[1, 6, 60, 840, 15120, 332640, 8648640, 259459200, 8821612800, 335221286400, 14079294028800, 647647525324800, 32382376266240000, 1748648318376960000, 101421602465863680000, 6288139352883548160000, 415017197290314178560000]
A000407	a[ n_] := If[ n < 0, 1/2, 1] Pochhammer[ n + 1, n + 1]; (* _Michael Somos_, Jan 03 2015 *)	[1, 6, 60, 840, 15120, 332640, 8648640, 259459200, 8821612800, 335221286400, 14079294028800, 647647525324800, 32382376266240000, 1748648318376960000, 101421602465863680000, 6288139352883548160000, 415017197290314178560000]
A000407	a[ n_] := Which[ n < -1, -(-1)^n / (4 a[-n - 2]), n == -1, 1/2, True, (2 n + 1)! / n!]; (* _Michael Somos_, Jan 03 2015 *)	[1, 6, 60, 840, 15120, 332640, 8648640, 259459200, 8821612800, 335221286400, 14079294028800, 647647525324800, 32382376266240000, 1748648318376960000, 101421602465863680000, 6288139352883548160000, 415017197290314178560000]
A000409	a[n_] := -Sum[ StirlingS1[n+1, k+1]*Binomial[2^k-1, n], {k, 0, n-1}]; Table[a[n], {n, 2, 15}] (* _Jean-François Alcover_, Nov 21 2012, from formula *)	[0, 6, 350, 43260, 14591171, 14657461469, 46173502811223, 474928141312623525, 16489412944755088235117, 1985178211854071817861662307, 846428472480689964807653763864449, 1299141117072945982773752362381072143359, 7268140170419155675761326840423792818571154945, 149650282980396792665043455999899697765782372693740287]
A000420	Table[7^n, {n,0,50}] (* _Vladimir Joseph Stephan Orlovsky_, Feb 15 2011 *)	[1, 7, 49, 343, 2401, 16807, 117649, 823543, 5764801, 40353607, 282475249, 1977326743, 13841287201, 96889010407, 678223072849, 4747561509943, 33232930569601, 232630513987207, 1628413597910449, 11398895185373143, 79792266297612001, 558545864083284007]
A000422	b = {}; a = {}; Do[w = RealDigits[n]; w = First[w]; Do[PrependTo[a, w[[Length[w] - k + 1]]], {k, 1, Length[w]}]; p = FromDigits[a]; AppendTo[b, p], {n, 1, 30}]; b (* _Artur Jasinski_, Mar 30 2008 *)	[1, 21, 321, 4321, 54321, 654321, 7654321, 87654321, 987654321, 10987654321, 1110987654321, 121110987654321, 13121110987654321, 1413121110987654321, 151413121110987654321, 16151413121110987654321, 1716151413121110987654321, 181716151413121110987654321]
A000422	Table[FromDigits[Flatten[IntegerDigits/@Range[n,1,-1]]],{n,20}] (* _Harvey P. Dale_, Jul 06 2019 *)	[1, 21, 321, 4321, 54321, 654321, 7654321, 87654321, 987654321, 10987654321, 1110987654321, 121110987654321, 13121110987654321, 1413121110987654321, 151413121110987654321, 16151413121110987654321, 1716151413121110987654321, 181716151413121110987654321]
A000424	T[n_, k_] := If[k <= n, (n-k+2)!^k*Sum[(-1)^(j+1)*Binomial[n-k+2, j]/j^k, {j, 1, n-k+2}], 0]; a[n_] := T[n+1, 2]; Table[a[n], {n, 1, 10}] (* _Jean-François Alcover_, Feb 08 2016, after _Alois P. Heinz_ in A008969 *)	[7, 85, 1660, 48076, 1942416, 104587344, 7245893376, 628308907776, 66687811660800, 8506654697548800, 1284292319599411200, 226530955276874956800, 46165213716463676620800, 10765453901922078105600000, 2848453606917036402278400000, 848800150518516674081587200000]
A000430	nn = 223; t = Union[Prime[Range[PrimePi[nn]]], Prime[Range[PrimePi[Sqrt[nn]]]]^2] (* _T. D. Noe_, Apr 11 2011 *)	[2, 3, 4, 5, 7, 9, 11, 13, 17, 19, 23, 25, 29, 31, 37, 41, 43, 47, 49, 53, 59, 61, 67, 71, 73, 79, 83, 89, 97, 101, 103, 107, 109, 113, 121, 127, 131, 137, 139, 149, 151, 157, 163, 167, 169, 173, 179, 181, 191, 193, 197, 199, 211, 223]
A000431	Join[{0}, LinearRecurrence[{8, -20, 16}, {0, 0, 2}, 30]] (* _Jean-François Alcover_, Jan 31 2016 *)	[0, 0, 0, 2, 16, 88, 416, 1824, 7680, 31616, 128512, 518656, 2084864, 8361984, 33497088, 134094848, 536608768, 2146926592, 8588754944, 34357248000, 137433710592, 549744803840, 2199000186880, 8796044787712, 35184271425536, 140737278640128, 562949517213696]
A000435	f[n_] := (n - 1)! Sum [n^k/k!, {k, 0, n - 2}]; Array[f, 18] (* _Robert G. Wilson v_, Aug 10 2010 *)	[0, 1, 8, 78, 944, 13800, 237432, 4708144, 105822432, 2660215680, 73983185000, 2255828154624, 74841555118992, 2684366717713408, 103512489775594200, 4270718991667353600, 187728592242564421568, 8759085548690928992256, 432357188322752488126152, 22510748754252398927872000]
A000436	a[0] = 1; a[n_] := a[n] = (-1)^n*(1 - Sum[(-1)^i*Binomial[2n, 2i]*3^(2n - 2i)*a[i], {i, 0, n-1}]); Table[a[n], {n, 0, 12}] (* _Jean-François Alcover_, Jan 31 2012, after _R. J. Mathar_ *)	[1, 8, 352, 38528, 7869952, 2583554048, 1243925143552, 825787662368768, 722906928498737152, 806875574817679474688, 1118389087843083461066752, 1884680130335630169428983808, 3794717805092151129643367268352]
A000439	Table[(n^4 + 18 n^3 + 83 n^2 + 114 n) / 24, {n, 50}] (* _Vincenzo Librandi_, Mar 18 2020 *)	[9, 30, 69, 133, 230, 369, 560, 814, 1143, 1560, 2079, 2715, 3484, 4403, 5490, 6764, 8245, 9954, 11913, 14145, 16674, 19525, 22724, 26298, 30275, 34684, 39555, 44919, 50808, 57255, 64294, 71960, 80289, 89318, 99085, 109629, 120990, 133209, 146328, 160390, 175439, 191520, 208679]
A000439	LinearRecurrence[{5,-10,10,-5,1},{9,30,69,133,230},50] (* _Harvey P. Dale_, May 15 2023 *)	[9, 30, 69, 133, 230, 369, 560, 814, 1143, 1560, 2079, 2715, 3484, 4403, 5490, 6764, 8245, 9954, 11913, 14145, 16674, 19525, 22724, 26298, 30275, 34684, 39555, 44919, 50808, 57255, 64294, 71960, 80289, 89318, 99085, 109629, 120990, 133209, 146328, 160390, 175439, 191520, 208679]
A000442	Table[(n!)^3, {n, 0, 20}] (* _Stefan Steinerberger_, Apr 14 2006 *)	[1, 1, 8, 216, 13824, 1728000, 373248000, 128024064000, 65548320768000, 47784725839872000, 47784725839872000000, 63601470092869632000000, 109903340320478724096000000, 241457638684091756838912000000, 662559760549147780765974528000000, 2236139191853373760085164032000000000]
A000447	Table[n (4 n^2 - 1)/3, {n, 0, 80}] (* _Vladimir Joseph Stephan Orlovsky_, Apr 18 2011 *)	[0, 1, 10, 35, 84, 165, 286, 455, 680, 969, 1330, 1771, 2300, 2925, 3654, 4495, 5456, 6545, 7770, 9139, 10660, 12341, 14190, 16215, 18424, 20825, 23426, 26235, 29260, 32509, 35990, 39711, 43680, 47905, 52394, 57155, 62196, 67525, 73150, 79079, 85320, 91881, 98770, 105995, 113564, 121485]
A000447	LinearRecurrence[{4, -6, 4, -1}, {0, 1, 10, 35}, 80] (* _Harvey P. Dale_, May 25 2012 *)	[0, 1, 10, 35, 84, 165, 286, 455, 680, 969, 1330, 1771, 2300, 2925, 3654, 4495, 5456, 6545, 7770, 9139, 10660, 12341, 14190, 16215, 18424, 20825, 23426, 26235, 29260, 32509, 35990, 39711, 43680, 47905, 52394, 57155, 62196, 67525, 73150, 79079, 85320, 91881, 98770, 105995, 113564, 121485]
A000449	Table[Subfactorial[n - 3]*Binomial[n, 3], {n, 3, 22}] (* _Zerinvary Lajos_, Jul 10 2009 *)	[1, 0, 10, 40, 315, 2464, 22260, 222480, 2447445, 29369120, 381798846, 5345183480, 80177752655, 1282844041920, 21808348713320, 392550276838944, 7458455259940905, 149169105198816960, 3132551209175157490, 68916126601853463240]
A000453	LinearRecurrence[{10, -35, 50, -24}, {1, 10, 65, 350}, 100] (* _Vladimir Joseph Stephan Orlovsky_, Feb 23 2012 *)	[1, 10, 65, 350, 1701, 7770, 34105, 145750, 611501, 2532530, 10391745, 42355950, 171798901, 694337290, 2798806985, 11259666950, 45232115901, 181509070050, 727778623825, 2916342574750, 11681056634501, 46771289738810, 187226356946265, 749329038535350]
A000454	Abs[StirlingS1[Range[4,20],4]] (* _Harvey P. Dale_, Aug 26 2011 *)	[1, 10, 85, 735, 6769, 67284, 723680, 8409500, 105258076, 1414014888, 20313753096, 310989260400, 5056995703824, 87077748875904, 1583313975727488, 30321254007719424, 610116075740491776]
A000457	Table[(2n+3)!/(3!*n!*2^n), {n,0,30}] (* _G. C. Greubel_, May 15 2018 *)	[1, 10, 105, 1260, 17325, 270270, 4729725, 91891800, 1964187225, 45831035250, 1159525191825, 31623414322500, 924984868933125, 28887988983603750, 959493919812553125, 33774185977401870000, 1255977541034632040625]
A000458	a[0] = a[1] = 1; a[n_] := a[n] = DivisorSigma[1, a[n-1]] + DivisorSigma[1, a[n-2]]; Table[a[n], {n, 0, 30}] (* _Jean-François Alcover_, Feb 08 2016 *)	[1, 1, 2, 4, 10, 25, 49, 88, 237, 500, 1412, 3570, 12846, 36072, 126504, 493920, 2358720, 12292224, 49984224, 171237888, 642804078, 1980490350, 6380883000, 27032104440, 117961599600, 555861355920, 2623445776224]
A000458	nxt[{a_,b_}]:={b,DivisorSigma[1,a]+DivisorSigma[1,b]}; NestList[nxt,{1,1},30][[All,1]] (* _Harvey P. Dale_, Dec 09 2022 *)	[1, 1, 2, 4, 10, 25, 49, 88, 237, 500, 1412, 3570, 12846, 36072, 126504, 493920, 2358720, 12292224, 49984224, 171237888, 642804078, 1980490350, 6380883000, 27032104440, 117961599600, 555861355920, 2623445776224]
A000459	a[n_] := a[n] = n*(2*n-1)*a[n-1] + 2*n*(n-1)*a[n-2] - (2*n-1); a[0] = 1; a[1] = 0; a[2] = 1; Table[a[n], {n, 0, 14}] (* _Jean-François Alcover_, Mar 04 2013 *)	[1, 0, 1, 10, 297, 13756, 925705, 85394646, 10351036465, 1596005408152, 305104214112561, 70830194649795010, 19629681235869138841, 6401745422388206166420, 2427004973632598297444857, 1058435896607583305978409166, 526149167104704966948064477665]
A000460	Array[3^(# + 2) - (# + 3)*2^(# + 2) + (1/2)*(# + 2)*(# + 3) &, 23] (* _Michael De Vlieger_, Aug 04 2015, after PARI *)	[1, 11, 66, 302, 1191, 4293, 14608, 47840, 152637, 478271, 1479726, 4537314, 13824739, 41932745, 126781020, 382439924, 1151775897, 3464764515, 10414216090, 31284590870, 93941852511, 282010106381, 846416194536, 2540053889352, 7621839388981, 22869007827143]
A000461	Table[FromDigits[Flatten[IntegerDigits/@Table[n,{n}]]],{n,15}] (* _Harvey P. Dale_, Mar 01 2015 *)	[1, 22, 333, 4444, 55555, 666666, 7777777, 88888888, 999999999, 10101010101010101010, 1111111111111111111111, 121212121212121212121212, 13131313131313131313131313, 1414141414141414141414141414, 151515151515151515151515151515, 16161616161616161616161616161616]
A000461	Table[FromDigits[PadRight[{},n IntegerLength[n],IntegerDigits[n]]],{n,15}] (* _Harvey P. Dale_, Jun 19 2016 *)	[1, 22, 333, 4444, 55555, 666666, 7777777, 88888888, 999999999, 10101010101010101010, 1111111111111111111111, 121212121212121212121212, 13131313131313131313131313, 1414141414141414141414141414, 151515151515151515151515151515, 16161616161616161616161616161616]
A000463	Riffle[Range[40], Range[40]^2] (* _Bruno Berselli_, Jul 15 2013 *)	[1, 1, 2, 4, 3, 9, 4, 16, 5, 25, 6, 36, 7, 49, 8, 64, 9, 81, 10, 100, 11, 121, 12, 144, 13, 169, 14, 196, 15, 225, 16, 256, 17, 289, 18, 324, 19, 361, 20, 400, 21, 441, 22, 484, 23, 529, 24, 576, 25, 625, 26, 676, 27, 729, 28, 784, 29, 841, 30, 900, 31, 961, 32, 1024, 33, 1089, 34, 1156, 35, 1225, 36, 1296]
A000463	a[ n_] := If[ OddQ @ n, (n + 1) / 2, n^2 / 4]; (* _Michael Somos_, May 28 2014 *)	[1, 1, 2, 4, 3, 9, 4, 16, 5, 25, 6, 36, 7, 49, 8, 64, 9, 81, 10, 100, 11, 121, 12, 144, 13, 169, 14, 196, 15, 225, 16, 256, 17, 289, 18, 324, 19, 361, 20, 400, 21, 441, 22, 484, 23, 529, 24, 576, 25, 625, 26, 676, 27, 729, 28, 784, 29, 841, 30, 900, 31, 961, 32, 1024, 33, 1089, 34, 1156, 35, 1225, 36, 1296]
A000466	4 Range[0,50]^2-1 (* _Harvey P. Dale_, Jan 23 2011 *)	[-1, 3, 15, 35, 63, 99, 143, 195, 255, 323, 399, 483, 575, 675, 783, 899, 1023, 1155, 1295, 1443, 1599, 1763, 1935, 2115, 2303, 2499, 2703, 2915, 3135, 3363, 3599, 3843, 4095, 4355, 4623, 4899, 5183, 5475, 5775, 6083, 6399, 6723, 7055, 7395]
A000471	Table[Floor[Sinh[n]], {n, 0, 50}] (* _Stefan Steinerberger_, Apr 15 2006 *)	[0, 1, 3, 10, 27, 74, 201, 548, 1490, 4051, 11013, 29937, 81377, 221206, 601302, 1634508, 4443055, 12077476, 32829984, 89241150, 242582597, 659407867, 1792456423, 4872401723, 13244561064, 36002449668, 97864804714, 266024120300, 723128532145, 1965667148572]
A000471	Table[Floor[E^n/2], {n, 0, 30}] (* _Bruno Berselli_, Mar 04 2016 *)	[0, 1, 3, 10, 27, 74, 201, 548, 1490, 4051, 11013, 29937, 81377, 221206, 601302, 1634508, 4443055, 12077476, 32829984, 89241150, 242582597, 659407867, 1792456423, 4872401723, 13244561064, 36002449668, 97864804714, 266024120300, 723128532145, 1965667148572]
A000475	Table[Subfactorial[n - 4]*Binomial[n, 4], {n, 4, 23}] (* _Zerinvary Lajos_, Jul 10 2009 *)	[1, 0, 15, 70, 630, 5544, 55650, 611820, 7342335, 95449640, 1336295961, 20044438050, 320711010620, 5452087178160, 98137569209940, 1864613814984984, 37292276299704525, 783137802293789040, 17229031650463366195, 396267727960657413630]
A000480	Table[Floor[Cos[n]], {n, 0, 100}]	[1, 0, -1, -1, -1, 0, 0, 0, -1, -1, -1, 0, 0, 0, 0, -1, -1, -1, 0, 0, 0, -1, -1, -1, 0, 0, 0, -1, -1, -1, 0, 0, 0, -1, -1, -1, -1, 0, 0, 0, -1, -1, -1, 0, 0, 0, -1, -1, -1, 0, 0, 0, -1, -1, -1, 0, 0, 0, 0, -1, -1, -1, 0, 0, 0, -1, -1, -1, 0, 0, 0, -1, -1, -1, 0, 0, 0, -1, -1, -1]
A000481	lst={};Do[f=StirlingS2[n, 5];AppendTo[lst, f], {n, 5, 5!}];lst (* _Vladimir Joseph Stephan Orlovsky_, Sep 27 2008 *)	[1, 15, 140, 1050, 6951, 42525, 246730, 1379400, 7508501, 40075035, 210766920, 1096190550, 5652751651, 28958095545, 147589284710, 749206090500, 3791262568401, 19137821912055, 96416888184100, 485000783495250, 2436684974110751, 12230196160292565, 61338207158409090]
A000481	StirlingS2[Range[5,30],5] (* _Harvey P. Dale_, May 15 2017 *)	[1, 15, 140, 1050, 6951, 42525, 246730, 1379400, 7508501, 40075035, 210766920, 1096190550, 5652751651, 28958095545, 147589284710, 749206090500, 3791262568401, 19137821912055, 96416888184100, 485000783495250, 2436684974110751, 12230196160292565, 61338207158409090]
A000482	Abs[StirlingS1[Range[5,30],5]] (* _Harvey P. Dale_, May 26 2014 *)	[1, 15, 175, 1960, 22449, 269325, 3416930, 45995730, 657206836, 9957703756, 159721605680, 2706813345600, 48366009233424, 909299905844112, 17950712280921504, 371384787345228000, 8037811822645051776, 181664979520697076096, 4280722865357147142912, 105005310755917452984576]
A000484	Array[ Round[ Cos[ # ] // N ]&, 90, 0 ]	[1, 1, 0, -1, -1, 0, 1, 1, 0, -1, -1, 0, 1, 1, 0, -1, -1, 0, 1, 1, 0, -1, -1, -1, 0, 1, 1, 0, -1, -1, 0, 1, 1, 0, -1, -1, 0, 1, 1, 0, -1, -1, 0, 1, 1, 1, 0, -1, -1, 0, 1, 1, 0, -1, -1, 0, 1, 1, 0, -1, -1, 0, 1, 1, 0, -1, -1, -1, 0, 1, 1, 0, -1, -1, 0, 1, 1, 0, -1, -1, 0, 1, 1, 0]
A000489	a[n_] := 3*Binomial[n, 3]*Sum[Binomial[n, k + 3]*Binomial[n, k]*Binomial[n - 3, k], {k, 0, n - 3}] + 6 n*Binomial[n, 2]*Sum[Binomial[n, k + 1]*Binomial[n - 1, k + 2]*Binomial[n - 2, k], {k, 0, n - 3}] + n^3*Sum[Binomial[n - 1, k]^3, {k, 0, n - 1}]; Table[a[n], {n, 20}] (* _T. D. Noe_, Jun 20 2012 *)	[1, 16, 435, 7136, 99350, 1234032, 14219212, 155251840, 1628202762, 16550991200, 164111079110, 1594594348800, 15235525651840, 143518352447680, 1335670583147400, 12301278983461376, 112264111607438906, 1016361486936571680, 9136254276320346046]
A000493	Floor[Sin[Range[0,90]]] (* _Harvey P. Dale_, Dec 04 2012 *)	[0, 0, 0, 0, -1, -1, -1, 0, 0, 0, -1, -1, -1, 0, 0, 0, -1, -1, -1, 0, 0, 0, -1, -1, -1, -1, 0, 0, 0, -1, -1, -1, 0, 0, 0, -1, -1, -1, 0, 0, 0, -1, -1, -1, 0, 0, 0, 0, -1, -1, -1, 0, 0, 0, -1, -1, -1, 0, 0, 0, -1, -1, -1, 0, 0, 0, -1, -1, -1, -1, 0, 0, 0, -1, -1, -1, 0, 0, 0, -1, -1, -1, 0, 0]
A000494	Array[ Round[ Sin[ # ] // N ]&, 90, 0 ]	[0, 1, 1, 0, -1, -1, 0, 1, 1, 0, -1, -1, -1, 0, 1, 1, 0, -1, -1, 0, 1, 1, 0, -1, -1, 0, 1, 1, 0, -1, -1, 0, 1, 1, 1, 0, -1, -1, 0, 1, 1, 0, -1, -1, 0, 1, 1, 0, -1, -1, 0, 1, 1, 0, -1, -1, -1, 0, 1, 1, 0, -1, -1, 0, 1, 1, 0, -1, -1, 0, 1, 1, 0, -1, -1, 0, 1, 1, 1, 0, -1, -1, 0, 1, 1, 0, -1, -1, 0, 1, 1, 0, -1]
A000495	Table[Floor[Sinh[n] + 1/2], {n, 0, 50}] (* _T. D. Noe_, Jun 20 2012 *)	[0, 1, 4, 10, 27, 74, 202, 548, 1490, 4052, 11013, 29937, 81377, 221207, 601302, 1634509, 4443055, 12077476, 32829985, 89241150, 242582598, 659407867, 1792456423, 4872401723, 13244561065, 36002449669, 97864804714, 266024120301, 723128532146, 1965667148572]
A000497	Table[n*(n+1)*(2*n+1)*2^n*Gamma[n+3/2]/(9*Sqrt[Pi]),{n,1,20}] (* _Vaclav Kotesovec_, Aug 07 2013 *)	[1, 25, 490, 9450, 190575, 4099095, 94594500, 2343240900, 62199262125, 1764494857125, 53338158823950, 1712934942468750, 58274046742786875, 2094379201311271875, 79318164037837725000, 3157886388887074845000]
A000498	LinearRecurrence[{20, -175, 882, -2835, 6072, -8777, 8458, -5204, 1848, -288}, {1, 26, 302, 2416, 15619, 88234, 455192, 2203488, 10187685, 45533450}, 30] (* _Jean-François Alcover_, Feb 09 2016 *)	[1, 26, 302, 2416, 15619, 88234, 455192, 2203488, 10187685, 45533450, 198410786, 848090912, 3572085255, 14875399450, 61403313100, 251732291184, 1026509354985, 4168403181210, 16871482830550, 68111623139600]
A000498	Table[(6*4^n - 6*(n + 1)*3^n + 3*(n)*(n + 1)*2^n - (n - 1)*(n)*(n + 1))/6, {n, 4, 50}] (* _G. C. Greubel_, Oct 23 2017 *)	[1, 26, 302, 2416, 15619, 88234, 455192, 2203488, 10187685, 45533450, 198410786, 848090912, 3572085255, 14875399450, 61403313100, 251732291184, 1026509354985, 4168403181210, 16871482830550, 68111623139600]
A000501	Table[Floor[Cosh[n]], {n, 0, 50}] (* _T. D. Noe_, Jun 20 2012 *)	[1, 1, 3, 10, 27, 74, 201, 548, 1490, 4051, 11013, 29937, 81377, 221206, 601302, 1634508, 4443055, 12077476, 32829984, 89241150, 242582597, 659407867, 1792456423, 4872401723, 13244561064, 36002449668, 97864804714, 266024120300, 723128532145, 1965667148572]
A000503	Table[Floor[Tan[n]], {n, 0, 100}] (* _Stefan Steinerberger_, Apr 09 2006 *)	[0, 1, -3, -1, 1, -4, -1, 0, -7, -1, 0, -226, -1, 0, 7, -1, 0, 3, -2, 0, 2, -2, 0, 1, -3, -1, 1, -4, -1, 0, -7, -1, 0, -76, -1, 0, 7, -1, 0, 3, -2, 0, 2, -2, 0, 1, -3, -1, 1, -4, -1, 0, -7, -1, 0, -46, -1, 0, 8, -1, 0, 3, -2, 0, 2, -2, 0, 1, -3, -1, 1, -4, -1, 0, -6, -1, 0, -33, -1, 0, 9, -1, 0, 3, -2, 0, 2, -2, 0, 1, -2, -1, 1, -3, -1, 0, -6, -1, 0, -26]
A000505	a[n_] := 5^n - 2^(n-1)*n*(n^2-1)/3 - 4^n*(n+1) + 3^n*n*(n+1)/2 + (n-2)* (n-1)*n*(n+1)/24; Table[a[n], {n, 5, 25}] (* _Jean-François Alcover_, Feb 09 2016 *)	[1, 57, 1191, 15619, 156190, 1310354, 9738114, 66318474, 423281535, 2571742175, 15041229521, 85383238549, 473353301060, 2575022097600, 13796160184500, 73008517581444, 382493246941965, 1987497491971605, 10258045633638475]
A000515	Table[(2 n + 1) (n + 1)^2 CatalanNumber[n]^2, {n, 0, 18}] (* _Jan Mangaldan_, Sep 23 2021 *)	[1, 12, 180, 2800, 44100, 698544, 11099088, 176679360, 2815827300, 44914183600, 716830370256, 11445589052352, 182811491808400, 2920656969720000, 46670906271240000, 745904795339462400, 11922821963004219300, 190600129650794094000, 3047248986392325330000]
A000517	LinearRecurrence[{40, -700, 7056, -45360, 194304, -561728, 1082624, -1332224, 946176, -294912}, {272, 7936, 137216, 1841152, 21253376, 222398464, 2174832640, 20261765120, 182172651520, 1594922762240}, 20] (* _Jean-François Alcover_, Feb 09 2016 *)	[272, 7936, 137216, 1841152, 21253376, 222398464, 2174832640, 20261765120, 182172651520, 1594922762240, 13684856848384, 115620218667008, 965271355195392, 7984436548730880, 65569731961159680, 535438370914959360, 4353038473793372160, 35266789418949672960]
A000520	Table[Floor[Log[10, n] + 1/2], {n, 100}] (* _T. D. Noe_, Jun 20 2012 *)	[0, 0, 0, 1, 1, 1, 1, 1, 1, 1, 1, 1, 1, 1, 1, 1, 1, 1, 1, 1, 1, 1, 1, 1, 1, 1, 1, 1, 1, 1, 1, 2, 2, 2, 2, 2, 2, 2, 2, 2, 2, 2, 2, 2, 2, 2, 2, 2, 2, 2, 2, 2, 2, 2, 2, 2, 2, 2, 2, 2, 2, 2, 2, 2, 2, 2, 2, 2, 2, 2, 2, 2, 2, 2, 2, 2, 2, 2, 2, 2, 2, 2, 2, 2, 2, 2, 2]
A000522	nn = 20; Accumulate[Table[1/k!, {k, 0, nn}]] Range[0, nn]! (* _Jan Mangaldan_, Apr 21 2013 *)	[1, 2, 5, 16, 65, 326, 1957, 13700, 109601, 986410, 9864101, 108505112, 1302061345, 16926797486, 236975164805, 3554627472076, 56874039553217, 966858672404690, 17403456103284421, 330665665962404000, 6613313319248080001, 138879579704209680022, 3055350753492612960485, 70273067330330098091156]
A000522	FoldList[#1*#2 + #2 &, 0, Range@ 23] + 1 (* or *)	[1, 2, 5, 16, 65, 326, 1957, 13700, 109601, 986410, 9864101, 108505112, 1302061345, 16926797486, 236975164805, 3554627472076, 56874039553217, 966858672404690, 17403456103284421, 330665665962404000, 6613313319248080001, 138879579704209680022, 3055350753492612960485, 70273067330330098091156]
A000522	f[n_] := Floor[E*n!]; f[0] = 1; Array[f, 20, 0] (* _Robert G. Wilson v_, Feb 13 2015 *)	[1, 2, 5, 16, 65, 326, 1957, 13700, 109601, 986410, 9864101, 108505112, 1302061345, 16926797486, 236975164805, 3554627472076, 56874039553217, 966858672404690, 17403456103284421, 330665665962404000, 6613313319248080001, 138879579704209680022, 3055350753492612960485, 70273067330330098091156]
A000522	nxt[{n_,a_}]:={n+1,a(n+1)+1}; NestList[nxt,{0,1},30][[All,2]] (* _Harvey P. Dale_, Jan 29 2023 *)	[1, 2, 5, 16, 65, 326, 1957, 13700, 109601, 986410, 9864101, 108505112, 1302061345, 16926797486, 236975164805, 3554627472076, 56874039553217, 966858672404690, 17403456103284421, 330665665962404000, 6613313319248080001, 138879579704209680022, 3055350753492612960485, 70273067330330098091156]
A000523	Floor[Log[2,Range[110]]] (* _Harvey P. Dale_, Jul 16 2012 *)	[0, 1, 1, 2, 2, 2, 2, 3, 3, 3, 3, 3, 3, 3, 3, 4, 4, 4, 4, 4, 4, 4, 4, 4, 4, 4, 4, 4, 4, 4, 4, 5, 5, 5, 5, 5, 5, 5, 5, 5, 5, 5, 5, 5, 5, 5, 5, 5, 5, 5, 5, 5, 5, 5, 5, 5, 5, 5, 5, 5, 5, 5, 5, 6, 6, 6, 6, 6, 6, 6, 6, 6, 6, 6, 6, 6, 6, 6, 6, 6, 6, 6, 6, 6, 6, 6, 6, 6, 6, 6, 6, 6, 6, 6, 6, 6, 6, 6, 6, 6, 6, 6, 6, 6, 6]
A000523	a[ n_] := If[ n < 1, 0, BitLength[n] - 1]; (* _Michael Somos_, Jul 10 2018 *)	[0, 1, 1, 2, 2, 2, 2, 3, 3, 3, 3, 3, 3, 3, 3, 4, 4, 4, 4, 4, 4, 4, 4, 4, 4, 4, 4, 4, 4, 4, 4, 5, 5, 5, 5, 5, 5, 5, 5, 5, 5, 5, 5, 5, 5, 5, 5, 5, 5, 5, 5, 5, 5, 5, 5, 5, 5, 5, 5, 5, 5, 5, 5, 6, 6, 6, 6, 6, 6, 6, 6, 6, 6, 6, 6, 6, 6, 6, 6, 6, 6, 6, 6, 6, 6, 6, 6, 6, 6, 6, 6, 6, 6, 6, 6, 6, 6, 6, 6, 6, 6, 6, 6, 6, 6]
A000531	a[n_] := ((2n+1)!/n!^2-4^n)/2; Table[a[n], {n, 1, 22}] (* _Jean-François Alcover_, Dec 07 2011, after Pari *)	[1, 7, 38, 187, 874, 3958, 17548, 76627, 330818, 1415650, 6015316, 25413342, 106853668, 447472972, 1867450648, 7770342787, 32248174258, 133530264682, 551793690628, 2276098026922, 9373521044908, 38546133661492]
A000533	Join[{1},LinearRecurrence[{11,-10},{11,101},20]] (* _Harvey P. Dale_, May 01 2014 *)	[1, 11, 101, 1001, 10001, 100001, 1000001, 10000001, 100000001, 1000000001, 10000000001, 100000000001, 1000000000001, 10000000000001, 100000000000001, 1000000000000001, 10000000000000001]
A000534	Join[{0,1,2,3,5,6,8,9,11,14,17,24,29,32,41}, LinearRecurrence[{0, 0, 4}, {56, 96, 128}, 30]] (* _Jean-François Alcover_, Feb 09 2016 *)	[0, 1, 2, 3, 5, 6, 8, 9, 11, 14, 17, 24, 29, 32, 41, 56, 96, 128, 224, 384, 512, 896, 1536, 2048, 3584, 6144, 8192, 14336, 24576, 32768, 57344, 98304, 131072, 229376, 393216, 524288, 917504, 1572864, 2097152, 3670016, 6291456, 8388608, 14680064]
A000535	a[n_] := 3*Binomial[n, 2]*Sum[Binomial[n, k+2]*Binomial[n, k]*Binomial[n-2, k], {k, 0, n-2}] + 3n^2*Sum[Binomial[n, k+1]*Binomial[n-1, k+1]*Binomial[ n-1, k], {k, 0, n-2}] (* _Jean-François Alcover_, Feb 09 2016 *)	[0, 27, 378, 4536, 48600, 489780, 4738104, 44535456, 409752432, 3708359550, 33125746500, 292779558720, 2565087894720, 22307854940280, 192788833482000, 1657111548654720, 14176605442521312, 120779466450505758, 1025230099571720676, 8674221270307971600]
A000536	K[0, 0] = 1; K[n_, 0] := K[n, 0] = n*K[n-1, 0] + (-1)^n; K[n_, j_] := K[n, j] = (1/j)(n*(n+1-2*j)*K[n-1, j-1] + n*(n-1)*K[n-2, j-1]); a[n_] := K[n, 2]; Table[a[n], {n, 4, 33}] (* _Jean-François Alcover_, Feb 09 2016, after _Sean A. Irvine_ *)	[24, 240, 2520, 26880, 304080, 3671136, 47391120, 653463360, 9603708840, 150046937040, 2485510331304, 43536519673920, 804343214307360, 15636586027419840, 319143375070100640, 6824486562845878656, 152599994618389811640, 3561710724832153990320, 86627571138529803385080, 2192153071078356814538880, 57633178354598014299807984, 1572073330365520093029415200, 44434609885866805678475703600, 1299879247128621094998213278400, 39312834919322919649653205283400, 1227895179113516869799082638629776, 39569125440836907870479047149487560, 1314368274045259508166257769617810880, 44963797526832537006635800892057862720, 1582832153412276057834241761650127323520]
A000537	f[n_] := n^2 (n + 1)^2/4; Array[f, 39, 0] (* _Robert G. Wilson v_, Nov 16 2012 *)	[0, 1, 9, 36, 100, 225, 441, 784, 1296, 2025, 3025, 4356, 6084, 8281, 11025, 14400, 18496, 23409, 29241, 36100, 44100, 53361, 64009, 76176, 90000, 105625, 123201, 142884, 164836, 189225, 216225, 246016, 278784, 314721, 354025, 396900, 443556, 494209, 549081]
A000537	Binomial[Range[20], 2]^2 (* _Eric W. Weisstein_, Jan 02 2018 *)	[0, 1, 9, 36, 100, 225, 441, 784, 1296, 2025, 3025, 4356, 6084, 8281, 11025, 14400, 18496, 23409, 29241, 36100, 44100, 53361, 64009, 76176, 90000, 105625, 123201, 142884, 164836, 189225, 216225, 246016, 278784, 314721, 354025, 396900, 443556, 494209, 549081]
A000537	LinearRecurrence[{5, -10, 10, -5, 1}, {0, 1, 9, 36, 100}, 20] (* _Eric W. Weisstein_, Jan 02 2018 *)	[0, 1, 9, 36, 100, 225, 441, 784, 1296, 2025, 3025, 4356, 6084, 8281, 11025, 14400, 18496, 23409, 29241, 36100, 44100, 53361, 64009, 76176, 90000, 105625, 123201, 142884, 164836, 189225, 216225, 246016, 278784, 314721, 354025, 396900, 443556, 494209, 549081]
A000538	LinearRecurrence[{6, -15, 20, -15, 6, -1}, {0, 1, 17, 98, 354, 979}, 35] (* _Jean-François Alcover_, Feb 09 2016 *)	[0, 1, 17, 98, 354, 979, 2275, 4676, 8772, 15333, 25333, 39974, 60710, 89271, 127687, 178312, 243848, 327369, 432345, 562666, 722666, 917147, 1151403, 1431244, 1763020, 2153645, 2610621, 3142062, 3756718, 4463999, 5273999, 6197520, 7246096, 8432017, 9768353]
A000538	Table[x^5/5+x^4/2+x^3/3-x/30,{x,40}] (* _Harvey P. Dale_, Jun 06 2021 *)	[0, 1, 17, 98, 354, 979, 2275, 4676, 8772, 15333, 25333, 39974, 60710, 89271, 127687, 178312, 243848, 327369, 432345, 562666, 722666, 917147, 1151403, 1431244, 1763020, 2153645, 2610621, 3142062, 3756718, 4463999, 5273999, 6197520, 7246096, 8432017, 9768353]
A000539	LinearRecurrence[{7, -21, 35, -35, 21, -7, 1}, {0, 1, 33, 276, 1300, 4425, 12201}, 41] (* _Jean-François Alcover_, Feb 09 2016 *)	[0, 1, 33, 276, 1300, 4425, 12201, 29008, 61776, 120825, 220825, 381876, 630708, 1002001, 1539825, 2299200, 3347776, 4767633, 6657201, 9133300, 12333300, 16417401, 21571033, 28007376, 35970000, 45735625, 57617001, 71965908, 89176276, 109687425, 133987425, 162616576]
A000540	Accumulate[Range[0,30]^6] (* _Harvey P. Dale_, Jul 30 2009 *)	[0, 1, 65, 794, 4890, 20515, 67171, 184820, 446964, 978405, 1978405, 3749966, 6735950, 11562759, 19092295, 30482920, 47260136, 71397705, 105409929, 152455810, 216455810, 302221931, 415601835, 563637724, 754740700, 998881325, 1307797101, 1695217590]
A000540	LinearRecurrence[{8, -28, 56, -70, 56, -28, 8, -1}, {0, 1, 65, 794, 4890, 20515, 67171, 184820}, 31] (* _Jean-François Alcover_, Feb 09 2016 *)	[0, 1, 65, 794, 4890, 20515, 67171, 184820, 446964, 978405, 1978405, 3749966, 6735950, 11562759, 19092295, 30482920, 47260136, 71397705, 105409929, 152455810, 216455810, 302221931, 415601835, 563637724, 754740700, 998881325, 1307797101, 1695217590]
A000541	s = 0; lst = {s}; Do[s += n^7; AppendTo[lst, s], {n, 1, 30, 1}]; lst (* _Zerinvary Lajos_, Jul 12 2009 *)	[0, 1, 129, 2316, 18700, 96825, 376761, 1200304, 3297456, 8080425, 18080425, 37567596, 73399404, 136147921, 241561425, 412420800, 680856256, 1091194929, 1703414961, 2597286700, 3877286700, 5678375241, 8172733129, 11577558576, 16164030000, 22267545625]
A000541	LinearRecurrence[{9, -36, 84, -126, 126, -84, 36, -9, 1}, {0, 1, 129, 2316, 18700, 96825, 376761, 1200304, 3297456}, 35] (* _Vincenzo Librandi_, Feb 20 2016 *)	[0, 1, 129, 2316, 18700, 96825, 376761, 1200304, 3297456, 8080425, 18080425, 37567596, 73399404, 136147921, 241561425, 412420800, 680856256, 1091194929, 1703414961, 2597286700, 3877286700, 5678375241, 8172733129, 11577558576, 16164030000, 22267545625]
A000542	s = 0; lst = {s}; Do[s += n^8; AppendTo[lst, s], {n, 1, 30, 1}]; lst (* _Zerinvary Lajos_, Jul 12 2009 *)	[0, 1, 257, 6818, 72354, 462979, 2142595, 7907396, 24684612, 67731333, 167731333, 382090214, 812071910, 1627802631, 3103591687, 5666482312, 9961449608, 16937207049, 27957167625, 44940730666, 70540730666, 108363590027, 163239463563, 241550448844]
A000542	Accumulate[Range[0,30]^8] (* _Harvey P. Dale_, Jun 17 2015 *)	[0, 1, 257, 6818, 72354, 462979, 2142595, 7907396, 24684612, 67731333, 167731333, 382090214, 812071910, 1627802631, 3103591687, 5666482312, 9961449608, 16937207049, 27957167625, 44940730666, 70540730666, 108363590027, 163239463563, 241550448844]
A000543	Table[(n^8+17n^4+6n^2)/24,{n,0,30}] (* _Robert A. Russell_, Oct 08 2020 *)	[0, 1, 23, 333, 2916, 16725, 70911, 241913, 701968, 1798281, 4173775, 8942021, 17930628, 34009053, 61518471, 106823025, 179003456, 290715793, 459239463, 707740861, 1066780100, 1576090341, 2286660783, 3263156073, 4586706576]
A000548	okQ[n_] := n == 1 || AllTrue[FactorInteger[n][[All, 1]], Mod[#, 4] != 1& ]; A000548 = Select[Range[100], okQ]^2 (* _Jean-François Alcover_, Feb 09 2016 *)	[1, 4, 9, 16, 36, 49, 64, 81, 121, 144, 196, 256, 324, 361, 441, 484, 529, 576, 729, 784, 961, 1024, 1089, 1296, 1444, 1764, 1849, 1936, 2116, 2209, 2304, 2401, 2916, 3136, 3249, 3481, 3844, 3969, 4096, 4356, 4489]
A000551	a[n_] = n*(n-1)*Sum[k^(n-2-k)*Binomial[n-2, k-1], {k, n-2}]; Table[a[n], {n, 3, 21}] (* _Jean-François Alcover_, Jun 29 2011, after formula *)	[6, 36, 200, 1170, 7392, 50568, 372528, 2936070, 24617120, 218521116, 2045278248, 20112821274, 207162957120, 2228888801040, 24989309310944, 291322555295886, 3524580202643136, 44176839081266340, 572725044269255640]
A000554	f[n_] := n (n - 1)*StirlingS2[n - 2, 2]; Table[ f@n, {n, 4, 29}] (* _Robert G. Wilson v_, Jul 01 2007 *)	[12, 60, 210, 630, 1736, 4536, 11430, 28050, 67452, 159588, 372554, 859950, 1965840, 4456176, 10026702, 22412970, 49806980, 110100060, 242220594, 530578950, 1157627352, 2516581800, 5452594550, 11777604930, 25367149836, 54492396756, 116769422490, 249644973150]
A000555	a[n_] = n(n-1)(Sum[k^(n-k-2)*Binomial[n-2, k-1], {k, n-2}] - 2^(n-2) + 1); Table[a[n], {n, 5, 30}] (* _Jean-François Alcover_, Feb 10 2016, after _Sean A. Irvine_ *)	[60, 720, 6090, 47040, 363384, 2913120, 24560910, 218386080, 2044958916, 20112075984, 207161237010, 2228884869120, 24989300398320, 291322535242176, 3524580157816854, 44176838981652000, 572725044049055100, 7668896804089696560, 105920137922879314650, 1507138839384235136640, 22068265782102952223400, 332178010291171425732000, 5135009134117954527323550, 81449458937043220255508640]
A000557	f[n_] := Sum[ k!*StirlingS2[n, k]*Fibonacci[k + 2], {k, 0, n}]; Array[f, 20, 0] (* _Robert G. Wilson v_, Aug 16 2011 *)	[1, 2, 8, 50, 416, 4322, 53888, 783890, 13031936, 243733442, 5064992768, 115780447730, 2887222009856, 77998677862562, 2269232452763648, 70734934220015570, 2351893466832306176, 83086463910558199682, 3107896091715557654528, 122711086194279627711410]
A000561	LinearRecurrence[{4, -6, 4, -1}, {6, 44, 145, 336}, 50] (* _Jean-François Alcover_, Feb 10 2016 *)	[6, 44, 145, 336, 644, 1096, 1719, 2540, 3586, 4884, 6461, 8344, 10560, 13136, 16099, 19476, 23294, 27580, 32361, 37664, 43516, 49944, 56975, 64636, 72954, 81956, 91669, 102120, 113336, 125344, 138171, 151844, 166390, 181836, 198209, 215536, 233844, 253160, 273511, 294924, 317426, 341044]
A000562	Join[{9}, LinearRecurrence[{5, -10, 10, -5, 1}, {95, 420, 1225, 2834, 5652}, 40]] (* _Jean-François Alcover_, Feb 10 2016 *)	[9, 95, 420, 1225, 2834, 5652, 10165, 16940, 26625, 39949, 57722, 80835, 110260, 147050, 192339, 247342, 313355, 391755, 484000, 591629, 716262, 859600, 1023425, 1209600, 1420069, 1656857, 1922070, 2217895, 2546600, 2910534, 3312127, 3753890, 4238415, 4768375, 5346524, 5975697]
A000563	LinearRecurrence[{6, -15, 20, -15, 6, -1}, {13, 192, 1085, 3880, 10656, 24626}, 30] (* _Jean-François Alcover_, Feb 10 2016 *)	[13, 192, 1085, 3880, 10656, 24626, 50380, 94128, 163943, 270004, 424839, 643568, 944146, 1347606, 1878302, 2564152, 3436881, 4532264, 5890369, 7555800, 9577940, 12011194, 14915232, 18355232, 22402123, 27132828, 32630507, 38984800, 46292070]
A000564	Join[{20}, LinearRecurrence[{7, -21, 35, -35, 21, -7, 1}, {371, 2588, 11097, 35645, 94457, 218124, 454220}, 30]] (* _Jean-François Alcover_, Feb 10 2016 *)	[20, 371, 2588, 11097, 35645, 94457, 218124, 454220, 872648, 1571715, 2684936, 4388567, 6909867, 10536089, 15624200, 22611330, 32025950, 44499779, 60780420, 81744725, 108412889, 141963273, 183747956, 235309016, 298395540]
A000565	LinearRecurrence[{8, -28, 56, -70, 56, -28, 8, -1}, {31, 696, 5823, 29380, 108933, 327840, 848380, 1958004}, 30] (* _Jean-François Alcover_, Feb 10 2016 *)	[31, 696, 5823, 29380, 108933, 327840, 848380, 1958004, 4130895, 8107024, 14990889, 26372124, 44470165, 72305160, 113897310, 174496828, 260846703, 381480456, 547057075, 770735316, 1068589557, 1460069392, 1968505152, 2621661540]
A000566	PolygonalNumber[7,Range[0,50]] (* Requires Mathematica version 10 or later *) (* _Harvey P. Dale_, Jan 23 2021 *)	[0, 1, 7, 18, 34, 55, 81, 112, 148, 189, 235, 286, 342, 403, 469, 540, 616, 697, 783, 874, 970, 1071, 1177, 1288, 1404, 1525, 1651, 1782, 1918, 2059, 2205, 2356, 2512, 2673, 2839, 3010, 3186, 3367, 3553, 3744, 3940, 4141, 4347, 4558, 4774, 4995, 5221, 5452, 5688]
A000567	Table[n (3 n - 2), {n, 0, 50}] (* _Harvey P. Dale_, May 06 2012 *)	[0, 1, 8, 21, 40, 65, 96, 133, 176, 225, 280, 341, 408, 481, 560, 645, 736, 833, 936, 1045, 1160, 1281, 1408, 1541, 1680, 1825, 1976, 2133, 2296, 2465, 2640, 2821, 3008, 3201, 3400, 3605, 3816, 4033, 4256, 4485, 4720, 4961, 5208, 5461]
A000567	PolygonalNumber[8, Range[0, 20]] (* _Eric W. Weisstein_, Sep 07 2017 *)	[0, 1, 8, 21, 40, 65, 96, 133, 176, 225, 280, 341, 408, 481, 560, 645, 736, 833, 936, 1045, 1160, 1281, 1408, 1541, 1680, 1825, 1976, 2133, 2296, 2465, 2640, 2821, 3008, 3201, 3400, 3605, 3816, 4033, 4256, 4485, 4720, 4961, 5208, 5461]
A000570	LinearRecurrence[{1,0,1,1,1},{1,1,2,4,7},50] (* _Harvey P. Dale_, May 05 2011 *)	[1, 1, 2, 4, 7, 11, 18, 31, 53, 89, 149, 251, 424, 715, 1204, 2028, 3418, 5761, 9708, 16358, 27565, 46452, 78279, 131910, 222285, 374581, 631222, 1063696, 1792472, 3020560, 5090059, 8577449, 14454177, 24357268, 41045336, 69167021, 116555915]
A000572	Table[Floor[n*(E + 1)], {n, 100}] (* _T. D. Noe_, Jun 20 2012 *)	[3, 7, 11, 14, 18, 22, 26, 29, 33, 37, 40, 44, 48, 52, 55, 59, 63, 66, 70, 74, 78, 81, 85, 89, 92, 96, 100, 104, 107, 111, 115, 118, 122, 126, 130, 133, 137, 141, 145, 148, 152, 156, 159, 163, 167, 171, 174, 178, 182, 185, 189, 193, 197, 200, 204, 208, 211, 215, 219]
A000574	CoefficientList[Series[(3-2*x)/(1-x)^6,{x,0,40}],x] (* _Vincenzo Librandi_, Jun 10 2012 *)	[3, 16, 51, 126, 266, 504, 882, 1452, 2277, 3432, 5005, 7098, 9828, 13328, 17748, 23256, 30039, 38304, 48279, 60214, 74382, 91080, 110630, 133380, 159705, 190008, 224721, 264306, 309256, 360096, 417384, 481712, 553707, 634032, 723387, 822510]
A000578	Table[n^3, {n, 0, 30}] (* _Stefan Steinerberger_, Apr 01 2006 *)	[0, 1, 8, 27, 64, 125, 216, 343, 512, 729, 1000, 1331, 1728, 2197, 2744, 3375, 4096, 4913, 5832, 6859, 8000, 9261, 10648, 12167, 13824, 15625, 17576, 19683, 21952, 24389, 27000, 29791, 32768, 35937, 39304, 42875, 46656, 50653, 54872, 59319, 64000, 68921, 74088, 79507]
A000579	Table[n(n - 1)(n - 2)(n - 3)(n - 4)(n - 5)/720, {n, 0, 100}] (* _Artur Jasinski_, Dec 02 2007 *)	[0, 0, 0, 0, 0, 0, 1, 7, 28, 84, 210, 462, 924, 1716, 3003, 5005, 8008, 12376, 18564, 27132, 38760, 54264, 74613, 100947, 134596, 177100, 230230, 296010, 376740, 475020, 593775, 736281, 906192, 1107568, 1344904, 1623160, 1947792, 2324784, 2760681, 3262623]
A000579	LinearRecurrence[{7,-21,35,-35,21,-7,1},{0,0,0,0,0,0,1},50] (* _Harvey P. Dale_, Dec 30 2012 *)	[0, 0, 0, 0, 0, 0, 1, 7, 28, 84, 210, 462, 924, 1716, 3003, 5005, 8008, 12376, 18564, 27132, 38760, 54264, 74613, 100947, 134596, 177100, 230230, 296010, 376740, 475020, 593775, 736281, 906192, 1107568, 1344904, 1623160, 1947792, 2324784, 2760681, 3262623]
A000580	Table[n(n + 1)(n + 2)(n + 3)(n + 4)(n + 5)(n + 6)/7!, {n, 1, 100}] (* _Artur Jasinski_, Dec 02 2007 *)	[1, 8, 36, 120, 330, 792, 1716, 3432, 6435, 11440, 19448, 31824, 50388, 77520, 116280, 170544, 245157, 346104, 480700, 657800, 888030, 1184040, 1560780, 2035800, 2629575, 3365856, 4272048, 5379616, 6724520, 8347680, 10295472]
A000580	CoefficientList[Series[1 / (1-x)^8, {x, 0, 33}], x] (* _Vincenzo Librandi_, Mar 21 2015 *)	[1, 8, 36, 120, 330, 792, 1716, 3432, 6435, 11440, 19448, 31824, 50388, 77520, 116280, 170544, 245157, 346104, 480700, 657800, 888030, 1184040, 1560780, 2035800, 2629575, 3365856, 4272048, 5379616, 6724520, 8347680, 10295472]
A000581	Table[Binomial[n,8],{n,8,50}] (* _Vladimir Joseph Stephan Orlovsky_, Apr 22 2011 *)	[1, 9, 45, 165, 495, 1287, 3003, 6435, 12870, 24310, 43758, 75582, 125970, 203490, 319770, 490314, 735471, 1081575, 1562275, 2220075, 3108105, 4292145, 5852925, 7888725, 10518300, 13884156, 18156204, 23535820, 30260340, 38608020, 48903492, 61523748, 76904685]
A000582	Table[n(n+1)(n+2)(n+3)(n+4)(n+5)(n+6)(n+7)(n+8)/9!,{n,100}] (* _Artur Jasinski_, Dec 02 2007 *)	[1, 10, 55, 220, 715, 2002, 5005, 11440, 24310, 48620, 92378, 167960, 293930, 497420, 817190, 1307504, 2042975, 3124550, 4686825, 6906900, 10015005, 14307150, 20160075, 28048800, 38567100, 52451256, 70607460, 94143280, 124403620, 163011640, 211915132]
A000582	Table[Binomial[n, 9], {n, 9, 50}] (* _Wesley Ivan Hurt_, Jul 20 2014 *)	[1, 10, 55, 220, 715, 2002, 5005, 11440, 24310, 48620, 92378, 167960, 293930, 497420, 817190, 1307504, 2042975, 3124550, 4686825, 6906900, 10015005, 14307150, 20160075, 28048800, 38567100, 52451256, 70607460, 94143280, 124403620, 163011640, 211915132]
A000583	Range[0,100]^4 (* _Vladimir Joseph Stephan Orlovsky_, Mar 14 2011 *)	[0, 1, 16, 81, 256, 625, 1296, 2401, 4096, 6561, 10000, 14641, 20736, 28561, 38416, 50625, 65536, 83521, 104976, 130321, 160000, 194481, 234256, 279841, 331776, 390625, 456976, 531441, 614656, 707281, 810000, 923521, 1048576, 1185921]
A000584	Range[0,50]^5 (* _Vladimir Joseph Stephan Orlovsky_, Feb 20 2011 *)	[0, 1, 32, 243, 1024, 3125, 7776, 16807, 32768, 59049, 100000, 161051, 248832, 371293, 537824, 759375, 1048576, 1419857, 1889568, 2476099, 3200000, 4084101, 5153632, 6436343, 7962624, 9765625, 11881376, 14348907, 17210368, 20511149]
A000587	Table[BellB[n, -1], {n, 0, 20}] (* _Vladimir Reshetnikov_, Oct 20 2015 *)	[1, -1, 0, 1, 1, -2, -9, -9, 50, 267, 413, -2180, -17731, -50533, 110176, 1966797, 9938669, 8638718, -278475061, -2540956509, -9816860358, 27172288399, 725503033401, 5592543175252, 15823587507881, -168392610536153, -2848115497132448, -20819319685262839]
A000588	a[n_] := 7*Binomial[2n, n-3]/(n + 4); Table[a[n],{n,0,27}] (* _James C. McMahon_, Dec 05 2023 *)	[0, 0, 0, 1, 7, 35, 154, 637, 2548, 9996, 38760, 149226, 572033, 2187185, 8351070, 31865925, 121580760, 463991880, 1771605360, 6768687870, 25880277150, 99035193894, 379300783092, 1453986335186, 5578559816632, 21422369201800, 82336410323440, 316729578421620]
A000589	a[n_] := 11*Binomial[2*n, n-5]/(n+6); Array[a, 25, 5] (* _Amiram Eldar_, Sep 26 2022 *)	[1, 11, 77, 440, 2244, 10659, 48279, 211508, 904475, 3798795, 15737865, 64512240, 262256280, 1059111900, 4254603804, 17018415216, 67837293986, 269638992062, 1069258071970, 4232010895376, 16723268860760, 65997186039785, 260170725132045, 1024713341952300]
A000590	a[n_] := 13*Binomial[2*n, n-6]/(n+7); Array[a, 24, 6] (* _Amiram Eldar_, Sep 26 2022 *)	[1, 13, 104, 663, 3705, 19019, 92092, 427570, 1924065, 8454225, 36463440, 154969620, 650872404, 2707475148, 11173706960, 45812198536, 186803188858, 758201178306, 3065415516592, 12352414499425, 49634247352235, 198954083924505, 795816335698020, 3177498557750790]
A000593	Table[a := Select[Divisors[n], OddQ[ # ]&]; Sum[a[[i]], {i, 1, Length[a]}], {n, 1, 60}] (* _Stefan Steinerberger_, Apr 01 2006 *)	[1, 1, 4, 1, 6, 4, 8, 1, 13, 6, 12, 4, 14, 8, 24, 1, 18, 13, 20, 6, 32, 12, 24, 4, 31, 14, 40, 8, 30, 24, 32, 1, 48, 18, 48, 13, 38, 20, 56, 6, 42, 32, 44, 12, 78, 24, 48, 4, 57, 31, 72, 14, 54, 40, 72, 8, 80, 30, 60, 24, 62, 32, 104, 1, 84, 48, 68, 18, 96, 48, 72, 13, 74, 38, 124]
A000593	f[n_] := Plus @@ Select[ Divisors@ n, OddQ]; Array[f, 75] (* _Robert G. Wilson v_, Jun 19 2011 *)	[1, 1, 4, 1, 6, 4, 8, 1, 13, 6, 12, 4, 14, 8, 24, 1, 18, 13, 20, 6, 32, 12, 24, 4, 31, 14, 40, 8, 30, 24, 32, 1, 48, 18, 48, 13, 38, 20, 56, 6, 42, 32, 44, 12, 78, 24, 48, 4, 57, 31, 72, 14, 54, 40, 72, 8, 80, 30, 60, 24, 62, 32, 104, 1, 84, 48, 68, 18, 96, 48, 72, 13, 74, 38, 124]
A000593	a[ n_] := If[ n < 1, 0, Sum[ -(-1)^d n / d, {d, Divisors[ n]}]]; (* _Michael Somos_, May 17 2013 *)	[1, 1, 4, 1, 6, 4, 8, 1, 13, 6, 12, 4, 14, 8, 24, 1, 18, 13, 20, 6, 32, 12, 24, 4, 31, 14, 40, 8, 30, 24, 32, 1, 48, 18, 48, 13, 38, 20, 56, 6, 42, 32, 44, 12, 78, 24, 48, 4, 57, 31, 72, 14, 54, 40, 72, 8, 80, 30, 60, 24, 62, 32, 104, 1, 84, 48, 68, 18, 96, 48, 72, 13, 74, 38, 124]
A000593	a[ n_] := If[ n < 1, 0, DivisorSum[ n, -(-1)^# n / # &]]; (* _Michael Somos_, May 17 2013 *)	[1, 1, 4, 1, 6, 4, 8, 1, 13, 6, 12, 4, 14, 8, 24, 1, 18, 13, 20, 6, 32, 12, 24, 4, 31, 14, 40, 8, 30, 24, 32, 1, 48, 18, 48, 13, 38, 20, 56, 6, 42, 32, 44, 12, 78, 24, 48, 4, 57, 31, 72, 14, 54, 40, 72, 8, 80, 30, 60, 24, 62, 32, 104, 1, 84, 48, 68, 18, 96, 48, 72, 13, 74, 38, 124]
A000593	a[ n_] := If[ n < 1, 0, Sum[ Mod[ d, 2] d, {d, Divisors[ n]}]]; (* _Michael Somos_, May 17 2013 *)	[1, 1, 4, 1, 6, 4, 8, 1, 13, 6, 12, 4, 14, 8, 24, 1, 18, 13, 20, 6, 32, 12, 24, 4, 31, 14, 40, 8, 30, 24, 32, 1, 48, 18, 48, 13, 38, 20, 56, 6, 42, 32, 44, 12, 78, 24, 48, 4, 57, 31, 72, 14, 54, 40, 72, 8, 80, 30, 60, 24, 62, 32, 104, 1, 84, 48, 68, 18, 96, 48, 72, 13, 74, 38, 124]
A000593	a[ n_] := If[ n < 1, 0, Times @@ (If[ # < 3, 1, (#^(#2 + 1) - 1) / (# - 1)] & @@@ FactorInteger @ n)]; (* _Michael Somos_, Aug 15 2015 *)	[1, 1, 4, 1, 6, 4, 8, 1, 13, 6, 12, 4, 14, 8, 24, 1, 18, 13, 20, 6, 32, 12, 24, 4, 31, 14, 40, 8, 30, 24, 32, 1, 48, 18, 48, 13, 38, 20, 56, 6, 42, 32, 44, 12, 78, 24, 48, 4, 57, 31, 72, 14, 54, 40, 72, 8, 80, 30, 60, 24, 62, 32, 104, 1, 84, 48, 68, 18, 96, 48, 72, 13, 74, 38, 124]
A000593	Table[DivisorSum[n,#&,OddQ[#]&],{n,80}] (* _Harvey P. Dale_, Jun 19 2021 *)	[1, 1, 4, 1, 6, 4, 8, 1, 13, 6, 12, 4, 14, 8, 24, 1, 18, 13, 20, 6, 32, 12, 24, 4, 31, 14, 40, 8, 30, 24, 32, 1, 48, 18, 48, 13, 38, 20, 56, 6, 42, 32, 44, 12, 78, 24, 48, 4, 57, 31, 72, 14, 54, 40, 72, 8, 80, 30, 60, 24, 62, 32, 104, 1, 84, 48, 68, 18, 96, 48, 72, 13, 74, 38, 124]
A000596	a[n_] := 1/360 * n * (n - 1) * (n - 2) * (2n - 1) * (2n - 3) * (5n + 1);Table[a[n],{n,3,34}] (* _James C. McMahon_, Dec 05 2023 *)	[4, 49, 273, 1023, 3003, 7462, 16422, 32946, 61446, 108031, 180895, 290745, 451269, 679644, 997084, 1429428, 2007768, 2769117, 3757117, 5022787, 6625311, 8632866, 11123490, 14185990, 17920890, 22441419, 27874539, 34362013, 42061513, 51147768, 61813752, 74271912]
A000597	LinearRecurrence[{10, -45, 120, -210, 252, -210, 120, -45, 10, -1}, {36, 820, 7645, 44473, 191620, 669188, 1999370, 5293970, 12728936, 28285400}, 40] (* _Vincenzo Librandi_, Aug 07 2017 *)	[36, 820, 7645, 44473, 191620, 669188, 1999370, 5293970, 12728936, 28285400, 58856655, 115842675, 217378200, 391367064, 679524340, 1142659012, 1867463260, 2975110060, 4631998657, 7063027565, 10567817084, 15540347900, 22492529150, 32082258390, 45146587200]
A000601	LinearRecurrence[{2,0,-1,-1,0,2,-1},{1,2,4,7,11,16,23},50] (* _Harvey P. Dale_, Mar 17 2013 *)	[1, 2, 4, 7, 11, 16, 23, 31, 41, 53, 67, 83, 102, 123, 147, 174, 204, 237, 274, 314, 358, 406, 458, 514, 575, 640, 710, 785, 865, 950, 1041, 1137, 1239, 1347, 1461, 1581, 1708, 1841, 1981, 2128, 2282, 2443, 2612, 2788, 2972, 3164, 3364, 3572, 3789, 4014]
A000601	a[ n_] := Quotient[ 2 n^3 + 21 n^2 + 66 n, 72] + 1; (* _Michael Somos_, May 28 2014 *)	[1, 2, 4, 7, 11, 16, 23, 31, 41, 53, 67, 83, 102, 123, 147, 174, 204, 237, 274, 314, 358, 406, 458, 514, 575, 640, 710, 785, 865, 950, 1041, 1137, 1239, 1347, 1461, 1581, 1708, 1841, 1981, 2128, 2282, 2443, 2612, 2788, 2972, 3164, 3364, 3572, 3789, 4014]
A000607	a[n_] := a[n] = If[PrimeQ[n], 1, 0]; c[n_] := c[n] = Plus @@ Map[# a[#] &, Divisors[n]]; b[n_] := b[n] = (c[n] + Sum[c[k] b[n - k], {k, 1, n - 1}])/n; Table[b[n], {n, 1, 20}] (* Thomas Vogler, Dec 10 2015: Uses Euler transform, caches computed values, faster than IntegerPartitions[] function. *)	[1, 0, 1, 1, 1, 2, 2, 3, 3, 4, 5, 6, 7, 9, 10, 12, 14, 17, 19, 23, 26, 30, 35, 40, 46, 52, 60, 67, 77, 87, 98, 111, 124, 140, 157, 175, 197, 219, 244, 272, 302, 336, 372, 413, 456, 504, 557, 614, 677, 744, 819, 899, 987, 1083, 1186, 1298, 1420, 1552, 1695, 1850, 2018, 2198, 2394, 2605, 2833, 3079, 3344]
A000629	a[ 0 ] = 1; a[ n_ ] := (a[ n ] = 1 + Sum[ Binomial[ n, k ] a[ n-k ], {k, 1, n} ])	[1, 2, 6, 26, 150, 1082, 9366, 94586, 1091670, 14174522, 204495126, 3245265146, 56183135190, 1053716696762, 21282685940886, 460566381955706, 10631309363962710, 260741534058271802, 6771069326513690646, 185603174638656822266, 5355375592488768406230]
A000629	Table[Sum[(-1)^(n-k) StirlingS2[n,k]k! 2^k,{k,0,n}],{n,0,20}] (* _Harvey P. Dale_, Oct 21 2011 *)	[1, 2, 6, 26, 150, 1082, 9366, 94586, 1091670, 14174522, 204495126, 3245265146, 56183135190, 1053716696762, 21282685940886, 460566381955706, 10631309363962710, 260741534058271802, 6771069326513690646, 185603174638656822266, 5355375592488768406230]
A000643	nxt[{a_,b_}]:={b,b+2^a}; NestList[nxt,{0,0},9][[;;,1]] (* _Harvey P. Dale_, Jan 05 2024 *)	[0, 0, 1, 2, 4, 8, 24, 280, 16777496, 1942668892225729070919461906823518906642406839052139521251812409738904285205225275672]
A000659	Join[{a=0,b=0},Table[c=2^b+a;a=b;b=c,{n,5}]] (* _Vladimir Joseph Stephan Orlovsky_, Apr 13 2011 *)	[0, 0, 1, 2, 5, 34, 17179869189]
A000668	2^Array[MersennePrimeExponent, 18] - 1 (* _Jean-François Alcover_, Feb 17 2018, Mersenne primes with less than 1000 digits *)	[3, 7, 31, 127, 8191, 131071, 524287, 2147483647, 2305843009213693951, 618970019642690137449562111, 162259276829213363391578010288127, 170141183460469231731687303715884105727]
A000668	2^MersennePrimeExponent[Range[18]] - 1 (* _Eric W. Weisstein_, Sep 04 2021 *)	[3, 7, 31, 127, 8191, 131071, 524287, 2147483647, 2305843009213693951, 618970019642690137449562111, 162259276829213363391578010288127, 170141183460469231731687303715884105727]
A000670	a[0] = 1; a[n_]:= a[n]= Sum[Binomial[n, k]*a[n-k], {k, 1, n}]; Table[a[n], {n, 0, 30}] (* _Roger L. Bagula_ and _Gary W. Adamson_, Sep 13 2008 *)	[1, 1, 3, 13, 75, 541, 4683, 47293, 545835, 7087261, 102247563, 1622632573, 28091567595, 526858348381, 10641342970443, 230283190977853, 5315654681981355, 130370767029135901, 3385534663256845323, 92801587319328411133, 2677687796244384203115]
A000670	a[ n_] := If[ n < 0, 0, n! SeriesCoefficient[ 1 / (2 - Exp@x), {x, 0, n}]]; (* _Michael Somos_, Jun 19 2015 *)	[1, 1, 3, 13, 75, 541, 4683, 47293, 545835, 7087261, 102247563, 1622632573, 28091567595, 526858348381, 10641342970443, 230283190977853, 5315654681981355, 130370767029135901, 3385534663256845323, 92801587319328411133, 2677687796244384203115]
A000670	Table[Sum[k!*StirlingS2[n,k], {k, 0, n}], {n, 0, 20}] (* _Vaclav Kotesovec_, Nov 22 2020 *)	[1, 1, 3, 13, 75, 541, 4683, 47293, 545835, 7087261, 102247563, 1622632573, 28091567595, 526858348381, 10641342970443, 230283190977853, 5315654681981355, 130370767029135901, 3385534663256845323, 92801587319328411133, 2677687796244384203115]
A000680	polygorial[k_, n_] := FullSimplify[ n!/2^n (k -2)^n*Pochhammer[2/(k -2), n]]; Array[ polygorial[6, #] &, 17, 0] (* _Robert G. Wilson v_, Dec 26 2016 *)	[1, 1, 6, 90, 2520, 113400, 7484400, 681080400, 81729648000, 12504636144000, 2375880867360000, 548828480360160000, 151476660579404160000, 49229914688306352000000, 18608907752179801056000000, 8094874872198213459360000000, 4015057936610313875842560000000]
A000680	Table[(2n)!/2^n,{n,0,20}] (* _Harvey P. Dale_, Sep 21 2020 *)	[1, 1, 6, 90, 2520, 113400, 7484400, 681080400, 81729648000, 12504636144000, 2375880867360000, 548828480360160000, 151476660579404160000, 49229914688306352000000, 18608907752179801056000000, 8094874872198213459360000000, 4015057936610313875842560000000]
A000681	a[n_] := Sum[ ((2*i)!*n!^2) / (2^i*(i!^2*(n - i)!)), {i, 0, n}]/2^n; Table[ a[n], {n, 0, 17}] (* _Jean-François Alcover_, Dec 08 2011 *)	[1, 1, 3, 21, 282, 6210, 202410, 9135630, 545007960, 41514583320, 3930730108200, 452785322266200, 62347376347779600, 10112899541133589200, 1908371363842760216400, 414517594539154672566000, 102681435747106627787376000, 28772944645196614863048048000]
A000688	f[n_] := Times @@ PartitionsP /@ Last /@ FactorInteger@n; Array[f, 107] (* _Robert G. Wilson v_, Sep 22 2006 *)	[1, 1, 1, 2, 1, 1, 1, 3, 2, 1, 1, 2, 1, 1, 1, 5, 1, 2, 1, 2, 1, 1, 1, 3, 2, 1, 3, 2, 1, 1, 1, 7, 1, 1, 1, 4, 1, 1, 1, 3, 1, 1, 1, 2, 2, 1, 1, 5, 2, 2, 1, 2, 1, 3, 1, 3, 1, 1, 1, 2, 1, 1, 2, 11, 1, 1, 1, 2, 1, 1, 1, 6, 1, 1, 2, 2, 1, 1, 1, 5, 5, 1, 1, 2, 1, 1, 1, 3, 1, 2, 1, 2, 1, 1, 1, 7, 1, 2, 2, 4, 1, 1, 1, 3, 1, 1, 1]
A000689	Table[PowerMod[2, n, 10], {n, 0, 200}] (* _Vladimir Joseph Stephan Orlovsky_, Jun 10 2011 *)	[1, 2, 4, 8, 6, 2, 4, 8, 6, 2, 4, 8, 6, 2, 4, 8, 6, 2, 4, 8, 6, 2, 4, 8, 6, 2, 4, 8, 6, 2, 4, 8, 6, 2, 4, 8, 6, 2, 4, 8, 6, 2, 4, 8, 6, 2, 4, 8, 6, 2, 4, 8, 6, 2, 4, 8, 6, 2, 4, 8, 6, 2, 4, 8, 6, 2, 4, 8, 6, 2, 4, 8, 6, 2, 4, 8, 6, 2, 4, 8, 6]
A000695	Table[FromDigits[IntegerDigits[n, 2], 4], {n, 0, 51}] (* _IWABUCHI Yu(u)ki_, Apr 06 2013 *)	[0, 1, 4, 5, 16, 17, 20, 21, 64, 65, 68, 69, 80, 81, 84, 85, 256, 257, 260, 261, 272, 273, 276, 277, 320, 321, 324, 325, 336, 337, 340, 341, 1024, 1025, 1028, 1029, 1040, 1041, 1044, 1045, 1088, 1089, 1092, 1093, 1104, 1105, 1108, 1109, 1280, 1281, 1284, 1285]
A000695	Union@ Flatten@ NestList[ Join[ 4#, 4# + 1] &, {0}, 6] (* _Robert G. Wilson v_, Aug 30 2014 *)	[0, 1, 4, 5, 16, 17, 20, 21, 64, 65, 68, 69, 80, 81, 84, 85, 256, 257, 260, 261, 272, 273, 276, 277, 320, 321, 324, 325, 336, 337, 340, 341, 1024, 1025, 1028, 1029, 1040, 1041, 1044, 1045, 1088, 1089, 1092, 1093, 1104, 1105, 1108, 1109, 1280, 1281, 1284, 1285]
A000695	Union[FromDigits[#,4]&/@Flatten[Table[Tuples[{0,1},n],{n,6}],1]] (* _Harvey P. Dale_, Oct 03 2015 *)	[0, 1, 4, 5, 16, 17, 20, 21, 64, 65, 68, 69, 80, 81, 84, 85, 256, 257, 260, 261, 272, 273, 276, 277, 320, 321, 324, 325, 336, 337, 340, 341, 1024, 1025, 1028, 1029, 1040, 1041, 1044, 1045, 1088, 1089, 1092, 1093, 1104, 1105, 1108, 1109, 1280, 1281, 1284, 1285]
A000695	a[ n_] := Which[n < 1, 0, EvenQ[n], a[n/2] 4, True, a[n - 1] + 1]; (* _Michael Somos_, Nov 30 2016 *)	[0, 1, 4, 5, 16, 17, 20, 21, 64, 65, 68, 69, 80, 81, 84, 85, 256, 257, 260, 261, 272, 273, 276, 277, 320, 321, 324, 325, 336, 337, 340, 341, 1024, 1025, 1028, 1029, 1040, 1041, 1044, 1045, 1088, 1089, 1092, 1093, 1104, 1105, 1108, 1109, 1280, 1281, 1284, 1285]
A000699	a = ConstantArray[0,20]; a[[1]]=1; Do[a[[n]] = (n-1)*Sum[a[[i]]*a[[n-i]],{i,1,n-1}],{n,2,20}]; a (* _Vaclav Kotesovec_, Feb 22 2014 *)	[1, 1, 1, 4, 27, 248, 2830, 38232, 593859, 10401712, 202601898, 4342263000, 101551822350, 2573779506192, 70282204726396, 2057490936366320, 64291032462761955, 2136017303903513184, 75197869250518812754, 2796475872605709079512, 109549714522464120960474, 4509302910783496963256400, 194584224274515194731540740]
A000703	Floor[(7+Sqrt[1+24*Range[0,80]])/2] (* _Harvey P. Dale_, Feb 03 2012 *)	[4, 6, 7, 7, 8, 9, 9, 10, 10, 10, 11, 11, 12, 12, 12, 13, 13, 13, 13, 14, 14, 14, 15, 15, 15, 15, 16, 16, 16, 16, 16, 17, 17, 17, 17, 18, 18, 18, 18, 18, 19, 19, 19, 19, 19, 19, 20, 20, 20, 20, 20, 21, 21, 21, 21, 21, 21, 22, 22, 22, 22, 22, 22, 22, 23, 23, 23, 23, 23, 23, 24, 24, 24, 24]
A000720	A000720[n_] := PrimePi[n]; Table[ A000720[n], {n, 1, 100} ]	[0, 1, 2, 2, 3, 3, 4, 4, 4, 4, 5, 5, 6, 6, 6, 6, 7, 7, 8, 8, 8, 8, 9, 9, 9, 9, 9, 9, 10, 10, 11, 11, 11, 11, 11, 11, 12, 12, 12, 12, 13, 13, 14, 14, 14, 14, 15, 15, 15, 15, 15, 15, 16, 16, 16, 16, 16, 16, 17, 17, 18, 18, 18, 18, 18, 18, 19, 19, 19, 19, 20, 20, 21, 21, 21, 21, 21, 21]
A000720	Array[ PrimePi[ # ]&, 100 ]	[0, 1, 2, 2, 3, 3, 4, 4, 4, 4, 5, 5, 6, 6, 6, 6, 7, 7, 8, 8, 8, 8, 9, 9, 9, 9, 9, 9, 10, 10, 11, 11, 11, 11, 11, 11, 12, 12, 12, 12, 13, 13, 14, 14, 14, 14, 15, 15, 15, 15, 15, 15, 16, 16, 16, 16, 16, 16, 17, 17, 18, 18, 18, 18, 18, 18, 19, 19, 19, 19, 20, 20, 21, 21, 21, 21, 21, 21]
A000722	a[n_] := Factorial[2^n]; Table[a[n],{n,0,6}] (* _James C. McMahon_, Dec 06 2023 *)	[1, 2, 24, 40320, 20922789888000, 263130836933693530167218012160000000, 126886932185884164103433389335161480802865516174545192198801894375214704230400000000000000]
A000723	f[n_] := (2^n - 1)!/n!; Array[f, 6] (* _Robert G. Wilson v_, Mar 14 2011 *)	[1, 3, 840, 54486432000, 68523655451482690147713024000000, 2753622660283944533494648206058191857701074569760095316814277221684346880000000000000]
A000724	Table[((2^n)! + (2^n - 1) (2^(n - 1))! 2^(2^(n - 1)) * (n! * Sum[ (2^(n - 2 k) - 1)/((n - 2 k)!*k!), {k, 0, Floor[(n - 1)/2]}]))/(n! 2^(2 n)), {n, 6}] (* _Michael De Vlieger_, Aug 20 2017 *)	[1, 3, 196, 3406687200, 2141364232858913975435172249600, 43025354066936633335853878219659247776604712057098163541301459387254457761792000000]
A000740	a[n_] := Sum[ MoebiusMu[n/d]*2^(d - 1), {d, Divisors[n]}]; Table[a[n], {n, 1, 32}] (* _Jean-François Alcover_, Feb 03 2012, after PARI *)	[1, 1, 3, 6, 15, 27, 63, 120, 252, 495, 1023, 2010, 4095, 8127, 16365, 32640, 65535, 130788, 262143, 523770, 1048509, 2096127, 4194303, 8386440, 16777200, 33550335, 67108608, 134209530, 268435455, 536854005, 1073741823, 2147450880]
A000748	a[n_] := 2*3^(n/2)*Sin[(1-5*n)*Pi/6]; Table[a[n], {n, 0, 40}] (* _Jean-François Alcover_, Mar 12 2014 *)	[1, -3, 6, -9, 9, 0, -27, 81, -162, 243, -243, 0, 729, -2187, 4374, -6561, 6561, 0, -19683, 59049, -118098, 177147, -177147, 0, 531441, -1594323, 3188646, -4782969, 4782969, 0, -14348907, 43046721, -86093442, 129140163, -129140163, 0, 387420489, -1162261467]
A000748	LinearRecurrence[{-3, -3}, {1, -3}, 40] (* _Jean-François Alcover_, Feb 11 2016 *)	[1, -3, 6, -9, 9, 0, -27, 81, -162, 243, -243, 0, 729, -2187, 4374, -6561, 6561, 0, -19683, 59049, -118098, 177147, -177147, 0, 531441, -1594323, 3188646, -4782969, 4782969, 0, -14348907, 43046721, -86093442, 129140163, -129140163, 0, 387420489, -1162261467]
A000749	Join[{0},LinearRecurrence[{4,-6,4},{0,0,1},40]] (* _Harvey P. Dale_, Mar 31 2012 *)	[0, 0, 0, 1, 4, 10, 20, 36, 64, 120, 240, 496, 1024, 2080, 4160, 8256, 16384, 32640, 65280, 130816, 262144, 524800, 1049600, 2098176, 4194304, 8386560, 16773120, 33550336, 67108864, 134225920, 268451840, 536887296, 1073741824, 2147450880]
A000750	LinearRecurrence[{-5, -10, -10, -5}, {1, -5, 15, -35}, 30] (* _Jean-François Alcover_, Feb 11 2016 *)	[1, -5, 15, -35, 70, -125, 200, -275, 275, 0, -1000, 3625, -9500, 21250, -42500, 76875, -124375, 171875, -171875, 0, 621875, -2250000, 5890625, -13171875, 26343750, -47656250, 77109375, -106562500, 106562500, 0]
A000770	Table[1/720 * (6^n - 6 * 5^n + 15 * 4^n - 20 * 3^n + 15 * 2^n - 6), {n, 6, 20}] (* _Vaclav Kotesovec_, Nov 19 2012 *)	[1, 21, 266, 2646, 22827, 179487, 1323652, 9321312, 63436373, 420693273, 2734926558, 17505749898, 110687251039, 693081601779, 4306078895384, 26585679462804, 163305339345225, 998969857983405, 6090236036084530, 37026417000002430, 224595186974125331]
A000770	StirlingS2[Range[6, 25], 6] (* _Alonso del Arte_, Dec 07 2014 *)	[1, 21, 266, 2646, 22827, 179487, 1323652, 9321312, 63436373, 420693273, 2734926558, 17505749898, 110687251039, 693081601779, 4306078895384, 26585679462804, 163305339345225, 998969857983405, 6090236036084530, 37026417000002430, 224595186974125331]
A000771	lst={};Do[f=StirlingS2[n, 7];AppendTo[lst, f], {n, 7, 5!}];lst (* _Vladimir Joseph Stephan Orlovsky_, Sep 27 2008 *)	[1, 28, 462, 5880, 63987, 627396, 5715424, 49329280, 408741333, 3281882604, 25708104786, 197462483400, 1492924634839, 11143554045652, 82310957214948, 602762379967440, 4382641999117305, 31677463851804540, 227832482998716310, 1631853797991016600]
A000771	Table[1/720*(7^(n-1)-6^n+3*5^n-5*4^n+5*3^n-3*2^n+1),{n,7,20}] (* _Vaclav Kotesovec_, Nov 19 2012 *)	[1, 28, 462, 5880, 63987, 627396, 5715424, 49329280, 408741333, 3281882604, 25708104786, 197462483400, 1492924634839, 11143554045652, 82310957214948, 602762379967440, 4382641999117305, 31677463851804540, 227832482998716310, 1631853797991016600]
A000774	Table[n!(1+Sum[1/i,{i,n}]),{n,0,30}] (* _Harvey P. Dale_, Oct 03 2011 *)	[1, 2, 5, 17, 74, 394, 2484, 18108, 149904, 1389456, 14257440, 160460640, 1965444480, 26029779840, 370643938560, 5646837369600, 91657072281600, 1579093018675200, 28779361764249600, 553210247226470400, 11185850044938240000, 237335752951879680000]
A000775	Table[n! (n + 1 + 2*Sum[1/k, {k, n}]), {n, 0, 20}] (* _T. D. Noe_, Jun 20 2012 *)	[1, 4, 12, 46, 220, 1268, 8568, 66456, 582048, 5681952, 61174080, 720089280, 9199906560, 126783809280, 1874605662720, 29601115891200, 497155992883200, 8849184886886400, 166399076525875200, 3296032301811916800, 68596838245232640000, 1496490349337948160000]
A000776	Table[n! (1 + 2 HarmonicNumber[n]), {n, 0, 30}] (* _Jean-François Alcover_, Feb 11 2016 *)	[1, 3, 8, 28, 124, 668, 4248, 31176, 259488, 2416032, 24886080, 281004480, 3451887360, 45832538880, 654109585920, 9986000371200, 162391354675200, 2802498609254400, 51156349822771200, 984775394044108800, 19938798081699840000, 423580563732049920000]
A000777	Table[(n + 2)*CatalanNumber[n] - 1, {n, 0, 20}] (* _T. D. Noe_, Jun 20 2012 *)	[1, 2, 7, 24, 83, 293, 1055, 3860, 14299, 53481, 201551, 764217, 2912167, 11143499, 42791039, 164812364, 636438059, 2463251009, 9552773999, 37112526989, 144410649239, 562724141459, 2195581527359, 8576490341249, 33537507830423, 131272552839203, 514285886020255]
A000780	Table[(n + 1)!/2 + (n - 1)*(n - 1)!, {n, 40}] (* _Vladimir Joseph Stephan Orlovsky_, Feb 23 2012 *)	[1, 4, 16, 78, 456, 3120, 24480, 216720, 2136960, 23224320, 275788800, 3552595200, 49337164800, 734788454400, 11681891020800, 197458829568000, 3535951491072000, 66869236482048000, 1331693730791424000, 27856727993622528000, 610658404052336640000]
A000781	3#[[2]]-#[[1]]-1&/@Partition[CatalanNumber[Range[0,30]],2,1] (* _Harvey P. Dale_, Apr 28 2013 *)	[1, 4, 12, 36, 111, 353, 1154, 3860, 13155, 45525, 159561, 565249, 2020687, 7280419, 26410094, 96378164, 353576699, 1303271309, 4824150869, 17925098069, 66834680639, 249981423899, 937696277309, 3526652828321, 13295935057031, 50240112815003]
A000792	a[1] = 1; a[n_] := 4* 3^(1/3 *(n - 1) - 1) /; (Mod[n, 3] == 1 && n > 1); a[n_] := 2*3^(1/3*(n - 2)) /; Mod[n, 3] == 2; a[n_] := 3^(n/3) /; Mod[n, 3] == 0; Table[a[n], {n, 0, 40}]	[1, 1, 2, 3, 4, 6, 9, 12, 18, 27, 36, 54, 81, 108, 162, 243, 324, 486, 729, 972, 1458, 2187, 2916, 4374, 6561, 8748, 13122, 19683, 26244, 39366, 59049, 78732, 118098, 177147, 236196, 354294, 531441, 708588, 1062882, 1594323, 2125764, 3188646, 4782969, 6377292]
A000792	a[ n_] := If[ n < 2, Boole[ n > -1], 2^Mod[-n, 3] 3^(Quotient[ n - 1, 3] + Mod[n - 1, 3] - 1)]; (* _Michael Somos_, Jan 23 2014 *)	[1, 1, 2, 3, 4, 6, 9, 12, 18, 27, 36, 54, 81, 108, 162, 243, 324, 486, 729, 972, 1458, 2187, 2916, 4374, 6561, 8748, 13122, 19683, 26244, 39366, 59049, 78732, 118098, 177147, 236196, 354294, 531441, 708588, 1062882, 1594323, 2125764, 3188646, 4782969, 6377292]
A000792	Join[{1, 1}, LinearRecurrence[{0, 0, 3}, {2, 3, 4}, 50]] (* _Jean-François Alcover_, Jan 08 2019 *)	[1, 1, 2, 3, 4, 6, 9, 12, 18, 27, 36, 54, 81, 108, 162, 243, 324, 486, 729, 972, 1458, 2187, 2916, 4374, 6561, 8748, 13122, 19683, 26244, 39366, 59049, 78732, 118098, 177147, 236196, 354294, 531441, 708588, 1062882, 1594323, 2125764, 3188646, 4782969, 6377292]
A000799	Table[Quotient[2^n,n],{n,60}] (* _Vladimir Joseph Stephan Orlovsky_, May 07 2011 *)	[2, 2, 2, 4, 6, 10, 18, 32, 56, 102, 186, 341, 630, 1170, 2184, 4096, 7710, 14563, 27594, 52428, 99864, 190650, 364722, 699050, 1342177, 2581110, 4971026, 9586980, 18512790, 35791394, 69273666, 134217728, 260301048, 505290270, 981706810, 1908874353]
A000803	LinearRecurrence[{2,0,0,-1},{0,0,8,4},40] (* _Harvey P. Dale_, Mar 25 2013 *)	[0, 0, 8, 4, 8, 16, 24, 44, 80, 144, 264, 484, 888, 1632, 3000, 5516, 10144, 18656, 34312, 63108, 116072, 213488, 392664, 722220, 1328368, 2443248, 4493832, 8265444, 15202520, 27961792, 51429752, 94594060, 173985600, 320009408]
A000806	a[n_] := a[n] = (-2n+1)*a[n-1] + a[n-2]; a[0] = 1; a[1] = 0; Table[a[n], {n, 0, 19}] (* _Jean-François Alcover_, Nov 29 2011, after _T. D. Noe_ *)	[1, 0, 1, -5, 36, -329, 3655, -47844, 721315, -12310199, 234615096, -4939227215, 113836841041, -2850860253240, 77087063678521, -2238375706930349, 69466733978519340, -2294640596998068569, 80381887628910919255, -2976424482866702081004, 116160936719430292078411]
A000806	a[ n_] := With[ {m = If[ n<0, -n-1, n]}, Sum[ (-1)^(m - i) (2 m - i)! / (2^(m - i) i! (m - i)!), {i, 0, m}] ]; (* _Michael Somos_, Jan 27 2014 *)	[1, 0, 1, -5, 36, -329, 3655, -47844, 721315, -12310199, 234615096, -4939227215, 113836841041, -2850860253240, 77087063678521, -2238375706930349, 69466733978519340, -2294640596998068569, 80381887628910919255, -2976424482866702081004, 116160936719430292078411]
A000808	a[n_]:=(2^(2^(n+1))+(2^n-1)*2^(2^n))/2^n;Table[a[n],{n,7}] (* _James C. McMahon_, Dec 07 2023 *)	[10, 76, 8416, 268496896, 576460756464173056, 5316911983139663509773741938679218176, 904625697166532776746648320380374280441295666129685538275829368373028847616]
A000809	a[n_]:=(2^(3*2^n)+(2^n-1)*2^(3*2^(n-1)))/2^n;Table[a[n],{n,6}] (* _James C. McMahon_, Dec 07 2023 *)	[36, 1072, 2100736, 17592201773056, 2475880078571033228681936896, 98079714615416886934934209815610010226578261138395365376]
A000810	Table[Abs[EulerE[n, 1/3]] 6^n, {n, 0, 20}] (* _Vladimir Reshetnikov_, Oct 21 2015 *)	[1, 1, 8, 26, 352, 1936, 38528, 297296, 7869952, 78098176, 2583554048, 31336418816, 1243925143552, 17831101321216, 825787662368768, 13658417358350336, 722906928498737152, 13551022195053101056]
A000823	a[n_]:= 2^(2^(n+1) - n - 1) + 2^(2^n) - 2^(2^n - n - 1); Table[a[n], {n, 7}] (* _James C. McMahon_, Dec 09 2023 *)	[7, 46, 4336, 134281216, 288230380379570176, 2658455991569831764110243006194384896, 452312848583266388373324160190187140390789016525312000869601987902398529536]
A000824	b[n_, r_, s_] := (2^(r*2^n) + (2^n - 1)*2^(s*2^(n - 1)))/2^n; a[n_] := (b[n, 3, 3] + 3*b[n, 2, 3] + 2*b[n, 1, 1])/6;Table[a[n],{n,6}] (* _James C. McMahon_, Dec 07 2023 *)	[13, 237, 356026, 2932175712336, 412646680050205587085305856, 16346619102569481158480824333166611354489546429742186496]
A000828	a[n_] := (-1)^((n-1)*n/2)*4^n*(EulerE[n, 1/2] + EulerE[n, 1])/2; Table[a[n], {n, 0, 19}] (* _Jean-François Alcover_, Nov 22 2012, after _Peter Luschny_ *)	[1, 1, 2, 8, 40, 256, 1952, 17408, 177280, 2031616, 25866752, 362283008, 5535262720, 91620376576, 1633165156352, 31191159799808, 635421069967360, 13753735117275136, 315212388819402752, 7625476699018231808]
A000837	a[0] = 1; a[n_] := Sum[ MoebiusMu[n/d] * PartitionsP[d], {d, Divisors[n]}]; Table[a[n], {n, 0, 50}] (* _Jean-François Alcover_, Oct 03 2013 *)	[1, 1, 1, 2, 3, 6, 7, 14, 17, 27, 34, 55, 63, 100, 119, 167, 209, 296, 347, 489, 582, 775, 945, 1254, 1481, 1951, 2334, 2980, 3580, 4564, 5386, 6841, 8118, 10085, 12012, 14862, 17526, 21636, 25524, 31082, 36694, 44582, 52255, 63260, 74170, 88931, 104302]
A000846	Table[Binomial[3*n, n] - Binomial[2*n, n], {n, 0, 20}] (* _T. D. Noe_, Jun 20 2012 *)	[0, 1, 9, 64, 425, 2751, 17640, 112848, 722601, 4638205, 29860259, 192831288, 1248973544, 8112024844, 52820112480, 344712308064, 2254247833257, 14768735480505, 96917273443305, 636948624057900, 4191706659276675, 27618897144488595, 182181063882796680]
A000855	PowerMod[2,Range[0,60],100] (* _Harvey P. Dale_, Jan 05 2012 *)	[1, 2, 4, 8, 16, 32, 64, 28, 56, 12, 24, 48, 96, 92, 84, 68, 36, 72, 44, 88, 76, 52, 4, 8, 16, 32, 64, 28, 56, 12, 24, 48, 96, 92, 84, 68, 36, 72, 44, 88, 76, 52, 4, 8, 16, 32, 64, 28, 56, 12, 24, 48, 96, 92, 84, 68, 36, 72, 44, 88, 76, 52, 4, 8, 16, 32, 64, 28]
A000866	Table[FromDigits[IntegerDigits[2^n, 5]], {n, 0, 30}] (* _T. D. Noe_, Jun 20 2012 *)	[1, 2, 4, 13, 31, 112, 224, 1003, 2011, 4022, 13044, 31143, 112341, 230232, 1011014, 2022033, 4044121, 13143242, 31342034, 113234123, 232023301, 1014102102, 2033204204, 4121413413, 13243332331, 32042220212, 114134440424, 233324431403, 1022204413311]
A000879	PrimePi[Prime[Range[50]]^2] (* _Harvey P. Dale_, Jan 16 2013 *)	[2, 4, 9, 15, 30, 39, 61, 72, 99, 146, 162, 219, 263, 283, 329, 409, 487, 519, 609, 675, 705, 811, 886, 1000, 1163, 1252, 1294, 1381, 1423, 1523, 1877, 1976, 2141, 2190, 2489, 2547, 2729, 2915, 3043, 3241, 3436, 3512, 3868, 3945, 4089, 4164, 4627, 5106]
A000888	f[n_] := Binomial[2 n, n]^2/(n + 1); Array[f, 18, 0]  (* _Robert G. Wilson v_ *)	[1, 2, 12, 100, 980, 10584, 121968, 1472328, 18404100, 236390440, 3103161776, 41469525552, 562496897872, 7726605740000, 107289439704000, 1503840313184400, 21252802073091300, 302539888334593800, 4334635827016110000, 62464383654579522000, 904841214653480504400]
A000891	a[ n_] := If[ n == -1, 0, Binomial[2 n + 1, n]^2 / (2 n + 1)]; (* _Michael Somos_, May 28 2014 *)	[1, 3, 20, 175, 1764, 19404, 226512, 2760615, 34763300, 449141836, 5924217936, 79483257308, 1081724803600, 14901311070000, 207426250094400, 2913690606794775, 41255439318353700, 588272005095043500]
A000894	a[ n_] := Binomial[2 n + 1, n] Binomial[2 n, n]; (* _Michael Somos_, May 28 2014 *)	[1, 6, 60, 700, 8820, 116424, 1585584, 22084920, 312869700, 4491418360, 65166397296, 953799087696, 14062422446800, 208618354980000, 3111393751416000, 46619049708716400, 701342468412012900]
A000894	Table[(2 n)!*(2 n + 1)!/((n + 1)!*n!^3), {n, 0, 16}] (* _Michael De Vlieger_, Sep 06 2016 *)	[1, 6, 60, 700, 8820, 116424, 1585584, 22084920, 312869700, 4491418360, 65166397296, 953799087696, 14062422446800, 208618354980000, 3111393751416000, 46619049708716400, 701342468412012900]
A000897	Table[(4n)!/((2n)! n!^2), {n, 0, 30}] (* _Stefan Steinerberger_, Apr 14 2006 *)	[1, 12, 420, 18480, 900900, 46558512, 2498640144, 137680171200, 7735904619300, 441233078286000, 25467973278667920, 1484298740174927040, 87202550985276963600, 5157850293780050462400, 306839461354466267304000, 18344908596179023234548480]
A000897	a[ n_] := Binomial[ 4 n, 2 n] Binomial[ 2 n, n]; (* _Michael Somos_, Mar 24 2013 *)	[1, 12, 420, 18480, 900900, 46558512, 2498640144, 137680171200, 7735904619300, 441233078286000, 25467973278667920, 1484298740174927040, 87202550985276963600, 5157850293780050462400, 306839461354466267304000, 18344908596179023234548480]
A000898	a[n_] := Sum[ 2^k*StirlingS1[n, k]*BellB[k], {k, 0, n}]; Table[a[n], {n, 0, 21}] (* _Jean-François Alcover_, Nov 17 2011, after _Vladeta Jovovic_ *)	[1, 2, 6, 20, 76, 312, 1384, 6512, 32400, 168992, 921184, 5222208, 30710464, 186753920, 1171979904, 7573069568, 50305536256, 342949298688, 2396286830080, 17138748412928, 125336396368896, 936222729254912, 7136574106003456, 55466948299223040, 439216305474605056, 3540846129311916032]
A000898	Table[Abs[HermiteH[n, I]], {n, 0, 20}] (* _Vladimir Reshetnikov_, Oct 22 2015 *)	[1, 2, 6, 20, 76, 312, 1384, 6512, 32400, 168992, 921184, 5222208, 30710464, 186753920, 1171979904, 7573069568, 50305536256, 342949298688, 2396286830080, 17138748412928, 125336396368896, 936222729254912, 7136574106003456, 55466948299223040, 439216305474605056, 3540846129311916032]
A000898	a[ n_] := Sum[ 2^(n - 2 k) n! / (k! (n - 2 k)!), {k, 0, n/2}]; (* _Michael Somos_, Oct 23 2015 *)	[1, 2, 6, 20, 76, 312, 1384, 6512, 32400, 168992, 921184, 5222208, 30710464, 186753920, 1171979904, 7573069568, 50305536256, 342949298688, 2396286830080, 17138748412928, 125336396368896, 936222729254912, 7136574106003456, 55466948299223040, 439216305474605056, 3540846129311916032]
A000907	Table[Sum[(-1)^i Binomial[2 n + 2, 2 n + 2 - i] Abs@ StirlingS1[2 n + 2 - i, n - i], {i, 0, n}], {n, 16}] (* _Michael De Vlieger_, Jan 04 2016 *)	[6, 130, 2380, 44100, 866250, 18288270, 416215800, 10199989800, 268438920750, 7562120816250, 227266937597700, 7262844156067500, 246045975136211250, 8810836639999143750, 332624558868351750000, 13205706717164131170000]
A000909	Table[(2*n)! (2*n+1)!/n!^2, {n, 0, 15}] (* _T. D. Noe_, Jun 20 2012 *)	[1, 12, 720, 100800, 25401600, 10059033600, 5753767219200, 4487938430976000, 4577697199595520000, 5914384781877411840000, 9439358111876349296640000, 18236839872145106841108480000, 41944731705933745734549504000000]
A000910	Table[5Binomial[n, 6], {n, 0, 100}] (* _Stefan Steinerberger_, Apr 30 2006 *)	[0, 0, 0, 0, 0, 0, 5, 35, 140, 420, 1050, 2310, 4620, 8580, 15015, 25025, 40040, 61880, 92820, 135660, 193800, 271320, 373065, 504735, 672980, 885500, 1151150, 1480050, 1883700, 2375100, 2968875, 3681405, 4530960, 5537840, 6724520, 8115800, 9738960, 11623920, 13803405]
A000911	Table[(2 n + 3)!/(n!*(n + 1)!), {n, 0, 20}] (* _T. D. Noe_, Jun 20 2012 *)	[6, 60, 420, 2520, 13860, 72072, 360360, 1750320, 8314020, 38798760, 178474296, 811246800, 3650610600, 16287339600, 72129646800, 317370445920, 1388495700900, 6044040109800, 26190840475800, 113034153632400, 486046860619320, 2083057974082800, 8900338616535600]
A000912	Table[If[EvenQ[n],CatalanNumber[n],CatalanNumber[n]-CatalanNumber[(n-1)/ 2]],{n,0,30}] (* _Harvey P. Dale_, Oct 30 2013 *)	[1, 0, 2, 4, 14, 40, 132, 424, 1430, 4848, 16796, 58744, 208012, 742768, 2674440, 9694416, 35357670, 129643360, 477638700, 1767258328, 6564120420, 24466250224, 91482563640, 343059554864, 1289904147324, 4861946193440, 18367353072152]
A000913	c[n_] := If[Floor[n] == n, Binomial[2 n, n]/(n + 1), 0]; a[n_] := (1/4)*c[n + 2] - (1/2)*c[n + 1] - (3/4)*c[(n + 1)/2] + (1/2)*c[(n - 1)/4]; Table[a[n], {n, 1, 25}] (* _James C. McMahon_, Dec 09 2023 after MAPLE by _Emeric Deutsch_ *)	[0, 1, 2, 12, 38, 143, 490, 1768, 6268, 22610, 81620, 297160, 1086172, 3991995, 14731290, 54587280, 202992808, 757398510, 2834493948, 10637507400, 40023577524, 150946230006, 570534370692, 2160865067312, 8199710635816]
A000914	Table[StirlingS1[n+2,n],{n,0,40}] (* _Harvey P. Dale_, Aug 24 2011 *)	[0, 2, 11, 35, 85, 175, 322, 546, 870, 1320, 1925, 2717, 3731, 5005, 6580, 8500, 10812, 13566, 16815, 20615, 25025, 30107, 35926, 42550, 50050, 58500, 67977, 78561, 90335, 103385, 117800, 133672, 151096, 170170, 190995, 213675, 238317, 265031]
A000914	a[ n_] := n (n + 1) (n + 2) (3 n + 5) / 24; (* _Michael Somos_, Sep 04 2017 *)	[0, 2, 11, 35, 85, 175, 322, 546, 870, 1320, 1925, 2717, 3731, 5005, 6580, 8500, 10812, 13566, 16815, 20615, 25025, 30107, 35926, 42550, 50050, 58500, 67977, 78561, 90335, 103385, 117800, 133672, 151096, 170170, 190995, 213675, 238317, 265031]
A000915	Table[Binomial[n + 4, 5]*(15*n^3 + 150*n^2 + 485*n + 502)/48, {n, 50}] (* _T. D. Noe_, Jun 20 2012 *)	[24, 274, 1624, 6769, 22449, 63273, 157773, 357423, 749463, 1474473, 2749747, 4899622, 8394022, 13896582, 22323822, 34916946, 53327946, 79721796, 116896626, 168423871, 238810495, 333685495, 460012995, 626334345, 843041745, 1122686019, 1480321269, 1933889244]
A000915	a[ n_] := n (n + 1) (n + 2) (n + 3) (n + 4) (15 n^3 + 150 n^2 + 485 n + 502) / 5760; (* _Michael Somos_, Sep 04 2017 *)	[24, 274, 1624, 6769, 22449, 63273, 157773, 357423, 749463, 1474473, 2749747, 4899622, 8394022, 13896582, 22323822, 34916946, 53327946, 79721796, 116896626, 168423871, 238810495, 333685495, 460012995, 626334345, 843041745, 1122686019, 1480321269, 1933889244]
A000917	Table[(2*n + 3)!/(n!*(n + 2)!), {n, 0, 25}] (* _T. D. Noe_, Jun 20 2012 *)	[3, 20, 105, 504, 2310, 10296, 45045, 194480, 831402, 3527160, 14872858, 62403600, 260757900, 1085822640, 4508102925, 18668849760, 77138650050, 318107374200, 1309542023790, 5382578744400, 22093039119060, 90567738003600, 370847442355650, 1516927277253024]
A000918	Table[2^n - 2, {n, 0, 29}] (* _Alonso del Arte_, Dec 01 2012 *)	[-1, 0, 2, 6, 14, 30, 62, 126, 254, 510, 1022, 2046, 4094, 8190, 16382, 32766, 65534, 131070, 262142, 524286, 1048574, 2097150, 4194302, 8388606, 16777214, 33554430, 67108862, 134217726, 268435454, 536870910, 1073741822, 2147483646, 4294967294, 8589934590, 17179869182, 34359738366, 68719476734, 137438953470]
A000919	k=4; Table[k!StirlingS2[n,k],{n,1,30}] (* _Robert A. Russell_, Sep 25 2018 *)	[0, 0, 0, 24, 240, 1560, 8400, 40824, 186480, 818520, 3498000, 14676024, 60780720, 249401880, 1016542800, 4123173624, 16664094960, 67171367640, 270232006800, 1085570781624, 4356217681200, 17466686971800, 69992221794000, 280345359228024, 1122510953731440]
A000920	k=6; Table[k!StirlingS2[n,k],{n,1,30}] (* _Robert A. Russell_, Sep 25 2018 *)	[0, 0, 0, 0, 0, 720, 15120, 191520, 1905120, 16435440, 129230640, 953029440, 6711344640, 45674188560, 302899156560, 1969147121760, 12604139926560, 79694820748080, 499018753280880, 3100376804676480, 19141689213218880, 117579844328562000]
A000930	a[0] = 1; a[1] = a[2] = 1; a[n_] := a[n] = a[n - 1] + a[n - 3]; Table[ a[n], {n, 0, 40} ]	[1, 1, 1, 2, 3, 4, 6, 9, 13, 19, 28, 41, 60, 88, 129, 189, 277, 406, 595, 872, 1278, 1873, 2745, 4023, 5896, 8641, 12664, 18560, 27201, 39865, 58425, 85626, 125491, 183916, 269542, 395033, 578949, 848491, 1243524, 1822473, 2670964, 3914488, 5736961, 8407925]
A000930	LinearRecurrence[{1, 0, 1}, {1, 1, 1}, 80] (* _Vladimir Joseph Stephan Orlovsky_, Feb 11 2012 *)	[1, 1, 1, 2, 3, 4, 6, 9, 13, 19, 28, 41, 60, 88, 129, 189, 277, 406, 595, 872, 1278, 1873, 2745, 4023, 5896, 8641, 12664, 18560, 27201, 39865, 58425, 85626, 125491, 183916, 269542, 395033, 578949, 848491, 1243524, 1822473, 2670964, 3914488, 5736961, 8407925]
A000931	a[0]=1; a[1]=a[2]=0; a[n_]:= a[n]= a[n-2] + a[n-3]; Table[a[n], {n, 0, 50}] (* _Robert G. Wilson v_, May 04 2006 *)	[1, 0, 0, 1, 0, 1, 1, 1, 2, 2, 3, 4, 5, 7, 9, 12, 16, 21, 28, 37, 49, 65, 86, 114, 151, 200, 265, 351, 465, 616, 816, 1081, 1432, 1897, 2513, 3329, 4410, 5842, 7739, 10252, 13581, 17991, 23833, 31572, 41824, 55405, 73396, 97229, 128801, 170625]
A000931	LinearRecurrence[{0,1,1}, {1,0,0}, 50] (* _Harvey P. Dale_, Jan 10 2012 *)	[1, 0, 0, 1, 0, 1, 1, 1, 2, 2, 3, 4, 5, 7, 9, 12, 16, 21, 28, 37, 49, 65, 86, 114, 151, 200, 265, 351, 465, 616, 816, 1081, 1432, 1897, 2513, 3329, 4410, 5842, 7739, 10252, 13581, 17991, 23833, 31572, 41824, 55405, 73396, 97229, 128801, 170625]
A000932	t = {1, 1}; Do[AppendTo[t, t[[-1]] + n*t[[-2]]], {n, 2, 30}]; t (* _T. D. Noe_, Jun 21 2012 *)	[1, 1, 3, 6, 18, 48, 156, 492, 1740, 6168, 23568, 91416, 374232, 1562640, 6801888, 30241488, 139071696, 653176992, 3156467520, 15566830368, 78696180768, 405599618496, 2136915595392, 11465706820800, 62751681110208, 349394351630208, 1980938060495616]
A000933	Join[{0, 0}, LinearRecurrence[{2, -2, 3, -3, 2, -2, 1}, {0, 0, 1, 1, 1, 2, 3}, 70]] (* _Harvey P. Dale_, Dec 18 2011 *)	[0, 0, 0, 0, 1, 1, 1, 2, 3, 4, 5, 6, 8, 10, 11, 13, 16, 18, 20, 23, 26, 29, 32, 35, 39, 43, 46, 50, 55, 59, 63, 68, 73, 78, 83, 88, 94, 100, 105, 111, 118, 124, 130, 137, 144, 151, 158, 165, 173, 181, 188, 196, 205, 213, 221, 230, 239, 248, 257, 266, 276, 286, 295, 305]
A000933	Join[{0, 0}, Table[Ceiling[(n - 3) (n - 4)/12], {n, 3, 20}]] (* _Eric W. Weisstein_, Jan 19 2018 *)	[0, 0, 0, 0, 1, 1, 1, 2, 3, 4, 5, 6, 8, 10, 11, 13, 16, 18, 20, 23, 26, 29, 32, 35, 39, 43, 46, 50, 55, 59, 63, 68, 73, 78, 83, 88, 94, 100, 105, 111, 118, 124, 130, 137, 144, 151, 158, 165, 173, 181, 188, 196, 205, 213, 221, 230, 239, 248, 257, 266, 276, 286, 295, 305]
A000934	Table[ Floor[ N[(7 + Sqrt[48n + 1])/2] ], {n, 0, 100} ]	[4, 7, 8, 9, 10, 11, 12, 12, 13, 13, 14, 15, 15, 16, 16, 16, 17, 17, 18, 18, 19, 19, 19, 20, 20, 20, 21, 21, 21, 22, 22, 22, 23, 23, 23, 24, 24, 24, 24, 25, 25, 25, 25, 26, 26, 26, 27, 27, 27, 27, 28, 28, 28, 28, 28, 29, 29, 29, 29, 30, 30, 30, 30, 31, 31, 31, 31, 31, 32, 32]
A000949	a[ n_] := If[ n < 0, 0, 1 + n! Sum[ Sum[ k^(n - m - k) m^k / (k! (n - m - k)!), {k, n - m}] / m!, {m, n - 1}]]; (* _Michael Somos_, Jul 03 2018 *)	[1, 1, 3, 16, 101, 756, 6607, 65794, 733833, 9046648, 121961051, 1782690174, 28055070397, 472594822324, 8479144213191, 161340195463066, 3243707386310033, 68679247688467056, 1526976223741111987, 35557878951515668726, 865217354118762606021]
A000955	a[1] = 1; a[2] = 6; a[3] = 8; a[n_] := a[n] = If[EvenQ[n], 3*a[n-1]^2 + 8*a[n-1] + 6, 3*a[n-2]^3 + 12*a[n-2]^2 + 17*a[n-2] + 8]; Array[a, 10] (* _Jean-François Alcover_, Feb 15 2016, after _Sean A. Irvine_ *)	[1, 6, 8, 262, 2448, 17997702, 44082372248, 5829766629386380698502, 256989942683351711945337288361248, 198131491921177194311506308094238133848780474484255622782351242502]
A000961	Select[ Range[ 2, 250 ], Mod[ #, # - EulerPhi[ # ] ] == 0 & ]	[1, 2, 3, 4, 5, 7, 8, 9, 11, 13, 16, 17, 19, 23, 25, 27, 29, 31, 32, 37, 41, 43, 47, 49, 53, 59, 61, 64, 67, 71, 73, 79, 81, 83, 89, 97, 101, 103, 107, 109, 113, 121, 125, 127, 128, 131, 137, 139, 149, 151, 157, 163, 167, 169, 173, 179, 181, 191, 193, 197, 199, 211, 223, 227]
A000961	Select[ Range[ 2, 250 ], Length[FactorInteger[ # ] ] == 1 & ]	[1, 2, 3, 4, 5, 7, 8, 9, 11, 13, 16, 17, 19, 23, 25, 27, 29, 31, 32, 37, 41, 43, 47, 49, 53, 59, 61, 64, 67, 71, 73, 79, 81, 83, 89, 97, 101, 103, 107, 109, 113, 121, 125, 127, 128, 131, 137, 139, 149, 151, 157, 163, 167, 169, 173, 179, 181, 191, 193, 197, 199, 211, 223, 227]
A000961	Join[{1}, Select[Range[2, 250], PrimePowerQ]] (* _Jean-François Alcover_, Jul 07 2015 *)	[1, 2, 3, 4, 5, 7, 8, 9, 11, 13, 16, 17, 19, 23, 25, 27, 29, 31, 32, 37, 41, 43, 47, 49, 53, 59, 61, 64, 67, 71, 73, 79, 81, 83, 89, 97, 101, 103, 107, 109, 113, 121, 125, 127, 128, 131, 137, 139, 149, 151, 157, 163, 167, 169, 173, 179, 181, 191, 193, 197, 199, 211, 223, 227]
A000962	LinearRecurrence[{0,7,0,-3,0,1},{1,0,0,1,2,5},40] (* _Harvey P. Dale_, Jun 28 2020 *)	[1, 0, 0, 1, 2, 5, 15, 32, 99, 210, 650, 1379, 4268, 9055, 28025, 59458, 184021, 390420, 1208340, 2563621, 7934342, 16833545, 52099395, 110534372, 342101079, 725803590, 2246343710, 4765855559, 14750202128, 31294112515, 96854484845, 205487024518, 635977131241]
A000963	LinearRecurrence[{0,7,0,-3,0,1},{0,1,0,3,7,16},30] (* _Harvey P. Dale_, Sep 06 2021 *)	[0, 1, 0, 3, 7, 16, 49, 104, 322, 683, 2114, 4485, 13881, 29450, 91147, 193378, 598500, 1269781, 3929940, 8337783, 25805227, 54748516, 169445269, 359496044, 1112631142]
A000964	LinearRecurrence[{0,7,0,-3,0,1},{0,0,1,1,4,8},31] (* _Harvey P. Dale_, Jun 29 2011 *)	[0, 0, 1, 1, 4, 8, 25, 53, 164, 348, 1077, 2285, 7072, 15004, 46437, 98521, 304920, 646920, 2002201, 4247881, 13147084, 27892928, 86327905, 183153773, 566856284, 1202645508, 3722157357, 7896950165, 24440860552, 51853868404, 160486408077]
A000969	f[x_, y_]:= Floor[Abs[y/x -x/y]]; Table[f[3, 2n^2+n+2], {n,53}] (* _Robert G. Wilson v_, Aug 11 2010 *)	[1, 3, 7, 12, 18, 26, 35, 45, 57, 70, 84, 100, 117, 135, 155, 176, 198, 222, 247, 273, 301, 330, 360, 392, 425, 459, 495, 532, 570, 610, 651, 693, 737, 782, 828, 876, 925, 975, 1027, 1080, 1134, 1190, 1247, 1305, 1365, 1426, 1488, 1552, 1617, 1683, 1751, 1820, 1890]
A000970	LinearRecurrence[{4,-6,4,-1,1,-4,6,-4,1},{1,7,25,66,143,273,476,775,1197},40] (* _Harvey P. Dale_, Sep 06 2017 *)	[1, 7, 25, 66, 143, 273, 476, 775, 1197, 1771, 2530, 3510, 4750, 6293, 8184, 10472, 13209, 16450, 20254, 24682, 29799, 35673, 42375, 49980, 58565, 68211, 79002, 91025, 104371, 119133, 135408, 153296, 172900, 194327, 217686, 243090, 270655]
A000972	Table[Floor[((2*n)*(2*n+1)*(2*n+2)*(2*n+3)*(2*n+4)*(2*n+5)/7!)],{n,1,30}] (* _Vincenzo Librandi_, Apr 10 2012 *)	[1, 12, 66, 245, 715, 1768, 3876, 7752, 14421, 25300, 42287, 67860, 105183, 158224, 231880, 332112, 466089, 642341, 870922, 1163580, 1533939, 1997688, 2572780, 3279640, 4141382, 5184036, 6436782, 7932196, 9706503, 11799840, 14256528, 17125353, 20459857]
A000972	With[{c=7!,t=Times@@(2n+Range[0,5])},Table[Floor[t/c],{n,30}]] (* _Harvey P. Dale_, Apr 20 2014 *)	[1, 12, 66, 245, 715, 1768, 3876, 7752, 14421, 25300, 42287, 67860, 105183, 158224, 231880, 332112, 466089, 642341, 870922, 1163580, 1533939, 1997688, 2572780, 3279640, 4141382, 5184036, 6436782, 7932196, 9706503, 11799840, 14256528, 17125353, 20459857]
A000975	Array[Ceiling[2(2^# - 1)/3] &, 41, 0]	[0, 1, 2, 5, 10, 21, 42, 85, 170, 341, 682, 1365, 2730, 5461, 10922, 21845, 43690, 87381, 174762, 349525, 699050, 1398101, 2796202, 5592405, 11184810, 22369621, 44739242, 89478485, 178956970, 357913941, 715827882, 1431655765, 2863311530, 5726623061, 11453246122]
A000975	LinearRecurrence[{2, 1, -2}, {0, 1, 2}, 40] (* _Harvey P. Dale_, Aug 10 2013 *)	[0, 1, 2, 5, 10, 21, 42, 85, 170, 341, 682, 1365, 2730, 5461, 10922, 21845, 43690, 87381, 174762, 349525, 699050, 1398101, 2796202, 5592405, 11184810, 22369621, 44739242, 89478485, 178956970, 357913941, 715827882, 1431655765, 2863311530, 5726623061, 11453246122]
A000975	f[n_] := Block[{exp = n - 2}, Sum[2^i, {i, exp, 0, -2}]]; Array[f, 33] (* _Robert G. Wilson v_, Oct 30 2015 *)	[0, 1, 2, 5, 10, 21, 42, 85, 170, 341, 682, 1365, 2730, 5461, 10922, 21845, 43690, 87381, 174762, 349525, 699050, 1398101, 2796202, 5592405, 11184810, 22369621, 44739242, 89478485, 178956970, 357913941, 715827882, 1431655765, 2863311530, 5726623061, 11453246122]
A000975	f[s_List] := Block[{a = s[[-1]]}, Append[s, If[OddQ@ Length@ s, 2a + 1, 2a]]]; Nest[f, {0}, 32] (* _Robert G. Wilson v_, Jul 20 2017 *)	[0, 1, 2, 5, 10, 21, 42, 85, 170, 341, 682, 1365, 2730, 5461, 10922, 21845, 43690, 87381, 174762, 349525, 699050, 1398101, 2796202, 5592405, 11184810, 22369621, 44739242, 89478485, 178956970, 357913941, 715827882, 1431655765, 2863311530, 5726623061, 11453246122]
A000975	NestList[2# + Boole[EvenQ[#]] &, 0, 39] (* _Alonso del Arte_, Sep 21 2018 *)	[0, 1, 2, 5, 10, 21, 42, 85, 170, 341, 682, 1365, 2730, 5461, 10922, 21845, 43690, 87381, 174762, 349525, 699050, 1398101, 2796202, 5592405, 11184810, 22369621, 44739242, 89478485, 178956970, 357913941, 715827882, 1431655765, 2863311530, 5726623061, 11453246122]
A000979	Select[ Array[(2^# + 1)/3 &, 190], PrimeQ] (* _Vladimir Joseph Stephan Orlovsky_, Apr 03 2010 *)	[3, 11, 43, 683, 2731, 43691, 174763, 2796203, 715827883, 2932031007403, 768614336404564651, 201487636602438195784363, 845100400152152934331135470251, 56713727820156410577229101238628035243, 62357403192785191176690552862561408838653121833643]
A000982	Table[Ceiling[n^2/2], {n, 0, 120}] (* _Vladimir Joseph Stephan Orlovsky_, Apr 02 2011 *)	[0, 1, 2, 5, 8, 13, 18, 25, 32, 41, 50, 61, 72, 85, 98, 113, 128, 145, 162, 181, 200, 221, 242, 265, 288, 313, 338, 365, 392, 421, 450, 481, 512, 545, 578, 613, 648, 685, 722, 761, 800, 841, 882, 925, 968, 1013, 1058, 1105, 1152, 1201, 1250, 1301, 1352, 1405]
A000984	Table[Binomial[2n, n], {n, 0, 24}] (* _Alonso del Arte_, Nov 10 2005 *)	[1, 2, 6, 20, 70, 252, 924, 3432, 12870, 48620, 184756, 705432, 2704156, 10400600, 40116600, 155117520, 601080390, 2333606220, 9075135300, 35345263800, 137846528820, 538257874440, 2104098963720, 8233430727600, 32247603683100, 126410606437752, 495918532948104, 1946939425648112]
A000984	CoefficientList[Series[1/Sqrt[1-4x],{x,0,25}],x]  (* _Harvey P. Dale_, Mar 14 2011 *)	[1, 2, 6, 20, 70, 252, 924, 3432, 12870, 48620, 184756, 705432, 2704156, 10400600, 40116600, 155117520, 601080390, 2333606220, 9075135300, 35345263800, 137846528820, 538257874440, 2104098963720, 8233430727600, 32247603683100, 126410606437752, 495918532948104, 1946939425648112]
A000987	(* b = A000985 *) Clear[a, b]; b[0] = 1; b[1] = 1; b[2] = 3; b[3] = 11; b[4] = 56; b[n_] := b[n] = (2*n-1)*b[n-1] - (n-2)*(n-1)*b[n-2] - (n-2)*(n - 1)*b[n-3] + (n-3)*(n-2)*(n-1)*b[(n-4)]/2; a[0] = 0; a[1] = 1; a[n_] := a[n] = (n-2)*a[n-1] + b[n-2]; Array[a, 22, 0] (* _Jean-François Alcover_, Feb 15 2016, after _Sean A. Irvine_ *)	[0, 1, 1, 2, 7, 32, 184, 1268, 10186, 93356, 960646, 10959452, 137221954, 1870087808, 27548231008, 436081302248, 7380628161076, 132975267434552, 2540593483517404, 51299775805464824, 1091447620966600804, 24401984084483685248, 571907754141520643296]
A000989	Table[ IntegerExponent[ Binomial[2 n, n], 3], {n, 0, 100}] (* _Jean-François Alcover_, Feb 15 2016 *)	[0, 0, 1, 0, 0, 2, 1, 1, 2, 0, 0, 1, 0, 0, 3, 2, 2, 3, 1, 1, 2, 1, 1, 3, 2, 2, 3, 0, 0, 1, 0, 0, 2, 1, 1, 2, 0, 0, 1, 0, 0, 4, 3, 3, 4, 2, 2, 3, 2, 2, 4, 3, 3, 4, 1, 1, 2, 1, 1, 3, 2, 2, 3, 1, 1, 2, 1, 1, 4, 3, 3, 4, 2, 2, 3, 2, 2, 4, 3, 3]
A000992	a[1]=1; a[n_]:=a[n]=Sum[a[k] a[n-k],{k,1,Floor[n/2]}]; Table[a[n],{n,1,32}] (* _Jean-François Alcover_, Mar 21 2011 *)	[1, 1, 1, 2, 3, 6, 11, 24, 47, 103, 214, 481, 1030, 2337, 5131, 11813, 26329, 60958, 137821, 321690, 734428, 1721998, 3966556, 9352353, 21683445, 51296030, 119663812, 284198136, 666132304, 1586230523, 3734594241, 8919845275, 21075282588, 50441436842]
A000993	a[n_] := (83 - 27*(-1)^n + 9*2^(n) - (-1)^n*2^(1 + n) + 9*5^(1 + n) - (-1)^n*5^(1 + n) + 2^(n)*5^(1 + n))/72; Table[ Floor[ a[n]], {n, 0, 20}]	[1, 6, 22, 159, 1044, 9121, 78132, 748719, 7161484, 70800861, 699869892, 6978353179, 69580078524, 695292156201, 6947835288052, 69465637212039, 694529215501164, 6944974263529141, 69446563720728612, 694457689921141299, 6944497426351013404]
A000993	(* Or *) a[0] = 1; a[1] = 6; a[2] = 22; a[3] = 159; a[4] = 1044; a[5] = 9121; a[6] = 78132; a[7] = 748719; a[8] = 7161484; a[n_] := 130 a[n - 2] - 3129 a[n - 4] + 13000 a[n - 6] - 10000 a[n - 8]; Table[ a[n], {n, 0, 20}]	[1, 6, 22, 159, 1044, 9121, 78132, 748719, 7161484, 70800861, 699869892, 6978353179, 69580078524, 695292156201, 6947835288052, 69465637212039, 694529215501164, 6944974263529141, 69446563720728612, 694457689921141299, 6944497426351013404]
A000993	LinearRecurrence[{10,30,-300,-129,1290,100,-1000},{1,6,22,159,1044,9121,78132,748719},20] (* _Harvey P. Dale_, Dec 17 2017 *)	[1, 6, 22, 159, 1044, 9121, 78132, 748719, 7161484, 70800861, 699869892, 6978353179, 69580078524, 695292156201, 6947835288052, 69465637212039, 694529215501164, 6944974263529141, 69446563720728612, 694457689921141299, 6944497426351013404]
A000994	a[n_] := a[n] = 1 + Sum[Binomial[n, k]*a[k-2], {k, 2, n}]; Join[{1, 0}, Table[a[n], {n, 0, 24}]] (* _Jean-François Alcover_, Oct 11 2011, after Maple *)	[1, 0, 1, 1, 2, 5, 13, 36, 109, 359, 1266, 4731, 18657, 77464, 337681, 1540381, 7330418, 36301105, 186688845, 995293580, 5491595645, 31310124067, 184199228226, 1116717966103, 6968515690273, 44710457783760, 294655920067105, 1992750830574681, 13817968813639426]
A000995	a[n_] := a[n] = If[n <= 1, n, n + Sum[Binomial[n, k]*a[k-2], {k, 2, n}]]; Join[{0, 1}, Table[a[n], {n, 0, 24}]] (* _Jean-François Alcover_, May 18 2011, after Maple prog. *)	[0, 1, 0, 1, 2, 4, 10, 29, 90, 295, 1030, 3838, 15168, 63117, 275252, 1254801, 5968046, 29551768, 152005634, 810518729, 4472244574, 25497104007, 149993156234, 909326652914, 5674422994544, 36408092349897, 239942657880360]
A000999	Table[IntegerExponent[Binomial[2*n, n], 5], {n, 0, 100}] (* _T. D. Noe_, Jun 21 2012 *)	[0, 0, 0, 1, 1, 0, 0, 0, 1, 1, 0, 0, 0, 2, 2, 1, 1, 1, 2, 2, 1, 1, 1, 2, 2, 0, 0, 0, 1, 1, 0, 0, 0, 1, 1, 0, 0, 0, 2, 2, 1, 1, 1, 2, 2, 1, 1, 1, 2, 2, 0, 0, 0, 1, 1, 0, 0, 0, 1, 1, 0, 0, 0, 3, 3, 2, 2, 2, 3, 3, 2, 2, 2, 3, 3, 1, 1, 1, 2, 2, 1, 1, 1, 2, 2, 1, 1]
A001001	a[n_] := Sum[ d*DivisorSigma[1, d], {d, Divisors[n]}]; Table[ a[n], {n, 1, 42}] (* _Jean-François Alcover_, Jan 20 2012, after _Vladeta Jovovic_ *)	[1, 7, 13, 35, 31, 91, 57, 155, 130, 217, 133, 455, 183, 399, 403, 651, 307, 910, 381, 1085, 741, 931, 553, 2015, 806, 1281, 1210, 1995, 871, 2821, 993, 2667, 1729, 2149, 1767, 4550, 1407, 2667, 2379, 4805, 1723, 5187, 1893, 4655, 4030, 3871, 2257, 8463, 2850, 5642, 3991, 6405, 2863]
A001001	f[p_, e_] := Product[(p^(e + k) - 1)/(p^k - 1), {k, 1, 2}]; a[1] = 1; a[n_] := Times @@ (f @@@ FactorInteger[n]); Array[a, 100] (* _Amiram Eldar_, Aug 29 2019 *)	[1, 7, 13, 35, 31, 91, 57, 155, 130, 217, 133, 455, 183, 399, 403, 651, 307, 910, 381, 1085, 741, 931, 553, 2015, 806, 1281, 1210, 1995, 871, 2821, 993, 2667, 1729, 2149, 1767, 4550, 1407, 2667, 2379, 4805, 1723, 5187, 1893, 4655, 4030, 3871, 2257, 8463, 2850, 5642, 3991, 6405, 2863]
A001002	a[n_] := a[n] = If[n == 0, 1, Sum[a[i] a[n - 1 - i], {i, 0, n - 1}] + Sum[a[i] a[j] a[n - 2 - i - j], {i, 0, n - 2}, {j, 0, n - 2 - i}]];	[1, 1, 3, 10, 38, 154, 654, 2871, 12925, 59345, 276835, 1308320, 6250832, 30142360, 146510216, 717061938, 3530808798, 17478955570, 86941210950, 434299921440, 2177832612120, 10959042823020, 55322023332420, 280080119609550, 1421744205767418, 7234759677699954]
A001007	Table[p = Prime[n]; Sum[Binomial[p, i], {i, 1, Floor[2*p/3]}]/p^2, {n, 3, 30}] (* _T. D. Noe_, Jan 21 2013 *)	[1, 2, 15, 42, 421, 1331, 15119, 618765, 2155578, 98032875, 1290154807, 4682196239, 63117678751, 3186252107917, 164886529617695, 616630679090258, 32763760653353135, 467443761039641135, 1768227793278781667, 96699391743949360451, 1402535447576150395335]
A001008	Table[Numerator[HarmonicNumber[n]], {n, 30}]	[1, 3, 11, 25, 137, 49, 363, 761, 7129, 7381, 83711, 86021, 1145993, 1171733, 1195757, 2436559, 42142223, 14274301, 275295799, 55835135, 18858053, 19093197, 444316699, 1347822955, 34052522467, 34395742267, 312536252003, 315404588903, 9227046511387]
A001008	Numerator[Accumulate[1/Range[25]]] (* _Alonso del Arte_, Nov 21 2018 *)	[1, 3, 11, 25, 137, 49, 363, 761, 7129, 7381, 83711, 86021, 1145993, 1171733, 1195757, 2436559, 42142223, 14274301, 275295799, 55835135, 18858053, 19093197, 444316699, 1347822955, 34052522467, 34395742267, 312536252003, 315404588903, 9227046511387]
A001014	Table[n^6, {n, 0, 40}] (* _Vladimir Joseph Stephan Orlovsky_, Feb 19 2010 *)	[0, 1, 64, 729, 4096, 15625, 46656, 117649, 262144, 531441, 1000000, 1771561, 2985984, 4826809, 7529536, 11390625, 16777216, 24137569, 34012224, 47045881, 64000000, 85766121, 113379904, 148035889, 191102976, 244140625, 308915776, 387420489, 481890304]
A001015	Table[n^7, {n,0,40}] (* _Vladimir Joseph Stephan Orlovsky_, Apr 15 2011 *)	[0, 1, 128, 2187, 16384, 78125, 279936, 823543, 2097152, 4782969, 10000000, 19487171, 35831808, 62748517, 105413504, 170859375, 268435456, 410338673, 612220032, 893871739, 1280000000, 1801088541, 2494357888, 3404825447, 4586471424, 6103515625, 8031810176]
A001016	Table[n^8, {n, 0, 20}] (* _Vladimir Joseph Stephan Orlovsky_, Sep 27 2008 *)	[0, 1, 256, 6561, 65536, 390625, 1679616, 5764801, 16777216, 43046721, 100000000, 214358881, 429981696, 815730721, 1475789056, 2562890625, 4294967296, 6975757441, 11019960576, 16983563041, 25600000000, 37822859361, 54875873536, 78310985281, 110075314176]
A001017	Table[n^9, {n, 0, 20}] (* _Vladimir Joseph Stephan Orlovsky_, Sep 27 2008 *)	[0, 1, 512, 19683, 262144, 1953125, 10077696, 40353607, 134217728, 387420489, 1000000000, 2357947691, 5159780352, 10604499373, 20661046784, 38443359375, 68719476736, 118587876497, 198359290368, 322687697779, 512000000000, 794280046581, 1207269217792]
A001017	Range[0, 30]^9 (* _Wesley Ivan Hurt_, Apr 01 2016 *)	[0, 1, 512, 19683, 262144, 1953125, 10077696, 40353607, 134217728, 387420489, 1000000000, 2357947691, 5159780352, 10604499373, 20661046784, 38443359375, 68719476736, 118587876497, 198359290368, 322687697779, 512000000000, 794280046581, 1207269217792]
A001018	Table[8^n, {n,0,50}] (* _Vladimir Joseph Stephan Orlovsky_, Feb 15 2011 *)	[1, 8, 64, 512, 4096, 32768, 262144, 2097152, 16777216, 134217728, 1073741824, 8589934592, 68719476736, 549755813888, 4398046511104, 35184372088832, 281474976710656, 2251799813685248, 18014398509481984, 144115188075855872, 1152921504606846976, 9223372036854775808, 73786976294838206464, 590295810358705651712, 4722366482869645213696]
A001019	Table[9^n, {n, 0, 40}] (* _Vladimir Joseph Stephan Orlovsky_, Feb 15 2011 *)	[1, 9, 81, 729, 6561, 59049, 531441, 4782969, 43046721, 387420489, 3486784401, 31381059609, 282429536481, 2541865828329, 22876792454961, 205891132094649, 1853020188851841, 16677181699666569, 150094635296999121, 1350851717672992089, 12157665459056928801]
A001019	NestList[9#&,1,20] (* _Harvey P. Dale_, Jul 04 2014 *)	[1, 9, 81, 729, 6561, 59049, 531441, 4782969, 43046721, 387420489, 3486784401, 31381059609, 282429536481, 2541865828329, 22876792454961, 205891132094649, 1853020188851841, 16677181699666569, 150094635296999121, 1350851717672992089, 12157665459056928801]
A001020	Table[11^n,{n,0,40}] (* _Vladimir Joseph Stephan Orlovsky_, Feb 15 2011 *)	[1, 11, 121, 1331, 14641, 161051, 1771561, 19487171, 214358881, 2357947691, 25937424601, 285311670611, 3138428376721, 34522712143931, 379749833583241, 4177248169415651, 45949729863572161, 505447028499293771, 5559917313492231481, 61159090448414546291]
A001021	Table[12^n, {n, 0, 40}] (* _Vladimir Joseph Stephan Orlovsky_, Feb 15 2011 *)	[1, 12, 144, 1728, 20736, 248832, 2985984, 35831808, 429981696, 5159780352, 61917364224, 743008370688, 8916100448256, 106993205379072, 1283918464548864, 15407021574586368, 184884258895036416, 2218611106740436992]
A001022	Table[13^n, {n, 0, 40}] (* _Vladimir Joseph Stephan Orlovsky_, Feb 15 2011 *)	[1, 13, 169, 2197, 28561, 371293, 4826809, 62748517, 815730721, 10604499373, 137858491849, 1792160394037, 23298085122481, 302875106592253, 3937376385699289, 51185893014090757, 665416609183179841, 8650415919381337933, 112455406951957393129, 1461920290375446110677, 19004963774880799438801]
A001022	13^Range[0,20] (* _Harvey P. Dale_, Jun 16 2024 *)	[1, 13, 169, 2197, 28561, 371293, 4826809, 62748517, 815730721, 10604499373, 137858491849, 1792160394037, 23298085122481, 302875106592253, 3937376385699289, 51185893014090757, 665416609183179841, 8650415919381337933, 112455406951957393129, 1461920290375446110677, 19004963774880799438801]
A001023	Table[14^n,{n,0,40}] (* _Vladimir Joseph Stephan Orlovsky_, Feb 15 2011 *)	[1, 14, 196, 2744, 38416, 537824, 7529536, 105413504, 1475789056, 20661046784, 289254654976, 4049565169664, 56693912375296, 793714773254144, 11112006825558016, 155568095557812224, 2177953337809371136, 30491346729331195904, 426878854210636742656, 5976303958948914397184, 83668255425284801560576]
A001023	Denominator/@HermiteH[Range[0,20],5/28] (* _Harvey P. Dale_, Jul 11 2011 *)	[1, 14, 196, 2744, 38416, 537824, 7529536, 105413504, 1475789056, 20661046784, 289254654976, 4049565169664, 56693912375296, 793714773254144, 11112006825558016, 155568095557812224, 2177953337809371136, 30491346729331195904, 426878854210636742656, 5976303958948914397184, 83668255425284801560576]
A001024	Table[15^n,{n,0,40}] (* _Vladimir Joseph Stephan Orlovsky_, Feb 15 2011 *)	[1, 15, 225, 3375, 50625, 759375, 11390625, 170859375, 2562890625, 38443359375, 576650390625, 8649755859375, 129746337890625, 1946195068359375, 29192926025390625, 437893890380859375, 6568408355712890625, 98526125335693359375, 1477891880035400390625, 22168378200531005859375, 332525673007965087890625]
A001025	Table[4^(2*n), {n,0,20}] (* _Vladimir Joseph Stephan Orlovsky_, Mar 01 2009 *)	[1, 16, 256, 4096, 65536, 1048576, 16777216, 268435456, 4294967296, 68719476736, 1099511627776, 17592186044416, 281474976710656, 4503599627370496, 72057594037927936, 1152921504606846976, 18446744073709551616, 295147905179352825856, 4722366482869645213696, 75557863725914323419136, 1208925819614629174706176]
A001026	Table[17^n,{n,0,40}] (* _Vladimir Joseph Stephan Orlovsky_, Feb 15 2011 *)	[1, 17, 289, 4913, 83521, 1419857, 24137569, 410338673, 6975757441, 118587876497, 2015993900449, 34271896307633, 582622237229761, 9904578032905937, 168377826559400929, 2862423051509815793, 48661191875666868481, 827240261886336764177, 14063084452067724991009, 239072435685151324847153, 4064231406647572522401601]
A001027	Table[18^n,{n,0,40}] (* _Vladimir Joseph Stephan Orlovsky_, Feb 15 2011 *)	[1, 18, 324, 5832, 104976, 1889568, 34012224, 612220032, 11019960576, 198359290368, 3570467226624, 64268410079232, 1156831381426176, 20822964865671168, 374813367582081024, 6746640616477458432, 121439531096594251776, 2185911559738696531968, 39346408075296537575424, 708235345355337676357632, 12748236216396078174437376]
A001029	Table[19^n,{n,0,40}] (* _Vladimir Joseph Stephan Orlovsky_, Feb 15 2011 *)	[1, 19, 361, 6859, 130321, 2476099, 47045881, 893871739, 16983563041, 322687697779, 6131066257801, 116490258898219, 2213314919066161, 42052983462257059, 799006685782884121, 15181127029874798299, 288441413567621167681, 5480386857784802185939, 104127350297911241532841, 1978419655660313589123979, 37589973457545958193355601]
A001036	f[n_] := DivisorSum[n, MoebiusMu[#] * 2^(n/#) &] / n; Accumulate[Array[f, 30]] - 1 (* _Amiram Eldar_, Aug 24 2023 *)	[1, 2, 4, 7, 13, 22, 40, 70, 126, 225, 411, 746, 1376, 2537, 4719, 8799, 16509, 31041, 58635, 111012, 210870, 401427, 766149, 1465019, 2807195, 5387990, 10358998, 19945393, 38458183, 74248450, 143522116, 277737796, 538038782, 1043325197]
A001037	f[n_] := Block[{d = Divisors@ n}, Plus @@ (MoebiusMu[n/d]*2^d/n)]; Array[f, 32]	[1, 2, 1, 2, 3, 6, 9, 18, 30, 56, 99, 186, 335, 630, 1161, 2182, 4080, 7710, 14532, 27594, 52377, 99858, 190557, 364722, 698870, 1342176, 2580795, 4971008, 9586395, 18512790, 35790267, 69273666, 134215680, 260300986, 505286415, 981706806, 1908866960, 3714566310, 7233615333, 14096302710, 27487764474]
A001039	Table[(Prime[n]^Prime[n] - 1)/(Prime[n] - 1), {n, 1, 10}]	[3, 13, 781, 137257, 28531167061, 25239592216021, 51702516367896047761, 109912203092239643840221, 949112181811268728834319677753, 91703076898614683377208150526107718802981]
A001039	(#^#-1)/(#-1)&/@Prime[Range[10]] (* _Harvey P. Dale_, Apr 09 2016 *)	[3, 13, 781, 137257, 28531167061, 25239592216021, 51702516367896047761, 109912203092239643840221, 949112181811268728834319677753, 91703076898614683377208150526107718802981]
A001041	12*FoldList[ #1*Prime[ #2 ]&, 1, Range[ 20 ] ]	[12, 24, 72, 360, 2520, 27720, 360360, 6126120, 116396280, 2677114440, 77636318760, 2406725881560, 89048857617720, 3651003162326520, 156993135980040360, 7378677391061896920, 391069901726280536760, 23073124201850551668840]
A001043	Table[Prime[n] + Prime[n + 1], {n, 55}] (* _Ray Chandler_, Feb 12 2005 *)	[5, 8, 12, 18, 24, 30, 36, 42, 52, 60, 68, 78, 84, 90, 100, 112, 120, 128, 138, 144, 152, 162, 172, 186, 198, 204, 210, 216, 222, 240, 258, 268, 276, 288, 300, 308, 320, 330, 340, 352, 360, 372, 384, 390, 396, 410, 434, 450, 456, 462, 472, 480, 492, 508, 520]
A001043	Total/@Partition[Prime[Range[60]], 2, 1] (* _Harvey P. Dale_, Aug 23 2011 *)	[5, 8, 12, 18, 24, 30, 36, 42, 52, 60, 68, 78, 84, 90, 100, 112, 120, 128, 138, 144, 152, 162, 172, 186, 198, 204, 210, 216, 222, 240, 258, 268, 276, 288, 300, 308, 320, 330, 340, 352, 360, 372, 384, 390, 396, 410, 434, 450, 456, 462, 472, 480, 492, 508, 520]
A001044	Table[n!^2, {n, 0, 20}] (* _Stefan Steinerberger_, Apr 07 2006 *)	[1, 1, 4, 36, 576, 14400, 518400, 25401600, 1625702400, 131681894400, 13168189440000, 1593350922240000, 229442532802560000, 38775788043632640000, 7600054456551997440000, 1710012252724199424000000, 437763136697395052544000000, 126513546505547170185216000000]
A001044	Join[{1},Table[Det[DiagonalMatrix[Range[n]^2]],{n,20}]] (* _Harvey P. Dale_, Mar 31 2020 *)	[1, 1, 4, 36, 576, 14400, 518400, 25401600, 1625702400, 131681894400, 13168189440000, 1593350922240000, 229442532802560000, 38775788043632640000, 7600054456551997440000, 1710012252724199424000000, 437763136697395052544000000, 126513546505547170185216000000]
A001045	Jacob0[n_] := (2^n - (-1)^n)/3; Table[Jacob0[n], {n, 0, 33}] (* _Robert G. Wilson v_, Dec 05 2005 *)	[0, 1, 1, 3, 5, 11, 21, 43, 85, 171, 341, 683, 1365, 2731, 5461, 10923, 21845, 43691, 87381, 174763, 349525, 699051, 1398101, 2796203, 5592405, 11184811, 22369621, 44739243, 89478485, 178956971, 357913941, 715827883, 1431655765, 2863311531, 5726623061, 11453246123]
A001045	Array[(2^# - (-1)^#)/3 &, 33, 0] (* Joseph Biberstine (jrbibers(AT)indiana.edu), Dec 26 2006 *)	[0, 1, 1, 3, 5, 11, 21, 43, 85, 171, 341, 683, 1365, 2731, 5461, 10923, 21845, 43691, 87381, 174763, 349525, 699051, 1398101, 2796203, 5592405, 11184811, 22369621, 44739243, 89478485, 178956971, 357913941, 715827883, 1431655765, 2863311531, 5726623061, 11453246123]
A001045	LinearRecurrence[{1, 2}, {0, 1}, 40] (* _Harvey P. Dale_, Nov 30 2011 *)	[0, 1, 1, 3, 5, 11, 21, 43, 85, 171, 341, 683, 1365, 2731, 5461, 10923, 21845, 43691, 87381, 174763, 349525, 699051, 1398101, 2796203, 5592405, 11184811, 22369621, 44739243, 89478485, 178956971, 357913941, 715827883, 1431655765, 2863311531, 5726623061, 11453246123]
A001045	Table[(2^n - (-1)^n)/3, {n, 0, 20}] (* _Eric W. Weisstein_, Sep 21 2017 *)	[0, 1, 1, 3, 5, 11, 21, 43, 85, 171, 341, 683, 1365, 2731, 5461, 10923, 21845, 43691, 87381, 174763, 349525, 699051, 1398101, 2796203, 5592405, 11184811, 22369621, 44739243, 89478485, 178956971, 357913941, 715827883, 1431655765, 2863311531, 5726623061, 11453246123]
A001047	Table[ 3^n - 2^n, {n, 0, 25} ]	[0, 1, 5, 19, 65, 211, 665, 2059, 6305, 19171, 58025, 175099, 527345, 1586131, 4766585, 14316139, 42981185, 129009091, 387158345, 1161737179, 3485735825, 10458256051, 31376865305, 94134790219, 282412759265, 847255055011, 2541798719465, 7625463267259, 22876524019505]
A001047	LinearRecurrence[{5, -6}, {0, 1}, 25] (* _Harvey P. Dale_, Aug 18 2011 *)	[0, 1, 5, 19, 65, 211, 665, 2059, 6305, 19171, 58025, 175099, 527345, 1586131, 4766585, 14316139, 42981185, 129009091, 387158345, 1161737179, 3485735825, 10458256051, 31376865305, 94134790219, 282412759265, 847255055011, 2541798719465, 7625463267259, 22876524019505]
A001047	Numerator@NestList[(3#+1)/2&,1/2,100] (* _Zak Seidov_, Oct 03 2011 *)	[0, 1, 5, 19, 65, 211, 665, 2059, 6305, 19171, 58025, 175099, 527345, 1586131, 4766585, 14316139, 42981185, 129009091, 387158345, 1161737179, 3485735825, 10458256051, 31376865305, 94134790219, 282412759265, 847255055011, 2541798719465, 7625463267259, 22876524019505]
A001048	Table[n! + (n + 1)!, {n, 0, 30}] (* _Vladimir Joseph Stephan Orlovsky_, Apr 14 2011 *)	[2, 3, 8, 30, 144, 840, 5760, 45360, 403200, 3991680, 43545600, 518918400, 6706022400, 93405312000, 1394852659200, 22230464256000, 376610217984000, 6758061133824000, 128047474114560000, 2554547108585472000, 53523844179886080000, 1175091669949317120000]
A001048	Total/@Partition[Range[0, 20]!, 2, 1] (* _Harvey P. Dale_, Nov 29 2013 *)	[2, 3, 8, 30, 144, 840, 5760, 45360, 403200, 3991680, 43545600, 518918400, 6706022400, 93405312000, 1394852659200, 22230464256000, 376610217984000, 6758061133824000, 128047474114560000, 2554547108585472000, 53523844179886080000, 1175091669949317120000]
A001051	a[2] = 3; a[4] = 5; a[12] = 8; a[24] = 10; a[48] = a[60] = a[120] = 8; a[n_] := Switch[Mod[n, 4], 0, 7, 1, 1, 2, 5, 3, 1]; Table[a[n], {n, 1, 96}] (* _Jean-François Alcover_, Oct 15 2013 *)	[1, 3, 1, 5, 1, 5, 1, 7, 1, 5, 1, 8, 1, 5, 1, 7, 1, 5, 1, 7, 1, 5, 1, 10, 1, 5, 1, 7, 1, 5, 1, 7, 1, 5, 1, 7, 1, 5, 1, 7, 1, 5, 1, 7, 1, 5, 1, 8, 1, 5, 1, 7, 1, 5, 1, 7, 1, 5, 1, 8, 1, 5, 1, 7, 1, 5, 1, 7, 1, 5, 1, 7, 1, 5, 1, 7, 1, 5, 1, 7, 1, 5, 1, 7, 1, 5, 1, 7, 1, 5, 1, 7, 1, 5, 1, 7, 1, 5, 1, 7, 1, 5, 1, 7, 1, 5, 1, 7, 1, 5, 1, 7, 1, 5, 1, 7, 1, 5, 1, 8]
A001057	Join[{0},Riffle[Range[35],-Range[35]]] (* _Harvey P. Dale_, Sep 21 2011 *)	[0, 1, -1, 2, -2, 3, -3, 4, -4, 5, -5, 6, -6, 7, -7, 8, -8, 9, -9, 10, -10, 11, -11, 12, -12, 13, -13, 14, -14, 15, -15, 16, -16, 17, -17, 18, -18, 19, -19, 20, -20, 21, -21, 22, -22, 23, -23, 24, -24, 25, -25, 26, -26, 27, -27, 28, -28, 29, -29, 30, -30, 31, -31]
A001057	a[ n_] := -(-1)^n Ceiling[n/2]; (* _Michael Somos_, Jun 05 2013 *)	[0, 1, -1, 2, -2, 3, -3, 4, -4, 5, -5, 6, -6, 7, -7, 8, -8, 9, -9, 10, -10, 11, -11, 12, -12, 13, -13, 14, -14, 15, -15, 16, -16, 17, -17, 18, -18, 19, -19, 20, -20, 21, -21, 22, -22, 23, -23, 24, -24, 25, -25, 26, -26, 27, -27, 28, -28, 29, -29, 30, -30, 31, -31]
A001057	LinearRecurrence[{-1, 1, 1}, {0, 1, -1}, 63] (* _Jean-François Alcover_, Jan 07 2019 *)	[0, 1, -1, 2, -2, 3, -3, 4, -4, 5, -5, 6, -6, 7, -7, 8, -8, 9, -9, 10, -10, 11, -11, 12, -12, 13, -13, 14, -14, 15, -15, 16, -16, 17, -17, 18, -18, 19, -19, 20, -20, 21, -21, 22, -22, 23, -23, 24, -24, 25, -25, 26, -26, 27, -27, 28, -28, 29, -29, 30, -30, 31, -31]
A001060	Table[Fibonacci[n+4] -Fibonacci[n-1], {n, 0, 50}] (* _Vladimir Joseph Stephan Orlovsky_, Nov 23 2009 *)	[2, 5, 7, 12, 19, 31, 50, 81, 131, 212, 343, 555, 898, 1453, 2351, 3804, 6155, 9959, 16114, 26073, 42187, 68260, 110447, 178707, 289154, 467861, 757015, 1224876, 1981891, 3206767, 5188658, 8395425, 13584083, 21979508, 35563591, 57543099, 93106690, 150649789]
A001060	LinearRecurrence[{1,1}, {2,5}, 50] (* _Vincenzo Librandi_, Jan 16 2012 *)	[2, 5, 7, 12, 19, 31, 50, 81, 131, 212, 343, 555, 898, 1453, 2351, 3804, 6155, 9959, 16114, 26073, 42187, 68260, 110447, 178707, 289154, 467861, 757015, 1224876, 1981891, 3206767, 5188658, 8395425, 13584083, 21979508, 35563591, 57543099, 93106690, 150649789]
A001060	Table[Fibonacci[n+2] + LucasL[n+1], {n, 0, 40}] (* _Eric W. Weisstein_, Jun 30 2017 *)	[2, 5, 7, 12, 19, 31, 50, 81, 131, 212, 343, 555, 898, 1453, 2351, 3804, 6155, 9959, 16114, 26073, 42187, 68260, 110447, 178707, 289154, 467861, 757015, 1224876, 1981891, 3206767, 5188658, 8395425, 13584083, 21979508, 35563591, 57543099, 93106690, 150649789]
A001064	t = {1, 1, 0}; Do[AppendTo[t, t[[-1]] * t[[-2]] + t[[-3]]], {n, 3, 20}]; t (* _T. D. Noe_, Jun 25 2012 *)	[1, 1, 0, 1, 1, 1, 2, 3, 7, 23, 164, 3779, 619779, 2342145005, 1451612289057674, 3399886472013047316638149, 4935316984175079105557291745555191750431, 16779517449593082173916263081219908459297087421776218065830849893]
A001065	Table[ Plus @@ Select[ Divisors[ n ], #<n & ], {n, 1, 90} ]	[0, 1, 1, 3, 1, 6, 1, 7, 4, 8, 1, 16, 1, 10, 9, 15, 1, 21, 1, 22, 11, 14, 1, 36, 6, 16, 13, 28, 1, 42, 1, 31, 15, 20, 13, 55, 1, 22, 17, 50, 1, 54, 1, 40, 33, 26, 1, 76, 8, 43, 21, 46, 1, 66, 17, 64, 23, 32, 1, 108, 1, 34, 41, 63, 19, 78, 1, 58, 27, 74, 1, 123, 1, 40, 49, 64, 19, 90, 1, 106]
A001065	Table[Plus @@ Divisors[n] - n, {n, 1, 90}] (* _Zak Seidov_, Sep 10 2009 *)	[0, 1, 1, 3, 1, 6, 1, 7, 4, 8, 1, 16, 1, 10, 9, 15, 1, 21, 1, 22, 11, 14, 1, 36, 6, 16, 13, 28, 1, 42, 1, 31, 15, 20, 13, 55, 1, 22, 17, 50, 1, 54, 1, 40, 33, 26, 1, 76, 8, 43, 21, 46, 1, 66, 17, 64, 23, 32, 1, 108, 1, 34, 41, 63, 19, 78, 1, 58, 27, 74, 1, 123, 1, 40, 49, 64, 19, 90, 1, 106]
A001065	Table[DivisorSigma[1, n] - n, {n, 1, 80}] (* _Jean-François Alcover_, Apr 25 2013 *)	[0, 1, 1, 3, 1, 6, 1, 7, 4, 8, 1, 16, 1, 10, 9, 15, 1, 21, 1, 22, 11, 14, 1, 36, 6, 16, 13, 28, 1, 42, 1, 31, 15, 20, 13, 55, 1, 22, 17, 50, 1, 54, 1, 40, 33, 26, 1, 76, 8, 43, 21, 46, 1, 66, 17, 64, 23, 32, 1, 108, 1, 34, 41, 63, 19, 78, 1, 58, 27, 74, 1, 123, 1, 40, 49, 64, 19, 90, 1, 106]
A001065	Array[Plus @@ Most@ Divisors@# &, 80] (* _Robert G. Wilson v_, Dec 24 2017 *)	[0, 1, 1, 3, 1, 6, 1, 7, 4, 8, 1, 16, 1, 10, 9, 15, 1, 21, 1, 22, 11, 14, 1, 36, 6, 16, 13, 28, 1, 42, 1, 31, 15, 20, 13, 55, 1, 22, 17, 50, 1, 54, 1, 40, 33, 26, 1, 76, 8, 43, 21, 46, 1, 66, 17, 64, 23, 32, 1, 108, 1, 34, 41, 63, 19, 78, 1, 58, 27, 74, 1, 123, 1, 40, 49, 64, 19, 90, 1, 106]
A001066	max = 18; sa = Table[k*(k+2), {k, 1, max}]; sb = Table[k*(2k+1), {k, 2, max}]; sd := Table[k*(2k-1), {k, 4, max}]; se = {14, 52, 78, 133, 248}; Select[ Union[sa, 2*sa, sb, 2*sb, sd, 2*sd, se, 2*se], # <= max^2 &] (* _Jean-François Alcover_, Apr 02 2012, after A003038 *)	[3, 6, 8, 10, 14, 15, 16, 20, 21, 24, 28, 30, 35, 36, 42, 45, 48, 52, 55, 56, 63, 66, 70, 72, 78, 80, 90, 91, 96, 99, 104, 105, 110, 120, 126, 132, 133, 136, 143, 153, 156, 160, 168, 171, 182, 190, 195, 198, 210, 224, 231, 240, 248, 253, 255, 266, 272, 276, 286, 288, 300, 306]
A001067	Table[ Numerator[ BernoulliB[2n]/(2n)], {n, 1, 22}] (* _Robert G. Wilson v_, Feb 03 2004 *)	[1, -1, 1, -1, 1, -691, 1, -3617, 43867, -174611, 77683, -236364091, 657931, -3392780147, 1723168255201, -7709321041217, 151628697551, -26315271553053477373, 154210205991661, -261082718496449122051, 1520097643918070802691, -2530297234481911294093]
A001068	Table[Floor[5*n/4],{n,0,120}] (* _Vladimir Joseph Stephan Orlovsky_, Jan 28 2012 *)	[0, 1, 2, 3, 5, 6, 7, 8, 10, 11, 12, 13, 15, 16, 17, 18, 20, 21, 22, 23, 25, 26, 27, 28, 30, 31, 32, 33, 35, 36, 37, 38, 40, 41, 42, 43, 45, 46, 47, 48, 50, 51, 52, 53, 55, 56, 57, 58, 60, 61, 62, 63, 65, 66, 67, 68, 70, 71, 72, 73, 75, 76, 77, 78, 80, 81, 82, 83, 85, 86, 87, 88]
A001073	nmax = 105; f[0] = 0; f[n_] := f[n] = f[n-1] + Length[IntegerDigits[f[n-1]]]; digits = Table[IntegerDigits[f[n]], {n, 0, nmax}] // Flatten; a[n_] := digits[[n+1]]; Table[a[n], {n, 0, nmax}] (* _Jean-François Alcover_, Nov 26 2013 *)	[0, 1, 2, 3, 4, 5, 6, 7, 8, 9, 1, 0, 1, 2, 1, 4, 1, 6, 1, 8, 2, 0, 2, 2, 2, 4, 2, 6, 2, 8, 3, 0, 3, 2, 3, 4, 3, 6, 3, 8, 4, 0, 4, 2, 4, 4, 4, 6, 4, 8, 5, 0, 5, 2, 5, 4, 5, 6, 5, 8, 6, 0, 6, 2, 6, 4, 6, 6, 6, 8, 7, 0, 7, 2, 7, 4, 7, 6, 7, 8, 8, 0, 8, 2, 8, 4, 8, 6, 8, 8, 9, 0, 9, 2, 9, 4, 9, 6, 9, 8, 1, 0, 0, 1, 0, 3]
A001075	Table[ Ceiling[(1/2)*(2 + Sqrt[3])^n], {n, 0, 24}]	[1, 2, 7, 26, 97, 362, 1351, 5042, 18817, 70226, 262087, 978122, 3650401, 13623482, 50843527, 189750626, 708158977, 2642885282, 9863382151, 36810643322, 137379191137, 512706121226, 1913445293767, 7141075053842, 26650854921601, 99462344632562, 371198523608647]
A001075	LinearRecurrence[{4,-1},{1,2},30] (* _Harvey P. Dale_, Aug 22 2015 *)	[1, 2, 7, 26, 97, 362, 1351, 5042, 18817, 70226, 262087, 978122, 3650401, 13623482, 50843527, 189750626, 708158977, 2642885282, 9863382151, 36810643322, 137379191137, 512706121226, 1913445293767, 7141075053842, 26650854921601, 99462344632562, 371198523608647]
A001075	ChebyshevT[Range[0, 20], 2] (* _Eric W. Weisstein_, May 26 2017 *)	[1, 2, 7, 26, 97, 362, 1351, 5042, 18817, 70226, 262087, 978122, 3650401, 13623482, 50843527, 189750626, 708158977, 2642885282, 9863382151, 36810643322, 137379191137, 512706121226, 1913445293767, 7141075053842, 26650854921601, 99462344632562, 371198523608647]
A001076	a[ n_] := Fibonacci[3*n] / 2; (* _Michael Somos_, Feb 23 2014 *)	[0, 1, 4, 17, 72, 305, 1292, 5473, 23184, 98209, 416020, 1762289, 7465176, 31622993, 133957148, 567451585, 2403763488, 10182505537, 43133785636, 182717648081, 774004377960, 3278735159921, 13888945017644, 58834515230497, 249227005939632, 1055742538989025]
A001076	a[ n_] := ((2 + Sqrt[5])^n - (2 - Sqrt[5])^n) /(2 Sqrt[5]) // Simplify; (* _Michael Somos_, Feb 23 2014 *)	[0, 1, 4, 17, 72, 305, 1292, 5473, 23184, 98209, 416020, 1762289, 7465176, 31622993, 133957148, 567451585, 2403763488, 10182505537, 43133785636, 182717648081, 774004377960, 3278735159921, 13888945017644, 58834515230497, 249227005939632, 1055742538989025]
A001076	LinearRecurrence[{4, 1}, {0, 1}, 26] (* _Jean-François Alcover_, Sep 23 2017 *)	[0, 1, 4, 17, 72, 305, 1292, 5473, 23184, 98209, 416020, 1762289, 7465176, 31622993, 133957148, 567451585, 2403763488, 10182505537, 43133785636, 182717648081, 774004377960, 3278735159921, 13888945017644, 58834515230497, 249227005939632, 1055742538989025]
A001076	a[ n_] := Fibonacci[n, 4]; (* _Michael Somos_, Nov 02 2021 *)	[0, 1, 4, 17, 72, 305, 1292, 5473, 23184, 98209, 416020, 1762289, 7465176, 31622993, 133957148, 567451585, 2403763488, 10182505537, 43133785636, 182717648081, 774004377960, 3278735159921, 13888945017644, 58834515230497, 249227005939632, 1055742538989025]
A001077	LinearRecurrence[{4, 1}, {1, 2}, 30]	[1, 2, 9, 38, 161, 682, 2889, 12238, 51841, 219602, 930249, 3940598, 16692641, 70711162, 299537289, 1268860318, 5374978561, 22768774562, 96450076809, 408569081798, 1730726404001, 7331474697802, 31056625195209]
A001077	LucasL[3*Range[0,30]]/2 (* _Rigoberto Florez_, Apr 03 2019 *)	[1, 2, 9, 38, 161, 682, 2889, 12238, 51841, 219602, 930249, 3940598, 16692641, 70711162, 299537289, 1268860318, 5374978561, 22768774562, 96450076809, 408569081798, 1730726404001, 7331474697802, 31056625195209]
A001077	a[ n_] := LucasL[n, 4]/2; (* _Michael Somos_, Nov 02 2021 *)	[1, 2, 9, 38, 161, 682, 2889, 12238, 51841, 219602, 930249, 3940598, 16692641, 70711162, 299537289, 1268860318, 5374978561, 22768774562, 96450076809, 408569081798, 1730726404001, 7331474697802, 31056625195209]
A001078	a[0]=0; a[1]=2; a[n_] := a[n] = 10*a[n-1] - a[n-2]; Table[a[n],{n,0,19}] (* _Jean-François Alcover_, Mar 18 2011 *)	[0, 2, 20, 198, 1960, 19402, 192060, 1901198, 18819920, 186298002, 1844160100, 18255302998, 180708869880, 1788833395802, 17707625088140, 175287417485598, 1735166549767840, 17176378080192802, 170028614252160180, 1683109764441408998]
A001078	LinearRecurrence[{10,-1},{0,2},20] (* _Harvey P. Dale_, Jun 23 2011 *)	[0, 2, 20, 198, 1960, 19402, 192060, 1901198, 18819920, 186298002, 1844160100, 18255302998, 180708869880, 1788833395802, 17707625088140, 175287417485598, 1735166549767840, 17176378080192802, 170028614252160180, 1683109764441408998]
A001079	a[ n_] := ChebyshevT[n, 5]; (* _Michael Somos_, Aug 24 2014 *)	[1, 5, 49, 485, 4801, 47525, 470449, 4656965, 46099201, 456335045, 4517251249, 44716177445, 442644523201, 4381729054565, 43374646022449, 429364731169925, 4250272665676801, 42073361925598085, 416483346590304049]
A001079	a[n_] := 3^n*Sum[(2/3)^k*Binomial[2*n, 2*k], {k,0,n}]; Flatten[Table[a[n], {n,0,18}]] (* _Detlef Meya_, May 21 2024 *)	[1, 5, 49, 485, 4801, 47525, 470449, 4656965, 46099201, 456335045, 4517251249, 44716177445, 442644523201, 4381729054565, 43374646022449, 429364731169925, 4250272665676801, 42073361925598085, 416483346590304049]
A001080	LinearRecurrence[{16,-1},{0,3},30] (* _Harvey P. Dale_, Nov 01 2011 *)	[0, 3, 48, 765, 12192, 194307, 3096720, 49353213, 786554688, 12535521795, 199781794032, 3183973182717, 50743789129440, 808716652888323, 12888722657083728, 205410845860451325, 3273684811110137472, 52173546131901748227, 831503053299317834160]
A001081	LinearRecurrence[{16, -1}, {1, 8}, 30]	[1, 8, 127, 2024, 32257, 514088, 8193151, 130576328, 2081028097, 33165873224, 528572943487, 8424001222568, 134255446617601, 2139663144659048, 34100354867927167, 543466014742175624, 8661355881006882817]
A001082	Table[If[EvenQ[n], n*(3*n-4)/4, (n-1) (3*n+1)/4], {n, 100}]	[0, 1, 5, 8, 16, 21, 33, 40, 56, 65, 85, 96, 120, 133, 161, 176, 208, 225, 261, 280, 320, 341, 385, 408, 456, 481, 533, 560, 616, 645, 705, 736, 800, 833, 901, 936, 1008, 1045, 1121, 1160, 1240, 1281, 1365, 1408, 1496, 1541, 1633, 1680, 1776, 1825, 1925, 1976]
A001082	LinearRecurrence[{1,2,-2,-1,1},{0,1,5,8,16},60] (* _Harvey P. Dale_, Feb 03 2024 *)	[0, 1, 5, 8, 16, 21, 33, 40, 56, 65, 85, 96, 120, 133, 161, 176, 208, 225, 261, 280, 320, 341, 385, 408, 456, 481, 533, 560, 616, 645, 705, 736, 800, 833, 901, 936, 1008, 1045, 1121, 1160, 1240, 1281, 1365, 1408, 1496, 1541, 1633, 1680, 1776, 1825, 1925, 1976]
A001084	LinearRecurrence[{20, -1}, {0, 3}, 20] (* _T. D. Noe_, Dec 19 2011 *)	[0, 3, 60, 1197, 23880, 476403, 9504180, 189607197, 3782639760, 75463188003, 1505481120300, 30034159217997, 599177703239640, 11953519905574803, 238471220408256420, 4757470888259553597, 94910946544782815520, 1893461460007396756803, 37774318253603152320540]
A001084	Table[3 ChebyshevU[-1 + n, 10], {n, 0, 18}] (* _Herbert Kociemba_, Jun 05 2022 *)	[0, 3, 60, 1197, 23880, 476403, 9504180, 189607197, 3782639760, 75463188003, 1505481120300, 30034159217997, 599177703239640, 11953519905574803, 238471220408256420, 4757470888259553597, 94910946544782815520, 1893461460007396756803, 37774318253603152320540]
A001085	LinearRecurrence[{20, -1}, {1, 10}, 30] (* _T. D. Noe_, Dec 19 2011 *)	[1, 10, 199, 3970, 79201, 1580050, 31521799, 628855930, 12545596801, 250283080090, 4993116004999, 99612037019890, 1987247624392801, 39645340450836130, 790919561392329799, 15778745887395759850, 314783998186522867201, 6279901217843061584170]
A001085	a[ n_] := ChebyshevT[ n, 10]; (* _Michael Somos_, May 27 2014 *)	[1, 10, 199, 3970, 79201, 1580050, 31521799, 628855930, 12545596801, 250283080090, 4993116004999, 99612037019890, 1987247624392801, 39645340450836130, 790919561392329799, 15778745887395759850, 314783998186522867201, 6279901217843061584170]
A001085	a[ n_] := ((10 + Sqrt[99])^n + (10 - Sqrt[99])^n) / 2 // Simplify; (* _Michael Somos_, May 27 2014 *)	[1, 10, 199, 3970, 79201, 1580050, 31521799, 628855930, 12545596801, 250283080090, 4993116004999, 99612037019890, 1987247624392801, 39645340450836130, 790919561392329799, 15778745887395759850, 314783998186522867201, 6279901217843061584170]
A001088	A001088[n_]:=Times@@EulerPhi/@Range[n]; Table[A001088[n], {n, 30}] (* _Enrique Pérez Herrero_, Sep 19 2010 *)	[1, 1, 1, 2, 4, 16, 32, 192, 768, 4608, 18432, 184320, 737280, 8847360, 53084160, 424673280, 3397386240, 54358179840, 326149079040, 5870683422720, 46965467381760, 563585608581120, 5635856085811200, 123988833887846400, 991910671102771200, 19838213422055424000]
A001088	Rest[FoldList[Times,1,EulerPhi[Range[30]]]] (* _Harvey P. Dale_, Dec 09 2011 *)	[1, 1, 1, 2, 4, 16, 32, 192, 768, 4608, 18432, 184320, 737280, 8847360, 53084160, 424673280, 3397386240, 54358179840, 326149079040, 5870683422720, 46965467381760, 563585608581120, 5635856085811200, 123988833887846400, 991910671102771200, 19838213422055424000]
A001090	LinearRecurrence[{8,-1},{0,1},30] (* _Harvey P. Dale_, Aug 29 2012 *)	[0, 1, 8, 63, 496, 3905, 30744, 242047, 1905632, 15003009, 118118440, 929944511, 7321437648, 57641556673, 453811015736, 3572846569215, 28128961537984, 221458845734657, 1743541804339272, 13726875588979519, 108071462907496880, 850844827670995521, 6698687158460467288]
A001090	a[n_]:= ChebyshevU[n-1, 4]; (* _Michael Somos_, May 28 2014 *)	[0, 1, 8, 63, 496, 3905, 30744, 242047, 1905632, 15003009, 118118440, 929944511, 7321437648, 57641556673, 453811015736, 3572846569215, 28128961537984, 221458845734657, 1743541804339272, 13726875588979519, 108071462907496880, 850844827670995521, 6698687158460467288]
A001091	LinearRecurrence[{8,-1},{1,4},20] (* _Harvey P. Dale_, May 01 2014 *)	[1, 4, 31, 244, 1921, 15124, 119071, 937444, 7380481, 58106404, 457470751, 3601659604, 28355806081, 223244789044, 1757602506271, 13837575261124, 108942999582721, 857706421400644, 6752708371622431, 53163960551578804]
A001093	Table[n^3+1,{n,-1,5!}] (* _Vladimir Joseph Stephan Orlovsky_, May 27 2010 *)	[0, 1, 2, 9, 28, 65, 126, 217, 344, 513, 730, 1001, 1332, 1729, 2198, 2745, 3376, 4097, 4914, 5833, 6860, 8001, 9262, 10649, 12168, 13825, 15626, 17577, 19684, 21953, 24390, 27001, 29792, 32769, 35938, 39305, 42876, 46657, 50654, 54873, 59320]
A001093	LinearRecurrence[{4,-6,4,-1},{0,1,2,9},50] (* _Harvey P. Dale_, May 14 2017 *)	[0, 1, 2, 9, 28, 65, 126, 217, 344, 513, 730, 1001, 1332, 1729, 2198, 2745, 3376, 4097, 4914, 5833, 6860, 8001, 9262, 10649, 12168, 13825, 15626, 17577, 19684, 21953, 24390, 27001, 29792, 32769, 35938, 39305, 42876, 46657, 50654, 54873, 59320]
A001096	Table[n + 6!*Binomial[n,6], {n,0,35}] (* _G. C. Greubel_, Aug 26 2019 *)	[0, 1, 2, 3, 4, 5, 726, 5047, 20168, 60489, 151210, 332651, 665292, 1235533, 2162174, 3603615, 5765776, 8910737, 13366098, 19535059, 27907220, 39070101, 53721382, 72681863, 96909144, 127512025, 165765626, 213127227, 271252828, 342014429]
A001097	Select[ Prime[ Range[120]], PrimeQ[ # - 2] || PrimeQ[ # + 2] &] (* _Robert G. Wilson v_, Jun 09 2005 *)	[3, 5, 7, 11, 13, 17, 19, 29, 31, 41, 43, 59, 61, 71, 73, 101, 103, 107, 109, 137, 139, 149, 151, 179, 181, 191, 193, 197, 199, 227, 229, 239, 241, 269, 271, 281, 283, 311, 313, 347, 349, 419, 421, 431, 433, 461, 463, 521, 523, 569, 571, 599, 601, 617, 619, 641, 643]
A001097	Union[Flatten[Select[Partition[Prime[Range[200]],2,1],#[[2]]-#[[1]] == 2&]]] (* _Harvey P. Dale_, Aug 19 2015 *)	[3, 5, 7, 11, 13, 17, 19, 29, 31, 41, 43, 59, 61, 71, 73, 101, 103, 107, 109, 137, 139, 149, 151, 179, 181, 191, 193, 197, 199, 227, 229, 239, 241, 269, 271, 281, 283, 311, 313, 347, 349, 419, 421, 431, 433, 461, 463, 521, 523, 569, 571, 599, 601, 617, 619, 641, 643]
A001099	Abs[Table[Sum[k^k*(-1)^(k+1),{k,1,n}],{n,1,30}]] (* _Alexander Adamchuk_, Jun 30 2006 *)	[1, 3, 24, 232, 2893, 43763, 779780, 15997436, 371423053, 9628576947, 275683093664, 8640417354592, 294234689237661, 10817772136320355, 427076118244539020, 18019667955465012596, 809220593930871751581, 38537187481365665823843, 1939882468178947923300136]
A001100	s[n_] := s[n] = If[n < 4, {1, 1, 2*t, 4*t + 2*t^2}[[n + 1]], Expand[(n + 1 - t)*s[n - 1] - (1 - t)*(n - 2 + 3*t)*s[n - 2] - (1 - t)^2*(n - 5 + t)*s[n - 3] + (1 - t)^3*(n - 3)* s[n - 4]]]; t[n_, k_] := Ceiling[Coefficient[s[n], t, k]]; Flatten[ Table[ Table[t[n, k], {k, 0, n - 1}], {n, 1, 10}]] (* _Jean-François Alcover_, Jan 25 2013, translated from _Alois P. Heinz_'s Maple program *)	[1, 0, 2, 0, 4, 2, 2, 10, 10, 2, 14, 40, 48, 16, 2, 90, 230, 256, 120, 22, 2, 646, 1580, 1670, 888, 226, 28, 2, 5242, 12434, 12846, 7198, 2198, 366, 34, 2, 47622, 110320, 112820, 64968, 22120, 4448, 540, 40, 2, 479306, 1090270, 1108612, 650644, 236968, 54304, 7900, 748, 46, 2]
A001101	Select[Range[700], PrimeQ[ # / Total[IntegerDigits[#]]]&] (* _Jean-François Alcover_, Nov 30 2011 *)	[18, 21, 27, 42, 45, 63, 84, 111, 114, 117, 133, 152, 153, 156, 171, 190, 195, 198, 201, 207, 209, 222, 228, 247, 261, 266, 285, 333, 370, 372, 399, 402, 407, 423, 444, 465, 481, 511, 516, 518, 531, 555, 558, 592, 603]
A001105	2 Range[0, 50]^2 (* _Harvey P. Dale_, Jan 23 2011 *)	[0, 2, 8, 18, 32, 50, 72, 98, 128, 162, 200, 242, 288, 338, 392, 450, 512, 578, 648, 722, 800, 882, 968, 1058, 1152, 1250, 1352, 1458, 1568, 1682, 1800, 1922, 2048, 2178, 2312, 2450, 2592, 2738, 2888, 3042, 3200, 3362, 3528, 3698, 3872, 4050, 4232, 4418]
A001105	2 PolygonalNumber[4, Range[0, 20]] (* _Eric W. Weisstein_, Jul 28 2017 *)	[0, 2, 8, 18, 32, 50, 72, 98, 128, 162, 200, 242, 288, 338, 392, 450, 512, 578, 648, 722, 800, 882, 968, 1058, 1152, 1250, 1352, 1458, 1568, 1682, 1800, 1922, 2048, 2178, 2312, 2450, 2592, 2738, 2888, 3042, 3200, 3362, 3528, 3698, 3872, 4050, 4232, 4418]
A001106	PolygonalNumber[9,Range[0,50]] (* Requires Mathematica version 10 or later *) (* _Harvey P. Dale_, Nov 19 2019 *)	[0, 1, 9, 24, 46, 75, 111, 154, 204, 261, 325, 396, 474, 559, 651, 750, 856, 969, 1089, 1216, 1350, 1491, 1639, 1794, 1956, 2125, 2301, 2484, 2674, 2871, 3075, 3286, 3504, 3729, 3961, 4200, 4446, 4699, 4959, 5226, 5500, 5781, 6069, 6364]
A001107	LinearRecurrence[{3, -3, 1}, {0, 1, 10}, 60] (* _Harvey P. Dale_, May 08 2012 *)	[0, 1, 10, 27, 52, 85, 126, 175, 232, 297, 370, 451, 540, 637, 742, 855, 976, 1105, 1242, 1387, 1540, 1701, 1870, 2047, 2232, 2425, 2626, 2835, 3052, 3277, 3510, 3751, 4000, 4257, 4522, 4795, 5076, 5365, 5662, 5967, 6280, 6601, 6930, 7267, 7612, 7965, 8326]
A001107	Table[4 n^2 - 3 n, {n, 0, 49}] (* _Alonso del Arte_, Jan 24 2017 *)	[0, 1, 10, 27, 52, 85, 126, 175, 232, 297, 370, 451, 540, 637, 742, 855, 976, 1105, 1242, 1387, 1540, 1701, 1870, 2047, 2232, 2425, 2626, 2835, 3052, 3277, 3510, 3751, 4000, 4257, 4522, 4795, 5076, 5365, 5662, 5967, 6280, 6601, 6930, 7267, 7612, 7965, 8326]
A001107	PolygonalNumber[10, Range[0, 20]] (* _Eric W. Weisstein_, Sep 07 2017 *)	[0, 1, 10, 27, 52, 85, 126, 175, 232, 297, 370, 451, 540, 637, 742, 855, 976, 1105, 1242, 1387, 1540, 1701, 1870, 2047, 2232, 2425, 2626, 2835, 3052, 3277, 3510, 3751, 4000, 4257, 4522, 4795, 5076, 5365, 5662, 5967, 6280, 6601, 6930, 7267, 7612, 7965, 8326]
A001108	Transpose[NestList[{#[[2]],#[[3]],6#[[3]]-#[[2]]+2}&,{0,1,8},20]][[1]] (* _Harvey P. Dale_, Sep 04 2011 *)	[0, 1, 8, 49, 288, 1681, 9800, 57121, 332928, 1940449, 11309768, 65918161, 384199200, 2239277041, 13051463048, 76069501249, 443365544448, 2584123765441, 15061377048200, 87784138523761, 511643454094368, 2982076586042449, 17380816062160328, 101302819786919521]
A001108	LinearRecurrence[{7, -7, 1}, {0, 1, 8}, 50] (* _Vladimir Joseph Stephan Orlovsky_, Feb 12 2012 *)	[0, 1, 8, 49, 288, 1681, 9800, 57121, 332928, 1940449, 11309768, 65918161, 384199200, 2239277041, 13051463048, 76069501249, 443365544448, 2584123765441, 15061377048200, 87784138523761, 511643454094368, 2982076586042449, 17380816062160328, 101302819786919521]
A001109	LinearRecurrence[{6, -1}, {0, 1}, 50] (* _Vladimir Joseph Stephan Orlovsky_, Feb 12 2012 *)	[0, 1, 6, 35, 204, 1189, 6930, 40391, 235416, 1372105, 7997214, 46611179, 271669860, 1583407981, 9228778026, 53789260175, 313506783024, 1827251437969, 10650001844790, 62072759630771, 361786555939836, 2108646576008245, 12290092900109634, 71631910824649559, 417501372047787720]
A001109	a[ n_]:= ChebyshevU[n-1, 3]; (* _Michael Somos_, Sep 02 2012 *)	[0, 1, 6, 35, 204, 1189, 6930, 40391, 235416, 1372105, 7997214, 46611179, 271669860, 1583407981, 9228778026, 53789260175, 313506783024, 1827251437969, 10650001844790, 62072759630771, 361786555939836, 2108646576008245, 12290092900109634, 71631910824649559, 417501372047787720]
A001109	Table[Fibonacci[2n, 2]/2, {n, 0, 20}] (* _Vladimir Reshetnikov_, Sep 16 2016 *)	[0, 1, 6, 35, 204, 1189, 6930, 40391, 235416, 1372105, 7997214, 46611179, 271669860, 1583407981, 9228778026, 53789260175, 313506783024, 1827251437969, 10650001844790, 62072759630771, 361786555939836, 2108646576008245, 12290092900109634, 71631910824649559, 417501372047787720]
A001110	Transpose[NestList[Flatten[{Rest[#],34Last[#]-First[#]+2}]&, {0,1},20]][[1]]  (* _Harvey P. Dale_, Mar 25 2011 *)	[0, 1, 36, 1225, 41616, 1413721, 48024900, 1631432881, 55420693056, 1882672131025, 63955431761796, 2172602007770041, 73804512832419600, 2507180834294496361, 85170343853180456676, 2893284510173841030625, 98286503002057414584576, 3338847817559778254844961, 113422539294030403250144100]
A001110	LinearRecurrence[{35, -35, 1}, {0, 1, 36}, 20] (* _T. D. Noe_, Mar 25 2011 *)	[0, 1, 36, 1225, 41616, 1413721, 48024900, 1631432881, 55420693056, 1882672131025, 63955431761796, 2172602007770041, 73804512832419600, 2507180834294496361, 85170343853180456676, 2893284510173841030625, 98286503002057414584576, 3338847817559778254844961, 113422539294030403250144100]
A001110	LinearRecurrence[{6,-1},{0,1},20]^2 (* _Harvey P. Dale_, Oct 22 2012 *)	[0, 1, 36, 1225, 41616, 1413721, 48024900, 1631432881, 55420693056, 1882672131025, 63955431761796, 2172602007770041, 73804512832419600, 2507180834294496361, 85170343853180456676, 2893284510173841030625, 98286503002057414584576, 3338847817559778254844961, 113422539294030403250144100]
A001110	L=0;r={};Do[AppendTo[r,L];L=1+17*L+6*Sqrt[L+8*L^2],{i,1,19}];r (* _Kebbaj Mohamed Reda_, Aug 02 2023 *)	[0, 1, 36, 1225, 41616, 1413721, 48024900, 1631432881, 55420693056, 1882672131025, 63955431761796, 2172602007770041, 73804512832419600, 2507180834294496361, 85170343853180456676, 2893284510173841030625, 98286503002057414584576, 3338847817559778254844961, 113422539294030403250144100]
A001112	LinearRecurrence[{0,0,0,0,0,0,0,0,0,39202,0,0,0,0,0,0,0,0,0,-1},{0,1,1,3,4,11,136,283,419,1121,1540,38081,39621,117323,156944,431211,5331476,11094163,16425639,43945441},40] (* _Harvey P. Dale_, Jan 21 2015 *)	[0, 1, 1, 3, 4, 11, 136, 283, 419, 1121, 1540, 38081, 39621, 117323, 156944, 431211, 5331476, 11094163, 16425639, 43945441, 60371080, 1492851361, 1553222441, 4599296243, 6152518684, 16904333611, 209004522016, 434913377643, 643917899659]
A001113	RealDigits[E, 10, 120][[1]] (* _Harvey P. Dale_, Nov 14 2011 *)	[2, 7, 1, 8, 2, 8, 1, 8, 2, 8, 4, 5, 9, 0, 4, 5, 2, 3, 5, 3, 6, 0, 2, 8, 7, 4, 7, 1, 3, 5, 2, 6, 6, 2, 4, 9, 7, 7, 5, 7, 2, 4, 7, 0, 9, 3, 6, 9, 9, 9, 5, 9, 5, 7, 4, 9, 6, 6, 9, 6, 7, 6, 2, 7, 7, 2, 4, 0, 7, 6, 6, 3, 0, 3, 5, 3, 5, 4, 7, 5, 9, 4, 5, 7, 1, 3, 8, 2, 1, 7, 8, 5, 2, 5, 1, 6, 6, 4, 2, 7, 4, 2, 7, 4, 6]
A001115	p[0]=1; p[n_] := Sum[If[Mod[n, d]==0, MoebiusMu[n/d]2^d, 0], {d, 1, n}]/n; a[n_] := p[n]+Sum[p[i], {i, 1, Floor[n/2]}]	[1, 2, 3, 4, 6, 9, 14, 23, 38, 64, 113, 200, 358, 653, 1202, 2223, 4151, 7781, 14659, 27721, 52603, 100084, 190969, 365134, 699617, 1342923, 2582172, 4972385, 9588933, 18515328, 35794987, 69278386, 134224480, 260309786, 505302925, 981723316, 1908898002, 3714597352, 7233673969, 14096361346, 27487875487]
A001117	k=3; Prepend[Table[k!StirlingS2[n,k],{n,1,30}],1] (* _Robert A. Russell_, Sep 25 2018 *)	[1, 0, 0, 6, 36, 150, 540, 1806, 5796, 18150, 55980, 171006, 519156, 1569750, 4733820, 14250606, 42850116, 128746950, 386634060, 1160688606, 3483638676, 10454061750, 31368476700, 94118013006, 282379204836, 847187946150, 2541664501740, 7625194831806]
A001118	k=5; Prepend[Table[k!StirlingS2[n,k],{n,1,30}],1] (* _Robert A. Russell_, Sep 25 2018 *)	[1, 0, 0, 0, 0, 120, 1800, 16800, 126000, 834120, 5103000, 29607600, 165528000, 901020120, 4809004200, 25292030400, 131542866000, 678330198120, 3474971465400, 17710714165200, 89904730860000, 454951508208120, 2296538629446600, 11570026582092000, 58200094019430000]
A001120	t = {1}; Do[AppendTo[t, n*t[[-1]] + (-1)^n], {n, 2, 20}]; t (* _T. D. Noe_, Jun 26 2012 *)	[1, 1, 3, 8, 33, 164, 985, 6894, 55153, 496376, 4963761, 54601370, 655216441, 8517813732, 119249392249, 1788740883734, 28619854139745, 486537520375664, 8757675366761953, 166395831968477106, 3327916639369542121, 69886249426760384540, 1537497487388728459881]
A001127	NestList[ # + FromDigits@Reverse@IntegerDigits@# &, 1, 30] (* _Robert G. Wilson v_, Dec 16 2005 *)	[1, 2, 4, 8, 16, 77, 154, 605, 1111, 2222, 4444, 8888, 17776, 85547, 160105, 661166, 1322332, 3654563, 7309126, 13528163, 49710694, 99312488, 187733887, 976071668, 1842242347, 9274664828, 17559329557, 93151725128, 175304440267, 937348843838, 1775697687577]
A001127	NestList[#+IntegerReverse[#]&,1,30] (* Requires Mathematica version 10 or later *) (* _Harvey P. Dale_, Nov 19 2019 *)	[1, 2, 4, 8, 16, 77, 154, 605, 1111, 2222, 4444, 8888, 17776, 85547, 160105, 661166, 1322332, 3654563, 7309126, 13528163, 49710694, 99312488, 187733887, 976071668, 1842242347, 9274664828, 17559329557, 93151725128, 175304440267, 937348843838, 1775697687577]
A001128	a[n_]:=If[n<2, 2,a[n - 1] * FromDigits[Reverse[IntegerDigits[a[n - 1]]]]]; Table[a[n], {n, 10}] (* _Indranil Ghosh_, Mar 18 2017 *)	[2, 4, 16, 976, 662704, 269896807264, 124883600543123110859968, 108643488775144622666209173128243503963147630528]
A001129	Clear[ BIF ]; BIF[ 0 ]=0; BIF[ 1 ]=1; BIF[ n_Integer ] := BIF[ n ]=Plus@@Map[ Plus@@(#*Array[ 10^#&, Length[ # ], 0 ])&, Map[ IntegerDigits, {BIF[ n-1 ], BIF[ n-2 ]} ] ]; Array[ BIF, 40, 0 ]	[0, 1, 1, 2, 3, 5, 8, 13, 39, 124, 514, 836, 1053, 4139, 12815, 61135, 104937, 792517, 1454698, 9679838, 17354310, 9735140, 1760750, 986050, 621360, 113815, 581437, 1252496, 7676706, 13019288, 94367798, 178067380, 173537220, 106496242, 265429972, 522619163]
A001132	Select[Prime[Range[250]], MemberQ[{1, 7}, Mod[#, 8]] &]  (* _Harvey P. Dale_, Apr 29 2011 *)	[7, 17, 23, 31, 41, 47, 71, 73, 79, 89, 97, 103, 113, 127, 137, 151, 167, 191, 193, 199, 223, 233, 239, 241, 257, 263, 271, 281, 311, 313, 337, 353, 359, 367, 383, 401, 409, 431, 433, 439, 449, 457, 463, 479, 487, 503, 521, 569, 577, 593, 599]
A001132	Select[Union[8Range[100] - 1, 8Range[100] + 1], PrimeQ] (* _Alonso del Arte_, May 22 2016 *)	[7, 17, 23, 31, 41, 47, 71, 73, 79, 89, 97, 103, 113, 127, 137, 151, 167, 191, 193, 199, 223, 233, 239, 241, 257, 263, 271, 281, 311, 313, 337, 353, 359, 367, 383, 401, 409, 431, 433, 439, 449, 457, 463, 479, 487, 503, 521, 569, 577, 593, 599]
A001142	Table[Product[k^(2*k - 1 - n), {k, n}], {n, 0, 20}] (* _Harlan J. Brothers_, Nov 26 2009 *)	[1, 1, 2, 9, 96, 2500, 162000, 26471025, 11014635520, 11759522374656, 32406091200000000, 231627686043080250000, 4311500661703860387840000, 209706417310526095716965894400, 26729809777664965932590782608648192]
A001143	RunLengthEncode[ x_List ] := (Through[ {First, Length}[ #1 ] ] &) /@ Split[ x ]; LookAndSay[ n_, d_:1 ] := NestList[ Flatten[ Reverse /@ RunLengthEncode[ # ] ] &, {d}, n - 1 ]; F[ n_ ] := LookAndSay[ n, 6 ][ [ n ] ]; Table[ FromDigits[ F[ n ] ], {n, 1, 11} ] (* _Zerinvary Lajos_, Mar 21 2007 *)	[6, 16, 1116, 3116, 132116, 1113122116, 311311222116, 13211321322116, 1113122113121113222116, 31131122211311123113322116, 132113213221133112132123222116]
A001145	RunLengthEncode[x_List] := (Through[{First, Length}[ #1]] &) /@ Split[x]; LookAndSay[n_, d_: 1] := NestList[Flatten[Reverse /@ RunLengthEncode[ # ]] &, {d}, n - 1]; F[n_] := LookAndSay[n, 7][[n]]; Table[FromDigits[F[n]], {n, 1, 11}] (* _Zerinvary Lajos_, Jul 08 2009 *)	[7, 17, 1117, 3117, 132117, 1113122117, 311311222117, 13211321322117, 1113122113121113222117, 31131122211311123113322117, 132113213221133112132123222117]
A001146	2^2^Range[0,10] (* _Harvey P. Dale_, Jul 20 2011 *)	[2, 4, 16, 256, 65536, 4294967296, 18446744073709551616, 340282366920938463463374607431768211456, 115792089237316195423570985008687907853269984665640564039457584007913129639936]
A001147	a[ n_] := 2^n Gamma[n + 1/2] / Gamma[1/2]; (* _Michael Somos_, Sep 18 2014 *)	[1, 1, 3, 15, 105, 945, 10395, 135135, 2027025, 34459425, 654729075, 13749310575, 316234143225, 7905853580625, 213458046676875, 6190283353629375, 191898783962510625, 6332659870762850625, 221643095476699771875, 8200794532637891559375, 319830986772877770815625]
A001148	Table[PowerMod[3, n, 10], {n, 0, 200}] (* _Vladimir Joseph Stephan Orlovsky_, Jun 10 2011 *)	[1, 3, 9, 7, 1, 3, 9, 7, 1, 3, 9, 7, 1, 3, 9, 7, 1, 3, 9, 7, 1, 3, 9, 7, 1, 3, 9, 7, 1, 3, 9, 7, 1, 3, 9, 7, 1, 3, 9, 7, 1, 3, 9, 7, 1, 3, 9, 7, 1, 3, 9, 7, 1, 3, 9, 7, 1, 3, 9, 7, 1, 3, 9, 7, 1, 3, 9, 7, 1, 3, 9, 7, 1, 3, 9, 7, 1, 3, 9, 7, 1]
A001151	RunLengthEncode[x_List] := (Through[{First, Length}[ #1]] &) /@ Split[x]; LookAndSay[n_, d_: 1] := NestList[Flatten[Reverse /@ RunLengthEncode[ # ]] &, {d}, n - 1]; F[n_] := LookAndSay[n, 8][[n]]; Table[FromDigits[F[n]], {n, 1, 11}] (* _Zerinvary Lajos_, Jul 08 2009 *)	[8, 18, 1118, 3118, 132118, 1113122118, 311311222118, 13211321322118, 1113122113121113222118, 31131122211311123113322118, 132113213221133112132123222118, 11131221131211132221232112111312111213322118, 31131122211311123113321112131221123113111231121123222118]
A001154	RunLengthEncode[x_List] := (Through[{First, Length}[ #1]] &) /@ Split[x]; LookAndSay[n_, d_: 1] := NestList[Flatten[Reverse /@ RunLengthEncode[ # ]] &, {d}, n - 1]; F[n_] := LookAndSay[n, 9][[n]]; Table[FromDigits[F[n]], {n, 1, 11}] (* _Zerinvary Lajos_, Jul 08 2009 *)	[9, 19, 1119, 3119, 132119, 1113122119, 311311222119, 13211321322119, 1113122113121113222119, 31131122211311123113322119, 132113213221133112132123222119]
A001155	A001155[1] := 0; A001155[n_] := A001155[n] = FromDigits[Flatten[{Length[#], First[#]}&/@Split[IntegerDigits[A001155[n-1]]]]]; Map[A001155,Range[15]] (* _Peter J. C. Moses_, Mar 21 2013 *)	[0, 10, 1110, 3110, 132110, 1113122110, 311311222110, 13211321322110, 1113122113121113222110, 31131122211311123113322110, 132113213221133112132123222110, 11131221131211132221232112111312111213322110, 31131122211311123113321112131221123113111231121123222110]
A001157	Table[DivisorSigma[2, n], {n, 1, 50}] (* _Stefan Steinerberger_, Mar 24 2006 *)	[1, 5, 10, 21, 26, 50, 50, 85, 91, 130, 122, 210, 170, 250, 260, 341, 290, 455, 362, 546, 500, 610, 530, 850, 651, 850, 820, 1050, 842, 1300, 962, 1365, 1220, 1450, 1300, 1911, 1370, 1810, 1700, 2210, 1682, 2500, 1850, 2562, 2366, 2650, 2210, 3410, 2451, 3255]
A001157	DivisorSigma[2,Range[50]] (* _Harvey P. Dale_, Aug 22 2016 *)	[1, 5, 10, 21, 26, 50, 50, 85, 91, 130, 122, 210, 170, 250, 260, 341, 290, 455, 362, 546, 500, 610, 530, 850, 651, 850, 820, 1050, 842, 1300, 962, 1365, 1220, 1450, 1300, 1911, 1370, 1810, 1700, 2210, 1682, 2500, 1850, 2562, 2366, 2650, 2210, 3410, 2451, 3255]
A001158	Table[DivisorSigma[3,n],{n,100}] (* corrected by _T. D. Noe_, Mar 22 2009 *)	[1, 9, 28, 73, 126, 252, 344, 585, 757, 1134, 1332, 2044, 2198, 3096, 3528, 4681, 4914, 6813, 6860, 9198, 9632, 11988, 12168, 16380, 15751, 19782, 20440, 25112, 24390, 31752, 29792, 37449, 37296, 44226, 43344, 55261, 50654, 61740, 61544, 73710, 68922, 86688]
A001159	lst={}; Do[AppendTo[lst, DivisorSigma[4,n]], {n,5!}]; lst (* _Vladimir Joseph Stephan Orlovsky_, Mar 11 2009 *)	[1, 17, 82, 273, 626, 1394, 2402, 4369, 6643, 10642, 14642, 22386, 28562, 40834, 51332, 69905, 83522, 112931, 130322, 170898, 196964, 248914, 279842, 358258, 391251, 485554, 538084, 655746, 707282, 872644, 923522, 1118481, 1200644]
A001159	DivisorSigma[4,Range[40]] (* _Harvey P. Dale_, Apr 28 2013 *)	[1, 17, 82, 273, 626, 1394, 2402, 4369, 6643, 10642, 14642, 22386, 28562, 40834, 51332, 69905, 83522, 112931, 130322, 170898, 196964, 248914, 279842, 358258, 391251, 485554, 538084, 655746, 707282, 872644, 923522, 1118481, 1200644]
A001160	lst={};Do[AppendTo[lst,DivisorSigma[5,n]],{n,5!}];lst (* _Vladimir Joseph Stephan Orlovsky_, Mar 11 2009 *)	[1, 33, 244, 1057, 3126, 8052, 16808, 33825, 59293, 103158, 161052, 257908, 371294, 554664, 762744, 1082401, 1419858, 1956669, 2476100, 3304182, 4101152, 5314716, 6436344, 8253300, 9768751, 12252702, 14408200, 17766056, 20511150]
A001160	DivisorSigma[5,Range[30]] (* _Harvey P. Dale_, Nov 11 2013 *)	[1, 33, 244, 1057, 3126, 8052, 16808, 33825, 59293, 103158, 161052, 257908, 371294, 554664, 762744, 1082401, 1419858, 1956669, 2476100, 3304182, 4101152, 5314716, 6436344, 8253300, 9768751, 12252702, 14408200, 17766056, 20511150]
A001165	Flatten[Table[First[Position[Rest[RealDigits[Sqrt[n],10,20][[1]]], _?(EvenQ[#]&)]],{n,100}]] (* _Harvey P. Dale_, Oct 27 2011 *)	[1, 1, 3, 1, 1, 1, 1, 1, 1, 2, 3, 1, 1, 2, 1, 1, 2, 1, 3, 1, 2, 1, 4, 1, 1, 1, 3, 1, 2, 1, 2, 1, 2, 1, 3, 1, 1, 2, 1, 2, 1, 1, 4, 1, 2, 2, 1, 2, 1, 1, 2, 1, 1, 2, 1, 1, 2, 1, 1, 2, 1, 1, 4, 1, 1, 2, 2, 1, 2, 2, 1, 1, 2, 1, 1, 7, 3, 1, 1, 2, 1, 1, 3, 2, 1, 1, 2]
A001169	a[n_] := a[n] = If[n<5, {1, 2, 6, 19}[[n]], 5a[n-1] - 7a[n-2] + 4a[n-3]]; Table[a[n], {n, 30}]	[1, 2, 6, 19, 61, 196, 629, 2017, 6466, 20727, 66441, 212980, 682721, 2188509, 7015418, 22488411, 72088165, 231083620, 740754589, 2374540265, 7611753682, 24400004911, 78215909841, 250726529556, 803721298537, 2576384425157, 8258779154250, 26474089989299]
A001169	Join[{1},LinearRecurrence[{5,-7,4},{2,6,19},40]] (* _Harvey P. Dale_, Sep 11 2014 *)	[1, 2, 6, 19, 61, 196, 629, 2017, 6466, 20727, 66441, 212980, 682721, 2188509, 7015418, 22488411, 72088165, 231083620, 740754589, 2374540265, 7611753682, 24400004911, 78215909841, 250726529556, 803721298537, 2576384425157, 8258779154250, 26474089989299]
A001181	a[0]=1; a[1]=1; a[n_] := a[n] = ((7n^2+7n-2)*a[n-1] + 8(n-1)(n-2)*a[n-2]) / ((n+2)(n+3)); Table[a[n], {n, 0, 30}] (* _Jean-François Alcover_, Oct 28 2015, from 3rd formula *)	[1, 1, 2, 6, 22, 92, 422, 2074, 10754, 58202, 326240, 1882960, 11140560, 67329992, 414499438, 2593341586, 16458756586, 105791986682, 687782586844, 4517543071924, 29949238543316, 200234184620736, 1349097425104912, 9154276618636016, 62522506583844272]
A001187	a[n_]:= a[n]= If[n==0, 1, 2^(n*(n-1)/2) - Sum[k*Binomial[n, k]* 2^((n-k)*(n-k-1)/2)*a[k], {k,1,n-1}]/n]; Table[a[n], {n,0,20}] (* _Jean-François Alcover_, Apr 09 2014, after _Alois P. Heinz_ *)	[1, 1, 1, 4, 38, 728, 26704, 1866256, 251548592, 66296291072, 34496488594816, 35641657548953344, 73354596206766622208, 301272202649664088951808, 2471648811030443735290891264, 40527680937730480234609755344896, 1328578958335783201008338986845427712]
A001190	a[n_?OddQ] := a[n] = Sum[a[k]*a[n-k], {k, 1, (n-1)/2}]; a[n_?EvenQ] := a[n] = Sum[a[k]*a[n-k], {k, 1, n/2-1}] + (1/2)*a[n/2]*(1+a[n/2]); a[0]=0; a[1]=1; Table[a[n], {n, 0, 32}] (* _Jean-François Alcover_, Jun 13 2012, after recurrence formula *)	[0, 1, 1, 1, 2, 3, 6, 11, 23, 46, 98, 207, 451, 983, 2179, 4850, 10905, 24631, 56011, 127912, 293547, 676157, 1563372, 3626149, 8436379, 19680277, 46026618, 107890609, 253450711, 596572387, 1406818759, 3323236238, 7862958391, 18632325319, 44214569100]
A001191	mx = 30; k = 1; s = 0; While[k < mx+1, s = s (10^IntegerLength[k^2]) + k^2; k++]; IntegerDigits@ s (* _Robert G. Wilson v_, Jul 04 2011 *)	[1, 4, 9, 1, 6, 2, 5, 3, 6, 4, 9, 6, 4, 8, 1, 1, 0, 0, 1, 2, 1, 1, 4, 4, 1, 6, 9, 1, 9, 6, 2, 2, 5, 2, 5, 6, 2, 8, 9, 3, 2, 4, 3, 6, 1, 4, 0, 0, 4, 4, 1, 4, 8, 4, 5, 2, 9, 5, 7, 6, 6, 2, 5, 6, 7, 6, 7, 2, 9, 7, 8, 4, 8, 4, 1, 9, 0, 0]
A001191	Flatten[IntegerDigits/@(Range[30]^2)] (* _Harvey P. Dale_, Aug 14 2014 *)	[1, 4, 9, 1, 6, 2, 5, 3, 6, 4, 9, 6, 4, 8, 1, 1, 0, 0, 1, 2, 1, 1, 4, 4, 1, 6, 9, 1, 9, 6, 2, 2, 5, 2, 5, 6, 2, 8, 9, 3, 2, 4, 3, 6, 1, 4, 0, 0, 4, 4, 1, 4, 8, 4, 5, 2, 9, 5, 7, 6, 6, 2, 5, 6, 7, 6, 7, 2, 9, 7, 8, 4, 8, 4, 1, 9, 0, 0]
A001194	Table[3*n*(n-1)*(2*n-4)!/(2^(n-1)*(n-2)!),{n,2,20}] (* _Vaclav Kotesovec_, Jan 05 2014 *)	[3, 9, 54, 450, 4725, 59535, 873180, 14594580, 273648375, 5685805125, 129636356850, 3217338674550, 86331921100425, 2490343877896875, 76844896803675000, 2525635608280785000, 88081541838792376875, 3248654513701342370625]
A001195	a[n_] := Floor[N[n Log[(14/11) n^(10/9)]]]; Table[a[n],{n,50}] (* _James C. McMahon_, Dec 11 2023 *)	[0, 2, 4, 7, 10, 13, 16, 20, 24, 27, 31, 36, 40, 44, 48, 53, 57, 62, 66, 71, 76, 80, 85, 90, 95, 100, 105, 110, 115, 120, 125, 130, 136, 141, 146, 152, 157, 162, 168, 173, 179, 184, 190, 195, 201, 206, 212, 218, 223, 229, 235, 240, 246, 252, 258, 263, 269, 275]
A001204	LinearRecurrence[{0,0,0,0,2,0,0,0,0,-1},{7,2,1,1,3,18,5,1,1,6,30},80] (* _Harvey P. Dale_, Dec 30 2023 *)	[7, 2, 1, 1, 3, 18, 5, 1, 1, 6, 30, 8, 1, 1, 9, 42, 11, 1, 1, 12, 54, 14, 1, 1, 15, 66, 17, 1, 1, 18, 78, 20, 1, 1, 21, 90, 23, 1, 1, 24, 102, 26, 1, 1, 27, 114, 29, 1, 1, 30, 126, 32, 1, 1, 33, 138, 35, 1, 1, 36, 150, 38, 1, 1, 39, 162, 41, 1, 1, 42, 174, 44, 1, 1, 45, 186, 47, 1, 1]
A001208	ClearAll[c2, c3, c4, a]; Evaluate[ Array[c2, 9, 0]] = {3, 3, 5, 5, 7, 6, 8, 8, 10}; Evaluate[ Array[c3, {9, 2}, {0, 1}]] = {{1, 1}, {1, 1}, {2, 1}, {2,1}, {3, 1}, {2, 2}, {3, 2}, {3, 2}, {4, 2}}; Evaluate[ Array[c4, {9, 3}, {0, 1}]] = {{0, 0, 0}, {0, 0, 1}, {1, 0,1}, {1, 0, 2}, {2, 0, 2}, {2, 1, 2}, {3, 1, 2}, {3, 1, 3}, {4, 1,3}}; Evaluate[ Array[a, 19]] = {3, 8, 15, 26, 35, 52, 69, 89, 112, 146, 172, 212, 259, 302, 354, 418, 476, 548, 633}; a[n_] := (r = Mod[n, 9]; t = Quotient[n, 9]; a2 = 6t + c2[r]; a3 = (2t + c3[r, 1]) + (2t + c3[r, 2])*a2; 4t + c4[r, 1] + (2t + c4[r, 2])*a2 + (3t + c4[r, 3])*a3); Table[a[n], {n, 1, 48}] (* _Jean-François Alcover_, Dec 19 2011, after _R. J. Mathar_'s Maple program *)	[3, 8, 15, 26, 35, 52, 69, 89, 112, 146, 172, 212, 259, 302, 354, 418, 476, 548, 633, 714, 805, 902, 1012, 1127, 1254, 1382, 1524, 1678, 1841, 2010, 2188, 2382, 2584, 2801, 3020, 3256, 3508, 3772, 4043, 4326, 4628, 4941, 5272, 5606, 5960, 6334, 6723, 7120]
A001218	PowerMod[3, Range[0, 60], 100] (* _Vincenzo Librandi_, Aug 15 2016 *)	[1, 3, 9, 27, 81, 43, 29, 87, 61, 83, 49, 47, 41, 23, 69, 7, 21, 63, 89, 67, 1, 3, 9, 27, 81, 43, 29, 87, 61, 83, 49, 47, 41, 23, 69, 7, 21, 63, 89, 67, 1, 3, 9, 27, 81, 43, 29, 87, 61, 83, 49, 47, 41, 23, 69, 7, 21, 63, 89, 67]
A001221	Array[ Length[ FactorInteger[ # ] ]&, 100 ]	[0, 1, 1, 1, 1, 2, 1, 1, 1, 2, 1, 2, 1, 2, 2, 1, 1, 2, 1, 2, 2, 2, 1, 2, 1, 2, 1, 2, 1, 3, 1, 1, 2, 2, 2, 2, 1, 2, 2, 2, 1, 3, 1, 2, 2, 2, 1, 2, 1, 2, 2, 2, 1, 2, 2, 2, 2, 2, 1, 3, 1, 2, 2, 1, 2, 3, 1, 2, 2, 3, 1, 2, 1, 2, 2, 2, 2, 3, 1, 2, 1, 2, 1, 3, 2, 2, 2, 2, 1, 3, 2, 2, 2, 2, 2, 2, 1, 2, 2, 2, 1, 3, 1, 2, 3, 2, 1, 2, 1, 3, 2]
A001222	Array[ Plus @@ Last /@ FactorInteger[ # ] &, 105]	[0, 1, 1, 2, 1, 2, 1, 3, 2, 2, 1, 3, 1, 2, 2, 4, 1, 3, 1, 3, 2, 2, 1, 4, 2, 2, 3, 3, 1, 3, 1, 5, 2, 2, 2, 4, 1, 2, 2, 4, 1, 3, 1, 3, 3, 2, 1, 5, 2, 3, 2, 3, 1, 4, 2, 4, 2, 2, 1, 4, 1, 2, 3, 6, 2, 3, 1, 3, 2, 3, 1, 5, 1, 2, 3, 3, 2, 3, 1, 5, 4, 2, 1, 4, 2, 2, 2, 4, 1, 4, 2, 3, 2, 2, 2, 6, 1, 3, 3, 4, 1, 3, 1, 4, 3, 2, 1, 5, 1, 3, 2]
A001224	a[n_?EvenQ] := (Fibonacci[n + 1] + Fibonacci[n/2 + 2])/2; a[n_?OddQ] := (Fibonacci[n + 1] + Fibonacci[(n + 1)/2])/2; Table[a[n], {n, 38}] (* _Jean-François Alcover_, Oct 06 2011, after formula *)	[1, 2, 2, 4, 5, 9, 12, 21, 30, 51, 76, 127, 195, 322, 504, 826, 1309, 2135, 3410, 5545, 8900, 14445, 23256, 37701, 60813, 98514, 159094, 257608, 416325, 673933, 1089648, 1763581, 2852242, 4615823, 7466468, 12082291, 19546175, 31628466]
A001224	LinearRecurrence[{1, 2, -1, 0, -1, -1}, {1, 2, 2, 4, 5, 9}, 38] (* _Jean-François Alcover_, Sep 21 2017 *)	[1, 2, 2, 4, 5, 9, 12, 21, 30, 51, 76, 127, 195, 322, 504, 826, 1309, 2135, 3410, 5545, 8900, 14445, 23256, 37701, 60813, 98514, 159094, 257608, 416325, 673933, 1089648, 1763581, 2852242, 4615823, 7466468, 12082291, 19546175, 31628466]
A001226	Table[(2^EulerPhi[n] - 1)/n, {n, 1, 40, 2}] (* _T. D. Noe_, Jun 26 2012 *)	[1, 1, 3, 9, 7, 93, 315, 17, 3855, 13797, 195, 182361, 41943, 9709, 9256395, 34636833, 31775, 479349, 1857283155, 430185, 26817356775, 102280151421, 372827, 1497207322929, 89756051247, 84215045, 84973577874915, 19991120505, 1205604855, 4885260612740877]
A001227	f[n_] := Block[{d = Divisors[n]}, Count[ OddQ[d], True]]; Table[ f[n], {n, 105}] (* _Robert G. Wilson v_, Aug 27 2004 *)	[1, 1, 2, 1, 2, 2, 2, 1, 3, 2, 2, 2, 2, 2, 4, 1, 2, 3, 2, 2, 4, 2, 2, 2, 3, 2, 4, 2, 2, 4, 2, 1, 4, 2, 4, 3, 2, 2, 4, 2, 2, 4, 2, 2, 6, 2, 2, 2, 3, 3, 4, 2, 2, 4, 4, 2, 4, 2, 2, 4, 2, 2, 6, 1, 4, 4, 2, 2, 4, 4, 2, 3, 2, 2, 6, 2, 4, 4, 2, 2, 5, 2, 2, 4, 4, 2, 4, 2, 2, 6, 4, 2, 4, 2, 4, 2, 2, 3, 6, 3, 2, 4, 2, 2, 8]
A001227	Table[Total[Mod[Divisors[n], 2]],{n,105}] (* _Zak Seidov_, Apr 16 2010 *)	[1, 1, 2, 1, 2, 2, 2, 1, 3, 2, 2, 2, 2, 2, 4, 1, 2, 3, 2, 2, 4, 2, 2, 2, 3, 2, 4, 2, 2, 4, 2, 1, 4, 2, 4, 3, 2, 2, 4, 2, 2, 4, 2, 2, 6, 2, 2, 2, 3, 3, 4, 2, 2, 4, 4, 2, 4, 2, 2, 4, 2, 2, 6, 1, 4, 4, 2, 2, 4, 4, 2, 3, 2, 2, 6, 2, 4, 4, 2, 2, 5, 2, 2, 4, 4, 2, 4, 2, 2, 6, 4, 2, 4, 2, 4, 2, 2, 3, 6, 3, 2, 4, 2, 2, 8]
A001227	f[n_] := Block[{d = DivisorSigma[0, n]}, If[ OddQ@ n, d, d - DivisorSigma[0, n/2]]]; Array[f, 105] (* _Robert G. Wilson v_ *)	[1, 1, 2, 1, 2, 2, 2, 1, 3, 2, 2, 2, 2, 2, 4, 1, 2, 3, 2, 2, 4, 2, 2, 2, 3, 2, 4, 2, 2, 4, 2, 1, 4, 2, 4, 3, 2, 2, 4, 2, 2, 4, 2, 2, 6, 2, 2, 2, 3, 3, 4, 2, 2, 4, 4, 2, 4, 2, 2, 4, 2, 2, 6, 1, 4, 4, 2, 2, 4, 4, 2, 3, 2, 2, 6, 2, 4, 4, 2, 2, 5, 2, 2, 4, 4, 2, 4, 2, 2, 6, 4, 2, 4, 2, 4, 2, 2, 3, 6, 3, 2, 4, 2, 2, 8]
A001227	a[ n_] := Sum[  Mod[ d, 2], { d, Divisors[ n]}]; (* _Michael Somos_, May 17 2013 *)	[1, 1, 2, 1, 2, 2, 2, 1, 3, 2, 2, 2, 2, 2, 4, 1, 2, 3, 2, 2, 4, 2, 2, 2, 3, 2, 4, 2, 2, 4, 2, 1, 4, 2, 4, 3, 2, 2, 4, 2, 2, 4, 2, 2, 6, 2, 2, 2, 3, 3, 4, 2, 2, 4, 4, 2, 4, 2, 2, 4, 2, 2, 6, 1, 4, 4, 2, 2, 4, 4, 2, 3, 2, 2, 6, 2, 4, 4, 2, 2, 5, 2, 2, 4, 4, 2, 4, 2, 2, 6, 4, 2, 4, 2, 4, 2, 2, 3, 6, 3, 2, 4, 2, 2, 8]
A001227	a[ n_] := DivisorSum[ n, Mod[ #, 2] &]; (* _Michael Somos_, May 17 2013 *)	[1, 1, 2, 1, 2, 2, 2, 1, 3, 2, 2, 2, 2, 2, 4, 1, 2, 3, 2, 2, 4, 2, 2, 2, 3, 2, 4, 2, 2, 4, 2, 1, 4, 2, 4, 3, 2, 2, 4, 2, 2, 4, 2, 2, 6, 2, 2, 2, 3, 3, 4, 2, 2, 4, 4, 2, 4, 2, 2, 4, 2, 2, 6, 1, 4, 4, 2, 2, 4, 4, 2, 3, 2, 2, 6, 2, 4, 4, 2, 2, 5, 2, 2, 4, 4, 2, 4, 2, 2, 6, 4, 2, 4, 2, 4, 2, 2, 3, 6, 3, 2, 4, 2, 2, 8]
A001227	Count[Divisors[#],_?OddQ]&/@Range[110] (* _Harvey P. Dale_, Feb 15 2015 *)	[1, 1, 2, 1, 2, 2, 2, 1, 3, 2, 2, 2, 2, 2, 4, 1, 2, 3, 2, 2, 4, 2, 2, 2, 3, 2, 4, 2, 2, 4, 2, 1, 4, 2, 4, 3, 2, 2, 4, 2, 2, 4, 2, 2, 6, 2, 2, 2, 3, 3, 4, 2, 2, 4, 4, 2, 4, 2, 2, 4, 2, 2, 6, 1, 4, 4, 2, 2, 4, 4, 2, 3, 2, 2, 6, 2, 4, 4, 2, 2, 5, 2, 2, 4, 4, 2, 4, 2, 2, 6, 4, 2, 4, 2, 4, 2, 2, 3, 6, 3, 2, 4, 2, 2, 8]
A001227	a[n_] := DivisorSigma[0, n / 2^IntegerExponent[n, 2]]; Array[a, 100] (* _Amiram Eldar_, Jun 12 2022 *)	[1, 1, 2, 1, 2, 2, 2, 1, 3, 2, 2, 2, 2, 2, 4, 1, 2, 3, 2, 2, 4, 2, 2, 2, 3, 2, 4, 2, 2, 4, 2, 1, 4, 2, 4, 3, 2, 2, 4, 2, 2, 4, 2, 2, 6, 2, 2, 2, 3, 3, 4, 2, 2, 4, 4, 2, 4, 2, 2, 4, 2, 2, 6, 1, 4, 4, 2, 2, 4, 4, 2, 3, 2, 2, 6, 2, 4, 4, 2, 2, 5, 2, 2, 4, 4, 2, 4, 2, 2, 6, 4, 2, 4, 2, 4, 2, 2, 3, 6, 3, 2, 4, 2, 2, 8]
A001233	Drop[Abs[StirlingS1[Range[30],6]],5] (* _Harvey P. Dale_, Sep 17 2013 *)	[1, 21, 322, 4536, 63273, 902055, 13339535, 206070150, 3336118786, 56663366760, 1009672107080, 18861567058880, 369012649234384, 7551527592063024, 161429736530118960, 3599979517947607200, 83637381699544802976, 2021687376910682741568, 50779532534302850198976, 1323714091579185857760000]
A001234	Table[Abs[StirlingS1[n, 7]], {n, 7, 40}] (* _Jean-François Alcover_, Mar 24 2020 *)	[1, 28, 546, 9450, 157773, 2637558, 44990231, 790943153, 14409322928, 272803210680, 5374523477960, 110228466184200, 2353125040549984, 52260903362512720, 1206647803780373360, 28939583397335447760]
A001236	h = HarmonicNumber; a[n_] := ((n+1)!^3/6)*(h[n+1, 1]^3 + 3*h[n+1, 1]*h[n+1, 2] + 2*h[n+1, 3]); Table[a[n], {n, 1, 15}] (* _Jean-François Alcover_, Feb 26 2015, after _Vladeta Jovovic_ *)	[15, 575, 46760, 6998824, 1744835904, 673781602752, 381495483224064, 303443622431870976, 327643295527342080000, 466962174913357393920000, 858175477913267353681920000, 1993920215002599923346309120000, 5758788816015998806424467537920000]
A001237	a[n_] := -(Factorial[n + 1]^4)*Sum[(-1)^k Binomial[n + 1, k]/k^4, {k, 1, n + 1}];Table[a[n],{n,14}] (* _James C. McMahon_, Dec 12 2023 *)	[31, 3661, 1217776, 929081776, 1413470290176, 3878864920694016, 17810567950611972096, 129089983180418186674176, 1409795030885143760732160000, 22335321387514981111936450560000, 497400843208278958640564703068160000, 15161356456130244705175927906904309760000]
A001238	a[n_] := -(Factorial[n + 1]^5)*Sum[(-1)^k Binomial[n + 1, k]/k^5, {k, 1, n + 1}];Table[a[n],{n,10}] (* _James C. McMahon_, Dec 12 2023 *)	[63, 22631, 30480800, 117550462624, 1083688832185344, 21006340945438768128, 778101042571221893382144, 51150996584622542869024997376, 5626686079269855254796985958400000, 987233834003503822099304377378406400000]
A001246	CatalanNumber[Range[0,30]]^2  (* _Harvey P. Dale_, Apr 26 2011 *)	[1, 1, 4, 25, 196, 1764, 17424, 184041, 2044900, 23639044, 282105616, 3455793796, 43268992144, 551900410000, 7152629313600, 93990019574025, 1250164827828900, 16807771574144100, 228138727737690000, 3123219182728976100, 43087676888260976400, 598598221893939680400, 8369059450146650049600]
A001246	a[ n_] := If[ n == -1, 0, CatalanNumber[ n]^2] (* _Michael Somos_, Jul 11 2011 *)	[1, 1, 4, 25, 196, 1764, 17424, 184041, 2044900, 23639044, 282105616, 3455793796, 43268992144, 551900410000, 7152629313600, 93990019574025, 1250164827828900, 16807771574144100, 228138727737690000, 3123219182728976100, 43087676888260976400, 598598221893939680400, 8369059450146650049600]
A001247	Table[BellB[n, 1]^2, {n, 0, 17}] (* _Zerinvary Lajos_, Jul 16 2009 *)	[1, 1, 4, 25, 225, 2704, 41209, 769129, 17139600, 447195609, 13450200625, 460457244900, 17754399678409, 764214897046969, 36442551140059684, 1912574337188517025, 109833379421325769609, 6866586647633870998416, 465228769500062060333281]
A001248	Prime[Range[30]]^2 (* _Zak Seidov_, Dec 07 2011 *)	[4, 9, 25, 49, 121, 169, 289, 361, 529, 841, 961, 1369, 1681, 1849, 2209, 2809, 3481, 3721, 4489, 5041, 5329, 6241, 6889, 7921, 9409, 10201, 10609, 11449, 11881, 12769, 16129, 17161, 18769, 19321, 22201, 22801, 24649, 26569, 27889, 29929, 32041, 32761, 36481]
A001249	Table[Binomial[n + 3, 3]^2, {n, 0, 100}] (* _T. D. Noe_, Jun 26 2012 *)	[1, 16, 100, 400, 1225, 3136, 7056, 14400, 27225, 48400, 81796, 132496, 207025, 313600, 462400, 665856, 938961, 1299600, 1768900, 2371600, 3136441, 4096576, 5290000, 6760000, 8555625, 10732176, 13351716, 16483600, 20205025, 24601600, 29767936, 35808256]
A001250	a[0]:=1; a[1]:=1; a[n_]:=a[n]=1/(n (n-1)) Sum[a[n-1-k] a[k] k, {k,1, n-1}]; Join[{a[0], a[1]}, Map[2 #! a[#]&, Range[2,24]]] (* _Oliver Seipel_, May 27 2024 *)	[1, 1, 2, 4, 10, 32, 122, 544, 2770, 15872, 101042, 707584, 5405530, 44736512, 398721962, 3807514624, 38783024290, 419730685952, 4809759350882, 58177770225664, 740742376475050, 9902996106248192, 138697748786275802, 2030847773013704704, 31029068327114173810]
A001254	Table[LucasL[n]^2, {n, 0, 29}] (* _Alonso del Arte_, Apr 11 2011 *)	[4, 1, 9, 16, 49, 121, 324, 841, 2209, 5776, 15129, 39601, 103684, 271441, 710649, 1860496, 4870849, 12752041, 33385284, 87403801, 228826129, 599074576, 1568397609, 4106118241, 10749957124, 28143753121, 73681302249, 192900153616, 505019158609, 1322157322201, 3461452808004, 9062201101801, 23725150497409]
A001254	LinearRecurrence[{2, 2, -1}, {4, 1, 9}, 33] (* _Jean-François Alcover_, Jan 07 2019 *)	[4, 1, 9, 16, 49, 121, 324, 841, 2209, 5776, 15129, 39601, 103684, 271441, 710649, 1860496, 4870849, 12752041, 33385284, 87403801, 228826129, 599074576, 1568397609, 4106118241, 10749957124, 28143753121, 73681302249, 192900153616, 505019158609, 1322157322201, 3461452808004, 9062201101801, 23725150497409]
A001255	Table[ PartitionsP[n]^2, {n, 0, 33}] (* _Ray Chandler_, Nov 14 2005 *)	[1, 1, 4, 9, 25, 49, 121, 225, 484, 900, 1764, 3136, 5929, 10201, 18225, 30976, 53361, 88209, 148225, 240100, 393129, 627264, 1004004, 1575025, 2480625, 3833764, 5934096, 9060100, 13823524, 20839225, 31404816, 46812964, 69705801, 102880449, 151536100]
A001263	Flatten[Table[Binomial[n-1,k-1] Binomial[n,k-1]/k,{n,15},{k,n}]] (* _Harvey P. Dale_, Feb 29 2012 *)	[1, 1, 1, 1, 3, 1, 1, 6, 6, 1, 1, 10, 20, 10, 1, 1, 15, 50, 50, 15, 1, 1, 21, 105, 175, 105, 21, 1, 1, 28, 196, 490, 490, 196, 28, 1, 1, 36, 336, 1176, 1764, 1176, 336, 36, 1, 1, 45, 540, 2520, 5292, 5292, 2520, 540, 45, 1, 1, 55, 825, 4950, 13860, 19404, 13860, 4950, 825]
A001264	PowerMod[4, Range[0, 60], 100] (* _Vincenzo Librandi_, Aug 15 2016 *)	[1, 4, 16, 64, 56, 24, 96, 84, 36, 44, 76, 4, 16, 64, 56, 24, 96, 84, 36, 44, 76, 4, 16, 64, 56, 24, 96, 84, 36, 44, 76, 4, 16, 64, 56, 24, 96, 84, 36, 44, 76, 4, 16, 64, 56, 24, 96, 84, 36, 44, 76, 4, 16, 64, 56, 24, 96]
A001265	Array[Flatten[ConstantArray[#1, #2] & @@ # & /@ FactorInteger[2^# - 1]] &, 24] // Flatten (* _Michael De Vlieger_, Dec 04 2017 *)	[3, 7, 3, 5, 31, 3, 3, 7, 127, 3, 5, 17, 7, 73, 3, 11, 31, 23, 89, 3, 3, 5, 7, 13, 8191, 3, 43, 127, 7, 31, 151, 3, 5, 17, 257, 131071, 3, 3, 3, 7, 19, 73, 524287, 3, 5, 5, 11, 31, 41, 7, 7, 127, 337, 3, 23, 89, 683, 47, 178481, 3, 3, 5, 7, 13, 17, 241]
A001269	repeat[{p_, e_}] := Table[p, {e}]; row[n_] := repeat /@ FactorInteger[2^n + 1] // Flatten; Table[row[n], {n, 0, 25}] // Flatten (* _Jean-François Alcover_, Jul 13 2012 *)	[2, 3, 5, 3, 3, 17, 3, 11, 5, 13, 3, 43, 257, 3, 3, 3, 19, 5, 5, 41, 3, 683, 17, 241, 3, 2731, 5, 29, 113, 3, 3, 11, 331, 65537, 3, 43691, 5, 13, 37, 109, 3, 174763, 17, 61681, 3, 3, 43, 5419, 5, 397, 2113, 3, 2796203, 97, 257, 673, 3, 11, 251, 4051]
A001281	Table[If[OddQ[n], 3*n-1, n/2], {n, 0, 100}] (* _T. D. Noe_, Jun 27 2012 *)	[0, 2, 1, 8, 2, 14, 3, 20, 4, 26, 5, 32, 6, 38, 7, 44, 8, 50, 9, 56, 10, 62, 11, 68, 12, 74, 13, 80, 14, 86, 15, 92, 16, 98, 17, 104, 18, 110, 19, 116, 20, 122, 21, 128, 22, 134, 23, 140, 24, 146, 25, 152, 26, 158, 27, 164, 28, 170, 29, 176, 30, 182, 31, 188]
A001283	Flatten[Table[n*(n+m), {n, 2, 10}, {m, n-1}]] (* _T. D. Noe_, Jun 27 2012 *)	[6, 12, 15, 20, 24, 28, 30, 35, 40, 45, 42, 48, 54, 60, 66, 56, 63, 70, 77, 84, 91, 72, 80, 88, 96, 104, 112, 120, 90, 99, 108, 117, 126, 135, 144, 153, 110, 120, 130, 140, 150, 160, 170, 180, 190, 132, 143, 154, 165, 176, 187, 198, 209, 220, 231, 156, 168, 180]
A001285	Nest[ Flatten@ Join[#, # /. {1 -> 2, 2 -> 1}] &, {1}, 7] (* _Robert G. Wilson v_, Feb 26 2005 *)	[1, 2, 2, 1, 2, 1, 1, 2, 2, 1, 1, 2, 1, 2, 2, 1, 2, 1, 1, 2, 1, 2, 2, 1, 1, 2, 2, 1, 2, 1, 1, 2, 2, 1, 1, 2, 1, 2, 2, 1, 1, 2, 2, 1, 2, 1, 1, 2, 1, 2, 2, 1, 2, 1, 1, 2, 2, 1, 1, 2, 1, 2, 2, 1, 2, 1, 1, 2, 1, 2, 2, 1, 1, 2, 2, 1, 2, 1, 1, 2, 1, 2, 2, 1, 2, 1, 1, 2, 2, 1, 1, 2, 1, 2, 2, 1, 1, 2, 2, 1, 2, 1]
A001286	Table[Sum[n!, {i, 2, n}]/2, {n, 2, 20}] (* _Zerinvary Lajos_, Jul 12 2009 *)	[1, 6, 36, 240, 1800, 15120, 141120, 1451520, 16329600, 199584000, 2634508800, 37362124800, 566658892800, 9153720576000, 156920924160000, 2845499424768000, 54420176498688000, 1094805903679488000, 23112569077678080000, 510909421717094400000]
A001286	nn=20;With[{a=Accumulate[Range[nn]],t=Range[nn]!},Times@@@Thread[{a,t}]] (* _Harvey P. Dale_, Jan 26 2013 *)	[1, 6, 36, 240, 1800, 15120, 141120, 1451520, 16329600, 199584000, 2634508800, 37362124800, 566658892800, 9153720576000, 156920924160000, 2845499424768000, 54420176498688000, 1094805903679488000, 23112569077678080000, 510909421717094400000]
A001286	Table[(n - 1) n! / 2, {n, 2, 30}] (* _Vincenzo Librandi_, Sep 09 2016 *)	[1, 6, 36, 240, 1800, 15120, 141120, 1451520, 16329600, 199584000, 2634508800, 37362124800, 566658892800, 9153720576000, 156920924160000, 2845499424768000, 54420176498688000, 1094805903679488000, 23112569077678080000, 510909421717094400000]
A001287	Table[n (n + 1) (n + 2) (n + 3) (n + 4) (n + 5) (n + 6) (n + 7) (n + 8) (n + 9)/10!, {n, 1, 100}] (* _Artur Jasinski_, Dec 02 2007 *)	[1, 11, 66, 286, 1001, 3003, 8008, 19448, 43758, 92378, 184756, 352716, 646646, 1144066, 1961256, 3268760, 5311735, 8436285, 13123110, 20030010, 30045015, 44352165, 64512240, 92561040, 131128140, 183579396, 254186856, 348330136, 472733756, 635745396]
A001287	Table[Binomial[n, 10], {n, 10, 20}] (* _Zerinvary Lajos_, Jan 31 2010 *)	[1, 11, 66, 286, 1001, 3003, 8008, 19448, 43758, 92378, 184756, 352716, 646646, 1144066, 1961256, 3268760, 5311735, 8436285, 13123110, 20030010, 30045015, 44352165, 64512240, 92561040, 131128140, 183579396, 254186856, 348330136, 472733756, 635745396]
A001288	Table[n(n+1)(n+2)(n+3)(n+4)(n+5)(n+6)(n+7)(n+8)(n+9)(n+10)/11!,{n,1,100}] (* _Artur Jasinski_, Dec 02 2007 *)	[1, 12, 78, 364, 1365, 4368, 12376, 31824, 75582, 167960, 352716, 705432, 1352078, 2496144, 4457400, 7726160, 13037895, 21474180, 34597290, 54627300, 84672315, 129024480, 193536720, 286097760, 417225900, 600805296, 854992152, 1203322288, 1676056044]
A001288	Binomial[Range[11,50],11] (* _Harvey P. Dale_, Oct 02 2012 *)	[1, 12, 78, 364, 1365, 4368, 12376, 31824, 75582, 167960, 352716, 705432, 1352078, 2496144, 4457400, 7726160, 13037895, 21474180, 34597290, 54627300, 84672315, 129024480, 193536720, 286097760, 417225900, 600805296, 854992152, 1203322288, 1676056044]
A001292	Sort@ Flatten@ Table[ FromDigits[ Join @@ IntegerDigits /@ RotateLeft[Range[n], i - 1]], {n, 11}, {i, n}] (* _Giovanni Resta_, Mar 21 2017 *)	[1, 12, 21, 123, 231, 312, 1234, 2341, 3412, 4123, 12345, 23451, 34512, 45123, 51234, 123456, 234561, 345612, 456123, 561234, 612345, 1234567, 2345671, 3456712, 4567123, 5671234, 6712345, 7123456]
A001296	Table[n*(1+n)*(2+n)*(1+3*n)/24, {n, 0, 100}]	[0, 1, 7, 25, 65, 140, 266, 462, 750, 1155, 1705, 2431, 3367, 4550, 6020, 7820, 9996, 12597, 15675, 19285, 23485, 28336, 33902, 40250, 47450, 55575, 64701, 74907, 86275, 98890, 112840, 128216, 145112, 163625, 183855, 205905, 229881, 255892, 284050, 314470]
A001296	Table[StirlingS2[n+2, n], {n, 0, 40}] (* _Jean-François Alcover_, Jun 24 2015 *)	[0, 1, 7, 25, 65, 140, 266, 462, 750, 1155, 1705, 2431, 3367, 4550, 6020, 7820, 9996, 12597, 15675, 19285, 23485, 28336, 33902, 40250, 47450, 55575, 64701, 74907, 86275, 98890, 112840, 128216, 145112, 163625, 183855, 205905, 229881, 255892, 284050, 314470]
A001297	lst={};Do[f=StirlingS2[n+3, n];AppendTo[lst, f], {n, 0, 5!}];lst (* _Vladimir Joseph Stephan Orlovsky_, Sep 27 2008 *)	[0, 1, 15, 90, 350, 1050, 2646, 5880, 11880, 22275, 39325, 66066, 106470, 165620, 249900, 367200, 527136, 741285, 1023435, 1389850, 1859550, 2454606, 3200450, 4126200, 5265000, 6654375, 8336601, 10359090, 12774790, 15642600, 19027800]
A001297	a[ n_] := n^2 (n + 1)^2 (n + 2) (n + 3) / 48; (* _Michael Somos_, Sep 04 2017 *)	[0, 1, 15, 90, 350, 1050, 2646, 5880, 11880, 22275, 39325, 66066, 106470, 165620, 249900, 367200, 527136, 741285, 1023435, 1389850, 1859550, 2454606, 3200450, 4126200, 5265000, 6654375, 8336601, 10359090, 12774790, 15642600, 19027800]
A001297	Table[StirlingS2[n+3,n],{n,0,30}] (* _Harvey P. Dale_, Dec 30 2019 *)	[0, 1, 15, 90, 350, 1050, 2646, 5880, 11880, 22275, 39325, 66066, 106470, 165620, 249900, 367200, 527136, 741285, 1023435, 1389850, 1859550, 2454606, 3200450, 4126200, 5265000, 6654375, 8336601, 10359090, 12774790, 15642600, 19027800]
A001298	Table[StirlingS2[n+4, n], {n, 0, 100}] (* _Vladimir Joseph Stephan Orlovsky_, Sep 27 2008 *)	[0, 1, 31, 301, 1701, 6951, 22827, 63987, 159027, 359502, 752752, 1479478, 2757118, 4910178, 8408778, 13916778, 22350954, 34952799, 53374629, 79781779, 116972779, 168519505, 238929405, 333832005, 460192005, 626551380, 843303006, 1122998436, 1480692556]
A001298	a[ n_] := n (n + 1) (n + 2) (n + 3) (n + 4) (15 n^3 + 30 n^2 + 5 n - 2) / 5760; (* _Michael Somos_, Sep 04 2017 *)	[0, 1, 31, 301, 1701, 6951, 22827, 63987, 159027, 359502, 752752, 1479478, 2757118, 4910178, 8408778, 13916778, 22350954, 34952799, 53374629, 79781779, 116972779, 168519505, 238929405, 333832005, 460192005, 626551380, 843303006, 1122998436, 1480692556]
A001299	a[ n_] := With[ {m = Quotient[n, 5] / 10}, Round[ (4 m + 3) (5 m + 1) (5 m + 2) / 6]]; (* _Michael Somos_, Feb 23 2017 *)	[1, 1, 1, 1, 1, 2, 2, 2, 2, 2, 4, 4, 4, 4, 4, 6, 6, 6, 6, 6, 9, 9, 9, 9, 9, 13, 13, 13, 13, 13, 18, 18, 18, 18, 18, 24, 24, 24, 24, 24, 31, 31, 31, 31, 31, 39, 39, 39, 39, 39, 49, 49, 49, 49, 49, 60, 60, 60, 60, 60, 73, 73, 73, 73, 73, 87, 87, 87, 87, 87, 103, 103, 103, 103, 103]
A001303	Table[-StirlingS1[n + 3, n], {n, 100}] (* _T. D. Noe_, Jun 27 2012 *)	[6, 50, 225, 735, 1960, 4536, 9450, 18150, 32670, 55770, 91091, 143325, 218400, 323680, 468180, 662796, 920550, 1256850, 1689765, 2240315, 2932776, 3795000, 4858750, 6160050, 7739550, 9642906, 11921175, 14631225, 17836160, 21605760, 26016936, 31154200]
A001303	a[ n_] := n (n + 1) (n + 2)^2 (n + 3)^2 / 48; (* _Michael Somos_, Sep 04 2017 *)	[6, 50, 225, 735, 1960, 4536, 9450, 18150, 32670, 55770, 91091, 143325, 218400, 323680, 468180, 662796, 920550, 1256850, 1689765, 2240315, 2932776, 3795000, 4858750, 6160050, 7739550, 9642906, 11921175, 14631225, 17836160, 21605760, 26016936, 31154200]
A001304	LinearRecurrence[{2,0,-2,1,1,-2,0,2,-1},{1,2,4,6,9,13,18,24,31},60] (* _Harvey P. Dale_, Oct 03 2018 *)	[1, 2, 4, 6, 9, 13, 18, 24, 31, 39, 49, 60, 73, 87, 103, 121, 141, 163, 187, 213, 242, 273, 307, 343, 382, 424, 469, 517, 568, 622, 680, 741, 806, 874, 946, 1022, 1102, 1186, 1274, 1366, 1463, 1564, 1670, 1780, 1895, 2015, 2140, 2270, 2405, 2545, 2691, 2842]
A001307	LinearRecurrence[{2,0,-2,2,-2,0,2,-1,0,1,-2,0,2,-2,2,0,-2,1,0,1,-2,0,2,-2,2,0,-2,1,0,-1,2,0,-2,2,-2,0,2,-1},{1,2,4,6,10,14,20,26,35,44,57,70,88,106,130,154,185,216,255,294,344,394,456,518,595,672,765,858,970,1082,1216,1350,1509,1668,1855,2042,2260,2478},50] (* _Harvey P. Dale_, Aug 12 2021 *)	[1, 2, 4, 6, 10, 14, 20, 26, 35, 44, 57, 70, 88, 106, 130, 154, 185, 216, 255, 294, 344, 394, 456, 518, 595, 672, 765, 858, 970, 1082, 1216, 1350, 1509, 1668, 1855, 2042, 2260, 2478, 2730, 2982, 3274, 3566, 3901, 4236, 4620, 5004, 5440, 5876, 6370, 6864]
A001309	a[0] = 2; a[n_] := 2^(n^2+n+2) * (2^n-1) * Product[2^(2*i)-1, {i, 1, n-1}]; Table[a[n], {n, 0, 8}] (* _Jean-François Alcover_, Jul 16 2015, after Maple *)	[2, 16, 2304, 5160960, 178362777600, 96253116206284800, 819651496316379542323200, 110857799304670627788849414144000, 238987988705420266773820308079698247680000]
A001311	PowerMod[6, Range[0, 60], 100] (* _Vincenzo Librandi_, Aug 15 2016 *)	[1, 6, 36, 16, 96, 76, 56, 36, 16, 96, 76, 56, 36, 16, 96, 76, 56, 36, 16, 96, 76, 56, 36, 16, 96, 76, 56, 36, 16, 96, 76, 56, 36, 16, 96, 76, 56, 36, 16, 96, 76, 56, 36, 16, 96, 76, 56, 36, 16, 96, 76, 56, 36, 16, 96]
A001315	Table[Sum[2^Binomial[n, k], {k, 0, n}], {n, 0, 13}] (* _T. D. Noe_, Jun 28 2012 *)	[2, 4, 8, 20, 100, 2116, 1114244, 68723671300, 1180735735906024030724, 170141183460507917357914971986913657860]
A001316	Nest[ Join[#, 2#] &, {1}, 7] (* _Robert G. Wilson v_, Jan 24 2006 and modified Jul 27 2014 *)	[1, 2, 2, 4, 2, 4, 4, 8, 2, 4, 4, 8, 4, 8, 8, 16, 2, 4, 4, 8, 4, 8, 8, 16, 4, 8, 8, 16, 8, 16, 16, 32, 2, 4, 4, 8, 4, 8, 8, 16, 4, 8, 8, 16, 8, 16, 16, 32, 4, 8, 8, 16, 8, 16, 16, 32, 8, 16, 16, 32, 16, 32, 32, 64, 2, 4, 4, 8, 4, 8, 8, 16, 4, 8, 8, 16, 8, 16, 16, 32, 4, 8, 8, 16, 8, 16, 16, 32]
A001316	CoefficientList[Series[Exp[2*x], {x, 0, 100}], x] // Numerator (* _Jean-François Alcover_, Oct 25 2013 *)	[1, 2, 2, 4, 2, 4, 4, 8, 2, 4, 4, 8, 4, 8, 8, 16, 2, 4, 4, 8, 4, 8, 8, 16, 4, 8, 8, 16, 8, 16, 16, 32, 2, 4, 4, 8, 4, 8, 8, 16, 4, 8, 8, 16, 8, 16, 16, 32, 4, 8, 8, 16, 8, 16, 16, 32, 8, 16, 16, 32, 16, 32, 32, 64, 2, 4, 4, 8, 4, 8, 8, 16, 4, 8, 8, 16, 8, 16, 16, 32, 4, 8, 8, 16, 8, 16, 16, 32]
A001318	Table[n*(n+1)/6, {n, Select[Range[0, 100], Mod[#, 3] != 1 &]}]	[0, 1, 2, 5, 7, 12, 15, 22, 26, 35, 40, 51, 57, 70, 77, 92, 100, 117, 126, 145, 155, 176, 187, 210, 222, 247, 260, 287, 301, 330, 345, 376, 392, 425, 442, 477, 495, 532, 551, 590, 610, 651, 672, 715, 737, 782, 805, 852, 876, 925, 950, 1001, 1027, 1080, 1107, 1162, 1190, 1247, 1276, 1335]
A001318	LinearRecurrence[{1,2,-2,-1,1},{0,1,2,5,7},70] (* _Harvey P. Dale_, Jun 05 2017 *)	[0, 1, 2, 5, 7, 12, 15, 22, 26, 35, 40, 51, 57, 70, 77, 92, 100, 117, 126, 145, 155, 176, 187, 210, 222, 247, 260, 287, 301, 330, 345, 376, 392, 425, 442, 477, 495, 532, 551, 590, 610, 651, 672, 715, 737, 782, 805, 852, 876, 925, 950, 1001, 1027, 1080, 1107, 1162, 1190, 1247, 1276, 1335]
A001318	a[ n_] := With[{m = Quotient[n + 1, 2]}, m (3 m + (-1)^n) / 2]; (* _Michael Somos_, Jun 02 2018 *)	[0, 1, 2, 5, 7, 12, 15, 22, 26, 35, 40, 51, 57, 70, 77, 92, 100, 117, 126, 145, 155, 176, 187, 210, 222, 247, 260, 287, 301, 330, 345, 376, 392, 425, 442, 477, 495, 532, 551, 590, 610, 651, 672, 715, 737, 782, 805, 852, 876, 925, 950, 1001, 1027, 1080, 1107, 1162, 1190, 1247, 1276, 1335]
A001320	Table[2^(2^(n-1))(2^n-1)/2^n,{n,10}] (* _Harvey P. Dale_, Jul 27 2011 *)	[1, 3, 14, 240, 63488, 4227858432, 18302628885633695744, 338953138925153547590470800371487866880, 115565932813024562229384322928592814283244066726840484812818018414147674308608]
A001332	Table[BernoulliB[2*n]*(2*n + 1)!, {n, 0, 20}] (* _T. D. Noe_, Jun 28 2012 *)	[1, 1, -4, 120, -12096, 3024000, -1576143360, 1525620096000, -2522591034163200, 6686974460694528000, -27033456071346536448000, 160078872315904478576640000, -1342964491649083924630732800000, 15522270327163593186886877184000000]
A001333	Insert[Table[Numerator[FromContinuedFraction[ContinuedFraction[Sqrt[2], n]]], {n, 1, 40}], 1, 1] (* _Stefan Steinerberger_, Apr 08 2006 *)	[1, 1, 3, 7, 17, 41, 99, 239, 577, 1393, 3363, 8119, 19601, 47321, 114243, 275807, 665857, 1607521, 3880899, 9369319, 22619537, 54608393, 131836323, 318281039, 768398401, 1855077841, 4478554083, 10812186007, 26102926097, 63018038201, 152139002499, 367296043199]
A001333	a[0] = 1; a[1] = 1; a[n_] := a[n] = 2a[n - 1] + a[n - 2]; Table[a@n, {n, 0, 29}] (* _Robert G. Wilson v_, May 02 2006 *)	[1, 1, 3, 7, 17, 41, 99, 239, 577, 1393, 3363, 8119, 19601, 47321, 114243, 275807, 665857, 1607521, 3880899, 9369319, 22619537, 54608393, 131836323, 318281039, 768398401, 1855077841, 4478554083, 10812186007, 26102926097, 63018038201, 152139002499, 367296043199]
A001333	Table[ MatrixPower[{{1, 2}, {1, 1}}, n][[1, 1]], {n, 0, 30}] (* _Robert G. Wilson v_, May 02 2006 *)	[1, 1, 3, 7, 17, 41, 99, 239, 577, 1393, 3363, 8119, 19601, 47321, 114243, 275807, 665857, 1607521, 3880899, 9369319, 22619537, 54608393, 131836323, 318281039, 768398401, 1855077841, 4478554083, 10812186007, 26102926097, 63018038201, 152139002499, 367296043199]
A001333	a=c=0;t={b=1}; Do[c=a+b+c; AppendTo[t,c]; a=b;b=c,{n,40}]; t (* _Vladimir Joseph Stephan Orlovsky_, Mar 23 2009 *)	[1, 1, 3, 7, 17, 41, 99, 239, 577, 1393, 3363, 8119, 19601, 47321, 114243, 275807, 665857, 1607521, 3880899, 9369319, 22619537, 54608393, 131836323, 318281039, 768398401, 1855077841, 4478554083, 10812186007, 26102926097, 63018038201, 152139002499, 367296043199]
A001333	LinearRecurrence[{2, 1}, {1, 1}, 40] (* _Vladimir Joseph Stephan Orlovsky_, Mar 23 2009 *)	[1, 1, 3, 7, 17, 41, 99, 239, 577, 1393, 3363, 8119, 19601, 47321, 114243, 275807, 665857, 1607521, 3880899, 9369319, 22619537, 54608393, 131836323, 318281039, 768398401, 1855077841, 4478554083, 10812186007, 26102926097, 63018038201, 152139002499, 367296043199]
A001333	Table[(-I)^n ChebyshevT[n, I], {n, 10}] (* _Eric W. Weisstein_, Apr 04 2017 *)	[1, 1, 3, 7, 17, 41, 99, 239, 577, 1393, 3363, 8119, 19601, 47321, 114243, 275807, 665857, 1607521, 3880899, 9369319, 22619537, 54608393, 131836323, 318281039, 768398401, 1855077841, 4478554083, 10812186007, 26102926097, 63018038201, 152139002499, 367296043199]
A001333	Table[Sqrt[(ChebyshevT[n, 3] + (-1)^n)/2], {n, 0, 20}] (* _Eric W. Weisstein_, Apr 17 2018 *)	[1, 1, 3, 7, 17, 41, 99, 239, 577, 1393, 3363, 8119, 19601, 47321, 114243, 275807, 665857, 1607521, 3880899, 9369319, 22619537, 54608393, 131836323, 318281039, 768398401, 1855077841, 4478554083, 10812186007, 26102926097, 63018038201, 152139002499, 367296043199]
A001338	Join[{1}, Table[-1 + Sum[(k - 1)! Binomial[n, k], {k, n}], {n, 20}]] (* _T. D. Noe_, Jun 28 2012 *)	[1, 0, 2, 7, 23, 88, 414, 2371, 16071, 125672, 1112082, 10976183, 119481295, 1421542640, 18348340126, 255323504931, 3809950977007, 60683990530224, 1027542662934914, 18430998766219335, 349096664728623335, 6962409983976703336, 145841989688186383358]
A001339	a[n_] := n!*Sum[(k+1)/(n-k)!, {k, 0, n}]; a /@ Range[0, 20] (* _Jean-François Alcover_, Jul 13 2011 *)	[1, 3, 11, 49, 261, 1631, 11743, 95901, 876809, 8877691, 98641011, 1193556233, 15624736141, 220048367319, 3317652307271, 53319412081141, 909984632851473, 16436597430879731, 313262209859119579, 6282647653285676001, 132266266384961600021, 2916471173788403280463]
A001344	Join[{2}, Table[Sum[(n + k)! Binomial[2, k], {k, 0, 2}], {n, 0, 20}]] (* _T. D. Noe_, Jun 28 2012 *)	[2, 5, 11, 38, 174, 984, 6600, 51120, 448560, 4394880, 47537280, 562464000, 7224940800, 100111334400, 1488257971200, 23625316915200, 398840682240000, 7134671351808000, 134805535248384000, 2682594582700032000, 56078391288471552000, 1228615514129203200000]
A001345	Join[{7}, Table[Sum[(n + k)! Binomial[3, k], {k, 0, 3}], {n, 0, 20}]] (* _T. D. Noe_, Jun 28 2012 *)	[7, 16, 49, 212, 1158, 7584, 57720, 499680, 4843440, 51932160, 610001280, 7787404800, 107336275200, 1588369305600, 25113574886400, 422465999155200, 7533512034048000, 141940206600192000, 2817400117948416000, 58760985871171584000, 1284693905417674752000]
A001346	Join[{23}, Table[Sum[(n + k)! Binomial[4, k], {k, 0, 4}], {n, 0, 20}]] (* _T. D. Noe_, Jun 28 2012 *)	[23, 65, 261, 1370, 8742, 65304, 557400, 5343120, 56775600, 661933440, 8397406080, 115123680000, 1695705580800, 26701944192000, 447579574041600, 7955978033203200, 149473718634240000, 2959340324548608000, 61578385989120000000, 1343454891288846336000]
A001347	Join[{88}, Table[Sum[(n + k)! Binomial[5, k], {k, 0, 5}], {n, 0, 20}]] (* _T. D. Noe_, Jun 28 2012 *)	[88, 326, 1631, 10112, 74046, 622704, 5900520, 62118720, 718709040, 9059339520, 123521086080, 1810829260800, 28397649772800, 474281518233600, 8403557607244800, 157429696667443200, 3108814043182848000, 64537726313668608000, 1405033277277966336000]
A001348	Table[2^Prime[n]-1, {n, 20}] (* _Vladimir Joseph Stephan Orlovsky_, Aug 26 2008 *)	[3, 7, 31, 127, 2047, 8191, 131071, 524287, 8388607, 536870911, 2147483647, 137438953471, 2199023255551, 8796093022207, 140737488355327, 9007199254740991, 576460752303423487, 2305843009213693951, 147573952589676412927, 2361183241434822606847]
A001350	a[ n_] := LucasL[n] - 1 - (-1)^n; (* _Michael Somos_, May 18 2015 *)	[0, 1, 1, 4, 5, 11, 16, 29, 45, 76, 121, 199, 320, 521, 841, 1364, 2205, 3571, 5776, 9349, 15125, 24476, 39601, 64079, 103680, 167761, 271441, 439204, 710645, 1149851, 1860496, 3010349, 4870845, 7881196, 12752041, 20633239, 33385280, 54018521, 87403801, 141422324]
A001350	LinearRecurrence[{1, 2, -1, -1}, {0, 1, 1, 4}, 40] (* _Jean-François Alcover_, Jan 07 2019 *)	[0, 1, 1, 4, 5, 11, 16, 29, 45, 76, 121, 199, 320, 521, 841, 1364, 2205, 3571, 5776, 9349, 15125, 24476, 39601, 64079, 103680, 167761, 271441, 439204, 710645, 1149851, 1860496, 3010349, 4870845, 7881196, 12752041, 20633239, 33385280, 54018521, 87403801, 141422324]
A001351	LinearRecurrence[{1, -1, 3, -1, 1, -1}, {0, 1, 3, 1, 3, 11}, 50] (* _Vincenzo Librandi_, Sep 23 2015 *)	[0, 1, 3, 1, 3, 11, 9, 8, 27, 37, 33, 67, 117, 131, 192, 341, 459, 613, 999, 1483, 2013, 3032, 4623, 6533, 9477, 14311, 20829, 30007, 44544, 65657, 95139, 139625, 206091, 300763, 439521, 646888, 948051, 1385429, 2033193, 2983787, 4366197, 6397723, 9387072]
A001352	Join[{1},LinearRecurrence[{4,-1},{6,24},30]] (* _Harvey P. Dale_, Jul 20 2011 *)	[1, 6, 24, 90, 336, 1254, 4680, 17466, 65184, 243270, 907896, 3388314, 12645360, 47193126, 176127144, 657315450, 2453134656, 9155223174, 34167758040, 127515808986, 475895477904, 1776066102630, 6628368932616, 24737409627834, 92321269578720, 344547668687046]
A001353	a[n_] := (MatrixPower[{{1, 2}, {1, 3}}, n].{{1}, {1}})[[2, 1]]; Table[ a[n], {n, 0, 30}] (* _Robert G. Wilson v_, Jan 13 2005 *)	[0, 1, 4, 15, 56, 209, 780, 2911, 10864, 40545, 151316, 564719, 2107560, 7865521, 29354524, 109552575, 408855776, 1525870529, 5694626340, 21252634831, 79315912984, 296011017105, 1104728155436, 4122901604639, 15386878263120, 57424611447841, 214311567528244]
A001353	Table[ChebyshevU[n-1, 2], {n, 0, 30}] (* _Eric W. Weisstein_, Jul 16 2011 *)	[0, 1, 4, 15, 56, 209, 780, 2911, 10864, 40545, 151316, 564719, 2107560, 7865521, 29354524, 109552575, 408855776, 1525870529, 5694626340, 21252634831, 79315912984, 296011017105, 1104728155436, 4122901604639, 15386878263120, 57424611447841, 214311567528244]
A001353	a[0]:=0; a[1]:=1; a[n_]:= a[n]= 4a[n-1] - a[n-2]; Table[a[n], {n, 0, 30}] (* _Alonso del Arte_, Jul 19 2011 *)	[0, 1, 4, 15, 56, 209, 780, 2911, 10864, 40545, 151316, 564719, 2107560, 7865521, 29354524, 109552575, 408855776, 1525870529, 5694626340, 21252634831, 79315912984, 296011017105, 1104728155436, 4122901604639, 15386878263120, 57424611447841, 214311567528244]
A001353	LinearRecurrence[{4, -1}, {0, 1}, 30] (* _Sture Sjöstedt_, Dec 06 2011 *)	[0, 1, 4, 15, 56, 209, 780, 2911, 10864, 40545, 151316, 564719, 2107560, 7865521, 29354524, 109552575, 408855776, 1525870529, 5694626340, 21252634831, 79315912984, 296011017105, 1104728155436, 4122901604639, 15386878263120, 57424611447841, 214311567528244]
A001353	Round@Table[Fibonacci[2n, Sqrt[2]]/Sqrt[2], {n, 0, 30}] (* _Vladimir Reshetnikov_, Sep 15 2016 *)	[0, 1, 4, 15, 56, 209, 780, 2911, 10864, 40545, 151316, 564719, 2107560, 7865521, 29354524, 109552575, 408855776, 1525870529, 5694626340, 21252634831, 79315912984, 296011017105, 1104728155436, 4122901604639, 15386878263120, 57424611447841, 214311567528244]
A001354	a[ n_] := Boole[n == 0] + 7 Fibonacci[2 n]; (* _Michael Somos_, Jun 07 2015 *)	[1, 7, 21, 56, 147, 385, 1008, 2639, 6909, 18088, 47355, 123977, 324576, 849751, 2224677, 5824280, 15248163, 39920209, 104512464, 273617183, 716339085, 1875400072, 4909861131, 12854183321]
A001354	Table[If[n == 0, 1, Fibonacci[2*n+3] + 2*LucasL[2*n-1]], {n, 0, 20}] (* _Rigoberto Florez_, Jul 30 2019 *)	[1, 7, 21, 56, 147, 385, 1008, 2639, 6909, 18088, 47355, 123977, 324576, 849751, 2224677, 5824280, 15248163, 39920209, 104512464, 273617183, 716339085, 1875400072, 4909861131, 12854183321]
A001354	LinearRecurrence[{3,-1},{1,7,21},30] (* _Harvey P. Dale_, Oct 24 2020 *)	[1, 7, 21, 56, 147, 385, 1008, 2639, 6909, 18088, 47355, 123977, 324576, 849751, 2224677, 5824280, 15248163, 39920209, 104512464, 273617183, 716339085, 1875400072, 4909861131, 12854183321]
A001355	Flatten[Transpose[{RealDigits[Pi, 10, 50][[1]], RealDigits[E, 10, 50][[1]]}]]	[3, 2, 1, 7, 4, 1, 1, 8, 5, 2, 9, 8, 2, 1, 6, 8, 5, 2, 3, 8, 5, 4, 8, 5, 9, 9, 7, 0, 9, 4, 3, 5, 2, 2, 3, 3, 8, 5, 4, 3, 6, 6, 2, 0, 6, 2, 4, 8, 3, 7, 3, 4, 8, 7, 3, 1, 2, 3, 7, 5, 9, 2, 5, 6, 0, 6, 2, 2, 8, 4, 8, 9, 4, 7, 1, 7, 9, 5, 7, 7, 1, 2, 6, 4, 9, 7, 3, 0, 9, 9, 9, 3, 3, 6, 7, 9, 5, 9, 1, 9]
A001355	Riffle[RealDigits[Pi, 10, 50][[1]], RealDigits[E, 10, 50][[1]]] (* _Robert G. Wilson v_, Jun 23 2014 *)	[3, 2, 1, 7, 4, 1, 1, 8, 5, 2, 9, 8, 2, 1, 6, 8, 5, 2, 3, 8, 5, 4, 8, 5, 9, 9, 7, 0, 9, 4, 3, 5, 2, 2, 3, 3, 8, 5, 4, 3, 6, 6, 2, 0, 6, 2, 4, 8, 3, 7, 3, 4, 8, 7, 3, 1, 2, 3, 7, 5, 9, 2, 5, 6, 0, 6, 2, 2, 8, 4, 8, 9, 4, 7, 1, 7, 9, 5, 7, 7, 1, 2, 6, 4, 9, 7, 3, 0, 9, 9, 9, 3, 3, 6, 7, 9, 5, 9, 1, 9]
A001357	Table[FromDigits[IntegerDigits[2^n, 9]], {n, 0, 30}] (* _T. D. Noe_, Jun 28 2012 *)	[1, 2, 4, 8, 17, 35, 71, 152, 314, 628, 1357, 2725, 5551, 12212, 24424, 48848, 108807, 218715, 438531, 878162, 1867334, 3845668, 7802447, 16705005, 34511011, 70122022, 150244044, 310488088, 621087187, 1342185385, 2684381781, 5478773672, 12068657454, 24148426018]
A001358	Select[Range[200], Plus@@Last/@FactorInteger[#] == 2 &] (* _Zak Seidov_, Jun 14 2005 *)	[4, 6, 9, 10, 14, 15, 21, 22, 25, 26, 33, 34, 35, 38, 39, 46, 49, 51, 55, 57, 58, 62, 65, 69, 74, 77, 82, 85, 86, 87, 91, 93, 94, 95, 106, 111, 115, 118, 119, 121, 122, 123, 129, 133, 134, 141, 142, 143, 145, 146, 155, 158, 159, 161, 166, 169, 177, 178, 183, 185, 187]
A001359	Select[Prime[Range[253]], PrimeQ[# + 2] &] (* _Robert G. Wilson v_, Jun 09 2005 *)	[3, 5, 11, 17, 29, 41, 59, 71, 101, 107, 137, 149, 179, 191, 197, 227, 239, 269, 281, 311, 347, 419, 431, 461, 521, 569, 599, 617, 641, 659, 809, 821, 827, 857, 881, 1019, 1031, 1049, 1061, 1091, 1151, 1229, 1277, 1289, 1301, 1319, 1427, 1451, 1481, 1487, 1607]
A001359	a[n_] := a[n] = (p = NextPrime[a[n - 1]]; While[!PrimeQ[p + 2], p = NextPrime[p]]; p); a[1] = 3; Table[a[n], {n, 51}]  (* _Jean-François Alcover_, Dec 13 2011, after _R. J. Mathar_ *)	[3, 5, 11, 17, 29, 41, 59, 71, 101, 107, 137, 149, 179, 191, 197, 227, 239, 269, 281, 311, 347, 419, 431, 461, 521, 569, 599, 617, 641, 659, 809, 821, 827, 857, 881, 1019, 1031, 1049, 1061, 1091, 1151, 1229, 1277, 1289, 1301, 1319, 1427, 1451, 1481, 1487, 1607]
A001359	nextLesserTwinPrime[p_Integer] := Block[{q = p + 2}, While[NextPrime@ q - q > 2, q = NextPrime@ q]; q]; NestList[nextLesserTwinPrime@# &, 3, 50] (* _Robert G. Wilson v_, May 20 2014 *)	[3, 5, 11, 17, 29, 41, 59, 71, 101, 107, 137, 149, 179, 191, 197, 227, 239, 269, 281, 311, 347, 419, 431, 461, 521, 569, 599, 617, 641, 659, 809, 821, 827, 857, 881, 1019, 1031, 1049, 1061, 1091, 1151, 1229, 1277, 1289, 1301, 1319, 1427, 1451, 1481, 1487, 1607]
A001359	Select[Partition[Prime[Range[300]],2,1],#[[2]]-#[[1]]==2&][[All,1]] (* _Harvey P. Dale_, Jan 04 2021 *)	[3, 5, 11, 17, 29, 41, 59, 71, 101, 107, 137, 149, 179, 191, 197, 227, 239, 269, 281, 311, 347, 419, 431, 461, 521, 569, 599, 617, 641, 659, 809, 821, 827, 857, 881, 1019, 1031, 1049, 1061, 1091, 1151, 1229, 1277, 1289, 1301, 1319, 1427, 1451, 1481, 1487, 1607]
A001363	Table[FromDigits[IntegerDigits[Prime[n], 3]], {n, 50}] (* _T. D. Noe_, Jun 28 2012 *)	[2, 10, 12, 21, 102, 111, 122, 201, 212, 1002, 1011, 1101, 1112, 1121, 1202, 1222, 2012, 2021, 2111, 2122, 2201, 2221, 10002, 10022, 10121, 10202, 10211, 10222, 11001, 11012, 11201, 11212, 12002, 12011, 12112, 12121, 12211, 20001, 20012, 20102, 20122, 20201]
A001367	f[ 2 ] := 1; f[ n_ ] := Sqrt[ n ]*f[ Sqrt[ n ] ] + n; Table[ f[ 2^2^i ], {i, 0, 7} ]	[1, 6, 40, 896, 294912, 23622320128, 119903836479112085504, 2552117751907038475975309555738261585920, 984232758517187661100353372573847216752794869657944794335389464067261601939456]
A001369	nn = 20; d = Flatten[Table[{1, 2, 3, 4, 5, 6, 7, 8, 9, 1, 0}, {Ceiling[nn (nn + 1)/22]}]]; Table[e = (n + 1) n/2; s = e - n + 1; FromDigits[d[[s ;; e]]], {n, nn}] (* _T. D. Noe_, Apr 05 2011 *)	[1, 23, 456, 7891, 1234, 567891, 123456, 78910123, 456789101, 2345678910, 12345678910, 123456789101, 2345678910123, 45678910123456, 789101234567891, 123456789101234, 56789101234567891, 12345678910123456, 7891012345678910123, 45678910123456789101]
A001370	Table[Total[IntegerDigits[2^n]], {n, 0, 55}] (* _Vincenzo Librandi_, Oct 08 2013 *)	[1, 2, 4, 8, 7, 5, 10, 11, 13, 8, 7, 14, 19, 20, 22, 26, 25, 14, 19, 29, 31, 26, 25, 41, 37, 29, 40, 35, 43, 41, 37, 47, 58, 62, 61, 59, 64, 56, 67, 71, 61, 50, 46, 56, 58, 62, 70, 68, 73, 65, 76, 80, 79, 77, 82, 92, 85, 80, 70, 77]
A001371	a29[n_] := a29[n] = (s = If[OddQ[n], 2^((n-1)/2) , 2^(n/2 - 2) + 2^(n/2 - 1)]; a29[0] = 1; Do[s = s + EulerPhi[d]*2^(n/d)/(2*n), {d, Divisors[n]}]; s); a[n_] := Sum[ MoebiusMu[d]*a29[n/d], {d, Divisors[n]}]; a[0] = 1; Table[ a[n], {n, 0, 34}] (* _Jean-François Alcover_, Oct 04 2011 *)	[1, 2, 1, 2, 3, 6, 8, 16, 24, 42, 69, 124, 208, 378, 668, 1214, 2220, 4110, 7630, 14308, 26931, 50944, 96782, 184408, 352450, 675180, 1296477, 2493680, 4805388, 9272778, 17919558, 34669600, 67156800, 130215996, 252741255, 490984464, 954629662, 1857545298]
A001389	a[1]=2; a[n_] := a[n] = FromDigits@ Flatten@ Table[ {IntegerDigits[ Length[e], 3], e[[1]]}, {e, Split[ IntegerDigits[ a[n - 1]]]}]; Array[a, 11] (* _Giovanni Resta_, Mar 25 2017 *)	[2, 12, 1112, 10112, 11102112, 10110122112, 1110211011222112, 10110122110211022112, 1110211011222110122110222112, 10110122110211022110112221101022112, 11102110112221101221102221102110221101110222112]
A001392	Table[9*Binomial[2n,n-4]/(n+5),{n,4,30}] (* _Harvey P. Dale_, Mar 03 2011 *)	[1, 9, 54, 273, 1260, 5508, 23256, 95931, 389367, 1562275, 6216210, 24582285, 96768360, 379629720, 1485507600, 5801732460, 22626756594, 88152205554, 343176898988, 1335293573130, 5193831553416, 20198233818840, 78542105700240, 305417807763705]
A001399	k = 3; Table[(Apply[Plus, Map[EulerPhi[ # ]Binomial[n/#, k/# ] &, Divisors[GCD[n, k]]]]/n + Binomial[If[OddQ[n], n - 1, n - If[OddQ[k], 2, 0]]/2, If[OddQ[k], k - 1, k]/2])/2, {n, k, 50}] (* _Robert A. Russell_, Sep 27 2004 *)	[1, 1, 2, 3, 4, 5, 7, 8, 10, 12, 14, 16, 19, 21, 24, 27, 30, 33, 37, 40, 44, 48, 52, 56, 61, 65, 70, 75, 80, 85, 91, 96, 102, 108, 114, 120, 127, 133, 140, 147, 154, 161, 169, 176, 184, 192, 200, 208, 217, 225, 234, 243, 252, 261, 271, 280, 290, 300, 310, 320, 331, 341]
A001399	LinearRecurrence[{1,1,0,-1,-1,1},{1,1,2,3,4,5},70] (* _Harvey P. Dale_, Jun 21 2012 *)	[1, 1, 2, 3, 4, 5, 7, 8, 10, 12, 14, 16, 19, 21, 24, 27, 30, 33, 37, 40, 44, 48, 52, 56, 61, 65, 70, 75, 80, 85, 91, 96, 102, 108, 114, 120, 127, 133, 140, 147, 154, 161, 169, 176, 184, 192, 200, 208, 217, 225, 234, 243, 252, 261, 271, 280, 290, 300, 310, 320, 331, 341]
A001399	a[ n_] := With[{m = Abs[n + 3] - 3}, Length[ IntegerPartitions[ m, 3]]]; (* _Michael Somos_, Dec 25 2014 *)	[1, 1, 2, 3, 4, 5, 7, 8, 10, 12, 14, 16, 19, 21, 24, 27, 30, 33, 37, 40, 44, 48, 52, 56, 61, 65, 70, 75, 80, 85, 91, 96, 102, 108, 114, 120, 127, 133, 140, 147, 154, 161, 169, 176, 184, 192, 200, 208, 217, 225, 234, 243, 252, 261, 271, 280, 290, 300, 310, 320, 331, 341]
A001400	LinearRecurrence[{1, 1, 0, 0, -2, 0, 0, 1, 1, -1}, {1, 1, 2, 3, 5, 6, 9, 11, 15, 18}, 80] (* _Vladimir Joseph Stephan Orlovsky_, Feb 17 2012 *)	[1, 1, 2, 3, 5, 6, 9, 11, 15, 18, 23, 27, 34, 39, 47, 54, 64, 72, 84, 94, 108, 120, 136, 150, 169, 185, 206, 225, 249, 270, 297, 321, 351, 378, 411, 441, 478, 511, 551, 588, 632, 672, 720, 764, 816, 864, 920, 972, 1033, 1089, 1154, 1215, 1285, 1350, 1425, 1495]
A001400	a[ n_] := With[{m = n + 5}, Round[ (2 m^3 - 3 m (5 + 3 (-1)^m)) / 288]]; (* _Michael Somos_, Dec 29 2014 *)	[1, 1, 2, 3, 5, 6, 9, 11, 15, 18, 23, 27, 34, 39, 47, 54, 64, 72, 84, 94, 108, 120, 136, 150, 169, 185, 206, 225, 249, 270, 297, 321, 351, 378, 411, 441, 478, 511, 551, 588, 632, 672, 720, 764, 816, 864, 920, 972, 1033, 1089, 1154, 1215, 1285, 1350, 1425, 1495]
A001400	a[ n_] := With[{m = Abs[n + 5] - 5}, Sign[n + 5] Length[ IntegerPartitions[ m, 4]]]; (* _Michael Somos_, Dec 29 2014 *)	[1, 1, 2, 3, 5, 6, 9, 11, 15, 18, 23, 27, 34, 39, 47, 54, 64, 72, 84, 94, 108, 120, 136, 150, 169, 185, 206, 225, 249, 270, 297, 321, 351, 378, 411, 441, 478, 511, 551, 588, 632, 672, 720, 764, 816, 864, 920, 972, 1033, 1089, 1154, 1215, 1285, 1350, 1425, 1495]
A001401	LinearRecurrence[{1,1,0,0,-1,-1,-1,1,1,1,0,0,-1,-1,1},{1,1,2,3,5,7,10,13,18,23,30,37,47,57,70},60] (* _Harvey P. Dale_, Jan 05 2019 *)	[1, 1, 2, 3, 5, 7, 10, 13, 18, 23, 30, 37, 47, 57, 70, 84, 101, 119, 141, 164, 192, 221, 255, 291, 333, 377, 427, 480, 540, 603, 674, 748, 831, 918, 1014, 1115, 1226, 1342, 1469, 1602, 1747, 1898, 2062, 2233, 2418, 2611, 2818, 3034, 3266, 3507, 3765, 4033, 4319]
A001405	Table[Binomial[n, Floor[n/2]], {n, 0, 40}] (* _Stefan Steinerberger_, Apr 08 2006 *)	[1, 1, 2, 3, 6, 10, 20, 35, 70, 126, 252, 462, 924, 1716, 3432, 6435, 12870, 24310, 48620, 92378, 184756, 352716, 705432, 1352078, 2704156, 5200300, 10400600, 20058300, 40116600, 77558760, 155117520, 300540195, 601080390, 1166803110]
A001405	Array[Binomial[#,Floor[#/2]]&,40,0] (* _Harvey P. Dale_, Mar 05 2018 *)	[1, 1, 2, 3, 6, 10, 20, 35, 70, 126, 252, 462, 924, 1716, 3432, 6435, 12870, 24310, 48620, 92378, 184756, 352716, 705432, 1352078, 2704156, 5200300, 10400600, 20058300, 40116600, 77558760, 155117520, 300540195, 601080390, 1166803110]
A001414	a[n_] := Plus @@ Times @@@ FactorInteger@ n; a[1] = 0; Array[a, 78] (* _Ray Chandler_, Nov 12 2005 *)	[0, 2, 3, 4, 5, 5, 7, 6, 6, 7, 11, 7, 13, 9, 8, 8, 17, 8, 19, 9, 10, 13, 23, 9, 10, 15, 9, 11, 29, 10, 31, 10, 14, 19, 12, 10, 37, 21, 16, 11, 41, 12, 43, 15, 11, 25, 47, 11, 14, 12, 20, 17, 53, 11, 16, 13, 22, 31, 59, 12, 61, 33, 13, 12, 18, 16, 67, 21, 26, 14, 71, 12, 73, 39, 13, 23, 18, 18]
A001444	LinearRecurrence[{3,3,-9},{1,2,6},40] (* _Harvey P. Dale_, Dec 30 2012 *)	[1, 2, 6, 15, 45, 126, 378, 1107, 3321, 9882, 29646, 88695, 266085, 797526, 2392578, 7175547, 21526641, 64573362, 193720086, 581140575, 1743421725, 5230206126, 15690618378, 47071677987, 141215033961, 423644570442, 1270933711326, 3812799539655, 11438398618965]
A001445	Table[(2^n + 2^(Floor[n/2]))/2, {n, 2, 50}] (* _G. C. Greubel_, Sep 08 2017 *)	[3, 5, 10, 18, 36, 68, 136, 264, 528, 1040, 2080, 4128, 8256, 16448, 32896, 65664, 131328, 262400, 524800, 1049088, 2098176, 4195328, 8390656, 16779264, 33558528, 67112960, 134225920, 268443648]
A001445	LinearRecurrence[{2,2,-4},{3,5,10},30] (* _Harvey P. Dale_, Sep 12 2021 *)	[3, 5, 10, 18, 36, 68, 136, 264, 528, 1040, 2080, 4128, 8256, 16448, 32896, 65664, 131328, 262400, 524800, 1049088, 2098176, 4195328, 8390656, 16779264, 33558528, 67112960, 134225920, 268443648]
A001448	Table[Binomial[4n,2n],{n,0,20}] (* _Harvey P. Dale_, Apr 26 2014 *)	[1, 6, 70, 924, 12870, 184756, 2704156, 40116600, 601080390, 9075135300, 137846528820, 2104098963720, 32247603683100, 495918532948104, 7648690600760440, 118264581564861424, 1832624140942590534, 28453041475240576740, 442512540276836779204, 6892620648693261354600]
A001449	Table[ Binomial[5n, n], {n, 0, 18} ]	[1, 5, 45, 455, 4845, 53130, 593775, 6724520, 76904685, 886163135, 10272278170, 119653565850, 1399358844975, 16421073515280, 193253756909160, 2280012686716080, 26958221130508525]
A001450	Table[Binomial[5n,2n],{n,0,20}] (* _Harvey P. Dale_, Nov 09 2011 *)	[1, 10, 210, 5005, 125970, 3268760, 86493225, 2319959400, 62852101650, 1715884494940, 47129212243960, 1300853625660225, 36052387482172425, 1002596421878664480, 27963143931814663880, 781879430625942976880, 21910242651571684460050, 615167304833936727234180]
A001451	Table[(5*n)!/((3*n)!*n!*n!), {n, 0, 20}] (* _Vincenzo Librandi_, Sep 04 2012 *)	[1, 20, 1260, 100100, 8817900, 823727520, 79919739900, 7962100660800, 808906548235500, 83426304143982800, 8707404737345073760, 917663774856743842200, 97491279924241456098300, 10427604345391237790688000, 1121786259855036145008408000]
A001453	Array[CatalanNumber, 30, 2] - 1 (* _Jean-François Alcover_, Mar 11 2014 *)	[1, 4, 13, 41, 131, 428, 1429, 4861, 16795, 58785, 208011, 742899, 2674439, 9694844, 35357669, 129644789, 477638699, 1767263189, 6564120419, 24466267019, 91482563639, 343059613649, 1289904147323, 4861946401451, 18367353072151, 69533550916003, 263747951750359]
A001459	Table[(5 n)!/((2 n)! (2 n)!*n!), {n, 0, 12}] (* _Michael De Vlieger_, Feb 07 2017 *)	[1, 30, 3150, 420420, 62355150, 9816086280, 1605660228900, 269764879032000, 46225898052627150, 8042050347997165500, 1415997888807961859400, 251762943910387780962000, 45125969443194371927422500, 8143514687130622653091029120, 1478138194032735032800001630400]
A001460	Table[(5 n)!/((2 n)! (n!)^3), {n, 0, 15}] (* or *)	[1, 60, 18900, 8408400, 4364860500, 2473653742560, 1483630051503600, 925833064837824000, 594927307937311420500, 391004487919622186610000, 261614105944603801295306400, 177601637048592673099585584000, 122027661025630720013771117910000]
A001460	Table[(5 n)!/(n!)^5/Binomial[2 n, n], {n, 0, 15}] (* _Michael De Vlieger_, Jul 18 2016 *)	[1, 60, 18900, 8408400, 4364860500, 2473653742560, 1483630051503600, 925833064837824000, 594927307937311420500, 391004487919622186610000, 261614105944603801295306400, 177601637048592673099585584000, 122027661025630720013771117910000]
A001462	a[1] = 1; a[n_] := a[n] = 1 + a[n - a[a[n - 1]]]; Table[ a[n], {n, 84}] (* _Robert G. Wilson v_, Aug 26 2005 *)	[1, 2, 2, 3, 3, 4, 4, 4, 5, 5, 5, 6, 6, 6, 6, 7, 7, 7, 7, 8, 8, 8, 8, 9, 9, 9, 9, 9, 10, 10, 10, 10, 10, 11, 11, 11, 11, 11, 12, 12, 12, 12, 12, 12, 13, 13, 13, 13, 13, 13, 14, 14, 14, 14, 14, 14, 15, 15, 15, 15, 15, 15, 16, 16, 16, 16, 16, 16, 16, 17, 17, 17, 17, 17, 17, 17, 18, 18, 18, 18, 18, 18, 18, 19]
A001464	a[ n_] := If[ n < 0, 0, HermiteH[ n, Sqrt[1/2]] (-Sqrt[1/2])^n]; (* _Michael Somos_, Jan 24 2014 *)	[1, -1, 0, 2, -2, -6, 16, 20, -132, -28, 1216, -936, -12440, 23672, 138048, -469456, -1601264, 9112560, 18108928, -182135008, -161934624, 3804634784, -404007680, -83297957568, 92590134208, 1906560847424, -4221314202624, -45349267830400, 159324751301248]
A001465	Table[Sum[Binomial[n , 4 i + 2] (4 i + 2)!/(2^(2 i + 1) (2 i + 1)!), {i, 0, Floor[(n - 2)/4]}], {n, 0, 22}] (* _Luis Manuel Rivera Martínez_, May 22 2018 *)	[0, 0, 1, 3, 6, 10, 30, 126, 448, 1296, 4140, 17380, 76296, 296088, 1126216, 4940040, 23904000, 110455936, 489602448, 2313783216, 11960299360, 61878663840, 309644323296, 1587272962528, 8699800221696, 48793502304000, 268603261201600, 1487663739072576]
A001468	Table[Floor[GoldenRatio*(n + 1)] - Floor[GoldenRatio*n], {n, 0, 80}] (* Joseph Biberstine (jrbibers(AT)indiana.edu), Aug 14 2006 *)	[1, 2, 1, 2, 2, 1, 2, 1, 2, 2, 1, 2, 2, 1, 2, 1, 2, 2, 1, 2, 1, 2, 2, 1, 2, 2, 1, 2, 1, 2, 2, 1, 2, 2, 1, 2, 1, 2, 2, 1, 2, 1, 2, 2, 1, 2, 2, 1, 2, 1, 2, 2, 1, 2, 1, 2, 2, 1, 2, 2, 1, 2, 1, 2, 2, 1, 2, 2, 1, 2, 1, 2, 2, 1, 2, 1, 2, 2, 1, 2, 2, 1, 2, 1, 2, 2, 1, 2, 2, 1, 2, 1, 2]
A001468	Nest[ Flatten[# /. {1 -> {1, 2}, 2 -> {1, 2, 2}}] &, {1}, 6] (* _Robert G. Wilson v_, May 20 2014 and corrected Apr 24 2017 following Clark Kimberling's email of Mar 22 2017 *)	[1, 2, 1, 2, 2, 1, 2, 1, 2, 2, 1, 2, 2, 1, 2, 1, 2, 2, 1, 2, 1, 2, 2, 1, 2, 2, 1, 2, 1, 2, 2, 1, 2, 2, 1, 2, 1, 2, 2, 1, 2, 1, 2, 2, 1, 2, 2, 1, 2, 1, 2, 2, 1, 2, 1, 2, 2, 1, 2, 2, 1, 2, 1, 2, 2, 1, 2, 2, 1, 2, 1, 2, 2, 1, 2, 1, 2, 2, 1, 2, 2, 1, 2, 1, 2, 2, 1, 2, 2, 1, 2, 1, 2]
A001469	a[n_] := 2*(1-4^n)*BernoulliB[2n]; Table[a[n], {n, 17}] (* _Jean-François Alcover_, Nov 24 2011 *)	[-1, 1, -3, 17, -155, 2073, -38227, 929569, -28820619, 1109652905, -51943281731, 2905151042481, -191329672483963, 14655626154768697, -1291885088448017715, 129848163681107301953, -14761446733784164001387, 1884515541728818675112649, -268463531464165471482681379]
A001469	a[n_] := 2*n*EulerE[2*n-1, 0]; Table[a[n], {n, 17}] (* _Jean-François Alcover_, Jul 02 2013 *)	[-1, 1, -3, 17, -155, 2073, -38227, 929569, -28820619, 1109652905, -51943281731, 2905151042481, -191329672483963, 14655626154768697, -1291885088448017715, 129848163681107301953, -14761446733784164001387, 1884515541728818675112649, -268463531464165471482681379]
A001471	nxt[{n_,a_,b_,c_}]:={n+1,b,c,c+(1+a)(n-1)(n-2)}; NestList[nxt,{3,0,0,0},25][[;;,2]] (* _Harvey P. Dale_, Mar 09 2024 *)	[0, 0, 0, 2, 8, 20, 80, 350, 1232, 5768, 31040, 142010, 776600, 4874012, 27027728, 168369110, 1191911840, 7678566800, 53474964992, 418199988338, 3044269834280, 23364756531620, 199008751634000, 1605461415071822]
A001475	Fold[Append[#1, #1[[-1]] + #2 #1[[-2]]] &, {1, 2}, Range[3, 26]] (* _Michael De Vlieger_, Jan 23 2018 *)	[1, 2, 5, 13, 38, 116, 382, 1310, 4748, 17848, 70076, 284252, 1195240, 5174768, 23103368, 105899656, 498656912, 2404850720, 11879332048, 59976346448, 309442319456, 1628921941312, 8746095288800, 47840221880288, 266492604100288, 1510338372987776]
A001477	Table[n, {n, 0, 100}] (* _Stefan Steinerberger_, Apr 08 2006 *)	[0, 1, 2, 3, 4, 5, 6, 7, 8, 9, 10, 11, 12, 13, 14, 15, 16, 17, 18, 19, 20, 21, 22, 23, 24, 25, 26, 27, 28, 29, 30, 31, 32, 33, 34, 35, 36, 37, 38, 39, 40, 41, 42, 43, 44, 45, 46, 47, 48, 49, 50, 51, 52, 53, 54, 55, 56, 57, 58, 59, 60, 61, 62, 63, 64, 65, 66, 67, 68, 69, 70, 71, 72, 73, 74, 75, 76, 77]
A001477	LinearRecurrence[{2, -1}, {0, 1}, 77] (* _Robert G. Wilson v_, May 23 2013 *)	[0, 1, 2, 3, 4, 5, 6, 7, 8, 9, 10, 11, 12, 13, 14, 15, 16, 17, 18, 19, 20, 21, 22, 23, 24, 25, 26, 27, 28, 29, 30, 31, 32, 33, 34, 35, 36, 37, 38, 39, 40, 41, 42, 43, 44, 45, 46, 47, 48, 49, 50, 51, 52, 53, 54, 55, 56, 57, 58, 59, 60, 61, 62, 63, 64, 65, 66, 67, 68, 69, 70, 71, 72, 73, 74, 75, 76, 77]
A001478	Table[ -n, {n, 1, 50}] (* _Stefan Steinerberger_, Apr 01 2006 *)	[-1, -2, -3, -4, -5, -6, -7, -8, -9, -10, -11, -12, -13, -14, -15, -16, -17, -18, -19, -20, -21, -22, -23, -24, -25, -26, -27, -28, -29, -30, -31, -32, -33, -34, -35, -36, -37, -38, -39, -40, -41, -42, -43, -44, -45, -46, -47, -48, -49, -50, -51, -52, -53, -54, -55, -56, -57, -58, -59, -60, -61, -62, -63, -64, -65]
A001478	Range[-1, -65, -1] (* _Alonso del Arte_, Oct 06 2013 *)	[-1, -2, -3, -4, -5, -6, -7, -8, -9, -10, -11, -12, -13, -14, -15, -16, -17, -18, -19, -20, -21, -22, -23, -24, -25, -26, -27, -28, -29, -30, -31, -32, -33, -34, -35, -36, -37, -38, -39, -40, -41, -42, -43, -44, -45, -46, -47, -48, -49, -50, -51, -52, -53, -54, -55, -56, -57, -58, -59, -60, -61, -62, -63, -64, -65]
A001489	Table[ -n, {n, 0, 50}] (* _Stefan Steinerberger_, Apr 01 2006 *)	[0, -1, -2, -3, -4, -5, -6, -7, -8, -9, -10, -11, -12, -13, -14, -15, -16, -17, -18, -19, -20, -21, -22, -23, -24, -25, -26, -27, -28, -29, -30, -31, -32, -33, -34, -35, -36, -37, -38, -39, -40, -41, -42, -43, -44, -45, -46, -47, -48, -49, -50, -51, -52, -53, -54, -55, -56, -57, -58, -59, -60, -61, -62, -63, -64, -65]
A001496	LinearRecurrence[{10,-45,120,-210,252,-210,120,-45,10,-1},{1,24,282,2008,10147,40176,132724,381424,981541,2309384},30] (* _Harvey P. Dale_, Jul 12 2017 *)	[1, 24, 282, 2008, 10147, 40176, 132724, 381424, 981541, 2309384, 5045326, 10356424, 20158151, 37478624, 66952936, 115479776, 193077449, 313981688, 498033282, 772409528, 1173759851, 1750812624, 2567527260, 3706873040]
A001497	m = 9; Flatten[ Table[(n + k)!/(2^k*k!*(n - k)!), {n, 0, m}, {k, n, 0, -1}]] (* _Jean-François Alcover_, Sep 20 2011 *)	[1, 1, 1, 3, 3, 1, 15, 15, 6, 1, 105, 105, 45, 10, 1, 945, 945, 420, 105, 15, 1, 10395, 10395, 4725, 1260, 210, 21, 1, 135135, 135135, 62370, 17325, 3150, 378, 28, 1, 2027025, 2027025, 945945, 270270, 51975, 6930, 630, 36, 1, 34459425, 34459425, 16216200, 4729725, 945945, 135135, 13860, 990, 45, 1]
A001498	max=50; Flatten[Table[(n+k)!/(2^k*(n-k)!*k!), {n, 0, Sqrt[2 max]//Ceiling}, {k, 0, n}]][[1 ;; max]] (* _Jean-François Alcover_, Mar 20 2011 *)	[1, 1, 1, 1, 3, 3, 1, 6, 15, 15, 1, 10, 45, 105, 105, 1, 15, 105, 420, 945, 945, 1, 21, 210, 1260, 4725, 10395, 10395, 1, 28, 378, 3150, 17325, 62370, 135135, 135135, 1, 36, 630, 6930, 51975, 270270, 945945, 2027025, 2027025, 1, 45, 990, 13860, 135135, 945945, 4729725, 16216200, 34459425, 34459425]
A001504	Table[(3*n+1)*(3*n+2),{n,50}] (* _Vladimir Joseph Stephan Orlovsky_, Jan 22 2012 *)	[2, 20, 56, 110, 182, 272, 380, 506, 650, 812, 992, 1190, 1406, 1640, 1892, 2162, 2450, 2756, 3080, 3422, 3782, 4160, 4556, 4970, 5402, 5852, 6320, 6806, 7310, 7832, 8372, 8930, 9506, 10100, 10712, 11342, 11990, 12656, 13340, 14042, 14762, 15500, 16256, 17030]
A001505	Table[(4n+1)(4n+2)(4n+3),{n,0,49}] (* _Vladimir Joseph Stephan Orlovsky_, Jan 22 2012 *)	[6, 210, 990, 2730, 5814, 10626, 17550, 26970, 39270, 54834, 74046, 97290, 124950, 157410, 195054, 238266, 287430, 342930, 405150, 474474, 551286, 635970, 728910, 830490, 941094, 1061106, 1190910, 1330890, 1481430, 1642914, 1815726, 2000250, 2196870, 2405970]
A001510	(* a5 = A002715 *) a5[n_?OddQ] := a5[n] = 2*a5[n-1] + 1; a5[n_?EvenQ] := a5[n] = (a5[n-1]^2 - 3)/2; a5[0] = 3; a[n_] := a5[2*n - 4] + 1; a[0] = 1; a[1] = 2; Table[a[n], {n, 0, 8}] (* _Jean-François Alcover_, Jan 25 2013, after _R. J. Mathar_ *)	[1, 2, 4, 24, 1104, 2435424, 11862575248704, 281441383062305809756861824, 158418504200047111075388369241884118003210485743490304]
A001511	Array[ If[ Mod[ #, 2] == 0, FactorInteger[ # ][[1, 2]], 0] &, 105] + 1 (* or *)	[1, 2, 1, 3, 1, 2, 1, 4, 1, 2, 1, 3, 1, 2, 1, 5, 1, 2, 1, 3, 1, 2, 1, 4, 1, 2, 1, 3, 1, 2, 1, 6, 1, 2, 1, 3, 1, 2, 1, 4, 1, 2, 1, 3, 1, 2, 1, 5, 1, 2, 1, 3, 1, 2, 1, 4, 1, 2, 1, 3, 1, 2, 1, 7, 1, 2, 1, 3, 1, 2, 1, 4, 1, 2, 1, 3, 1, 2, 1, 5, 1, 2, 1, 3, 1, 2, 1, 4, 1, 2, 1, 3, 1, 2, 1, 6, 1, 2, 1, 3, 1, 2, 1, 4, 1]
A001511	Nest[ Flatten[ # /. a_Integer -> {1, a + 1}] &, {1}, 7] (* _Robert G. Wilson v_, Mar 04 2005 *)	[1, 2, 1, 3, 1, 2, 1, 4, 1, 2, 1, 3, 1, 2, 1, 5, 1, 2, 1, 3, 1, 2, 1, 4, 1, 2, 1, 3, 1, 2, 1, 6, 1, 2, 1, 3, 1, 2, 1, 4, 1, 2, 1, 3, 1, 2, 1, 5, 1, 2, 1, 3, 1, 2, 1, 4, 1, 2, 1, 3, 1, 2, 1, 7, 1, 2, 1, 3, 1, 2, 1, 4, 1, 2, 1, 3, 1, 2, 1, 5, 1, 2, 1, 3, 1, 2, 1, 4, 1, 2, 1, 3, 1, 2, 1, 6, 1, 2, 1, 3, 1, 2, 1, 4, 1]
A001512	Table[Times@@(5n+{1,2,3,4}),{n,0,30}] (* _Harvey P. Dale_, Jul 15 2019 *)	[24, 3024, 24024, 93024, 255024, 570024, 1113024, 1974024, 3258024, 5085024, 7590024, 10923024, 15249024, 20748024, 27615024, 36060024, 46308024, 58599024, 73188024, 90345024, 110355024, 133518024, 160149024, 190578024, 225150024, 264225024, 308178024]
A001513	a[n_] := (6*n + 1)*(6*n + 5); Array[a, 40, 0] (* _Amiram Eldar_, Feb 19 2023 *)	[5, 77, 221, 437, 725, 1085, 1517, 2021, 2597, 3245, 3965, 4757, 5621, 6557, 7565, 8645, 9797, 11021, 12317, 13685, 15125, 16637, 18221, 19877, 21605, 23405, 25277, 27221, 29237, 31325, 33485, 35717, 38021, 40397, 42845, 45365, 47957, 50621, 53357, 56165, 59045]
A001519	Fibonacci /@ (2Range[29] - 1) (* _Robert G. Wilson v_, Oct 05 2005 *)	[1, 1, 2, 5, 13, 34, 89, 233, 610, 1597, 4181, 10946, 28657, 75025, 196418, 514229, 1346269, 3524578, 9227465, 24157817, 63245986, 165580141, 433494437, 1134903170, 2971215073, 7778742049, 20365011074, 53316291173, 139583862445, 365435296162, 956722026041]
A001519	LinearRecurrence[{3, -1}, {1, 1}, 29] (* _Robert G. Wilson v_, Jun 28 2012 *)	[1, 1, 2, 5, 13, 34, 89, 233, 610, 1597, 4181, 10946, 28657, 75025, 196418, 514229, 1346269, 3524578, 9227465, 24157817, 63245986, 165580141, 433494437, 1134903170, 2971215073, 7778742049, 20365011074, 53316291173, 139583862445, 365435296162, 956722026041]
A001519	a[ n_] := With[{c = Sqrt[5]/2}, ChebyshevT[2 n - 1, c]/c]; (* _Michael Somos_, Jul 08 2014 *)	[1, 1, 2, 5, 13, 34, 89, 233, 610, 1597, 4181, 10946, 28657, 75025, 196418, 514229, 1346269, 3524578, 9227465, 24157817, 63245986, 165580141, 433494437, 1134903170, 2971215073, 7778742049, 20365011074, 53316291173, 139583862445, 365435296162, 956722026041]
A001520	Table[(6n+1)(6n+3)(6n+5), {n, 0, 50}] (* _Wesley Ivan Hurt_, Mar 10 2014 *)	[15, 693, 3315, 9177, 19575, 35805, 59163, 90945, 132447, 184965, 249795, 328233, 421575, 531117, 658155, 803985, 969903, 1157205, 1367187, 1601145, 1860375, 2146173, 2459835, 2802657, 3175935, 3580965, 4019043, 4491465, 4999527, 5544525, 6127755, 6750513]
A001521	With[{c=Sqrt[2]},Table[Floor[c^(n-1)+c^(n-2)],{n,1,50}]] (* _Harvey P. Dale_, May 11 2011 *)	[1, 2, 3, 4, 6, 9, 13, 19, 27, 38, 54, 77, 109, 154, 218, 309, 437, 618, 874, 1236, 1748, 2472, 3496, 4944, 6992, 9888, 13984, 19777, 27969, 39554, 55938, 79108, 111876, 158217, 223753, 316435, 447507, 632871, 895015, 1265743, 1790031, 2531486, 3580062, 5062972]
A001525	Table[(3 n)!/(3! n!), {n, 20}] (* _Harvey P. Dale_, May 25 2011 *)	[1, 60, 10080, 3326400, 1816214400, 1482030950400, 1689515283456000, 2564684200286208000, 5001134190558105600000, 12182762888199545241600000, 36255902355281846639001600000, 129433571408356192501235712000000, 545950804200446419970212233216000000]
A001526	a[n_] := (7*n + 1)*(7*n + 6); Array[a, 40, 0] (* _Amiram Eldar_, Feb 19 2023 *)	[6, 104, 300, 594, 986, 1476, 2064, 2750, 3534, 4416, 5396, 6474, 7650, 8924, 10296, 11766, 13334, 15000, 16764, 18626, 20586, 22644, 24800, 27054, 29406, 31856, 34404, 37050, 39794, 42636, 45576, 48614, 51750, 54984, 58316, 61746, 65274, 68900, 72624, 76446]
A001527	Table[2*Sum[Binomial[2^n - 1, i], {i, 0, n}], {n, 0, 15}] (* _Harvey P. Dale_, Mar 27 2011 *)	[2, 4, 14, 128, 3882, 412736, 151223522, 189581406208, 820064805806914, 12419746847290729472, 668590083306794321516802, 129667782549203712117025325056, 91624448643446654575608517356620802, 238057970008583161105667221977375792447488]
A001533	a[n_] := (8 n + 1)*(8 n + 7); Array[a, 40, 0] (* _Amiram Eldar_, Sep 08 2022 *)	[7, 135, 391, 775, 1287, 1927, 2695, 3591, 4615, 5767, 7047, 8455, 9991, 11655, 13447, 15367, 17415, 19591, 21895, 24327, 26887, 29575, 32391, 35335, 38407, 41607, 44935, 48391, 51975, 55687, 59527, 63495, 67591, 71815, 76167, 80647, 85255, 89991, 94855]
A001533	LinearRecurrence[{3,-3,1},{7,135,391},40] (* _Harvey P. Dale_, Jan 07 2023 *)	[7, 135, 391, 775, 1287, 1927, 2695, 3591, 4615, 5767, 7047, 8455, 9991, 11655, 13447, 15367, 17415, 19591, 21895, 24327, 26887, 29575, 32391, 35335, 38407, 41607, 44935, 48391, 51975, 55687, 59527, 63495, 67591, 71815, 76167, 80647, 85255, 89991, 94855]
A001536	Table[(11*n + 1)*(11*n + 10), {n, 0, 40}] (* _Amiram Eldar_, Feb 20 2023 *)	[10, 252, 736, 1462, 2430, 3640, 5092, 6786, 8722, 10900, 13320, 15982, 18886, 22032, 25420, 29050, 32922, 37036, 41392, 45990, 50830, 55912, 61236, 66802, 72610, 78660, 84952, 91486, 98262, 105280, 112540, 120042, 127786, 135772, 144000, 152470, 161182]
A001541	a[ n_] := ChebyshevT[ n, 3]; (* _Michael Somos_, Jul 11 2011 *)	[1, 3, 17, 99, 577, 3363, 19601, 114243, 665857, 3880899, 22619537, 131836323, 768398401, 4478554083, 26102926097, 152139002499, 886731088897, 5168247530883, 30122754096401, 175568277047523, 1023286908188737, 5964153172084899, 34761632124320657]
A001541	LinearRecurrence[{6, -1}, {1, 3}, 50] (* _Vladimir Joseph Stephan Orlovsky_, Feb 12 2012 *)	[1, 3, 17, 99, 577, 3363, 19601, 114243, 665857, 3880899, 22619537, 131836323, 768398401, 4478554083, 26102926097, 152139002499, 886731088897, 5168247530883, 30122754096401, 175568277047523, 1023286908188737, 5964153172084899, 34761632124320657]
A001542	LinearRecurrence[{6, -1}, {0, 2}, 30] (* _Harvey P. Dale_, Jun 11 2011 *)	[0, 2, 12, 70, 408, 2378, 13860, 80782, 470832, 2744210, 15994428, 93222358, 543339720, 3166815962, 18457556052, 107578520350, 627013566048, 3654502875938, 21300003689580, 124145519261542, 723573111879672]
A001542	Fibonacci[2*Range[0,20], 2] (* _G. C. Greubel_, Dec 23 2019 *)	[0, 2, 12, 70, 408, 2378, 13860, 80782, 470832, 2744210, 15994428, 93222358, 543339720, 3166815962, 18457556052, 107578520350, 627013566048, 3654502875938, 21300003689580, 124145519261542, 723573111879672]
A001542	Table[2 ChebyshevU[-1 + n, 3], {n, 0, 20}] (* _Herbert Kociemba_, Jun 05 2022 *)	[0, 2, 12, 70, 408, 2378, 13860, 80782, 470832, 2744210, 15994428, 93222358, 543339720, 3166815962, 18457556052, 107578520350, 627013566048, 3654502875938, 21300003689580, 124145519261542, 723573111879672]
A001543	Join[{1},NestList[#(#-5)+5&,6,10]] (* _Harvey P. Dale_, Oct 10 2016 *)	[1, 6, 11, 71, 4691, 21982031, 483209576974811, 233491495280173380882643611671, 54518278368171228201482876236565907627201914279213829353891]
A001546	Table[Times@@(8n + {1, 3, 5, 7}), {n, 0, 30}] (* _Harvey P. Dale_, Jan 09 2011 *)	[105, 19305, 156009, 606825, 1666665, 3728745, 7284585, 12924009, 21335145, 33304425, 49716585, 71554665, 99900009, 135932265, 180929385, 236267625, 303421545, 383964009, 479566185, 591997545, 723125865, 874917225, 1049436009, 1248844905, 1475404905]
A001550	Table[1^n + 2^n + 3^n, {n, 0, 30}]	[3, 6, 14, 36, 98, 276, 794, 2316, 6818, 20196, 60074, 179196, 535538, 1602516, 4799354, 14381676, 43112258, 129271236, 387682634, 1162785756, 3487832978, 10462450356, 31385253914, 94151567436, 282446313698, 847322163876]
A001550	Total[Range[3]^#]&/@Range[0,30] (* _Harvey P. Dale_, Sep 23 2019 *)	[3, 6, 14, 36, 98, 276, 794, 2316, 6818, 20196, 60074, 179196, 535538, 1602516, 4799354, 14381676, 43112258, 129271236, 387682634, 1162785756, 3487832978, 10462450356, 31385253914, 94151567436, 282446313698, 847322163876]
A001551	Table[Total[Range[4]^n], {n, 0, 40}] (* _T. D. Noe_, Oct 10 2011 *)	[4, 10, 30, 100, 354, 1300, 4890, 18700, 72354, 282340, 1108650, 4373500, 17312754, 68711380, 273234810, 1088123500, 4338079554, 17309140420, 69107159370, 276040692700, 1102999460754, 4408508961460, 17623571298330, 70462895745100, 281757423024354]
A001552	Table[Total[Range[5]^n], {n, 0, 40}] (* _T. D. Noe_, Oct 10 2011 *)	[5, 15, 55, 225, 979, 4425, 20515, 96825, 462979, 2235465, 10874275, 53201625, 261453379, 1289414505, 6376750435, 31605701625, 156925970179, 780248593545, 3883804424995, 19349527020825, 96470431101379, 481245667164585, 2401809362313955, 11991391850823225]
A001553	Table[Total[Range[6]^n], {n, 0, 40}] (* _T. D. Noe_, Oct 10 2011 *)	[6, 21, 91, 441, 2275, 12201, 67171, 376761, 2142595, 12313161, 71340451, 415998681, 2438235715, 14350108521, 84740914531, 501790686201, 2978035877635, 17706908038281, 105443761093411, 628709267031321, 3752628871164355, 22418196307542441, 134023513204581091]
A001554	Table[Total[Range[7]^n], {n, 0, 20}]	[7, 28, 140, 784, 4676, 29008, 184820, 1200304, 7907396, 52666768, 353815700, 2393325424, 16279522916, 111239118928, 762963987380, 5249352196144, 36210966447236, 250337422025488, 1733857359003860, 12027604452404464, 83544895168776356, 580964060390826448]
A001555	Table[Total[Range[8]^n], {n, 0, 20}] (* _T. D. Noe_, Aug 09 2012 *)	[8, 36, 204, 1296, 8772, 61776, 446964, 3297456, 24684612, 186884496, 1427557524, 10983260016, 84998999652, 660994932816, 5161010498484, 40433724284976, 317685943157892, 2502137235710736, 19748255868485844, 156142792528260336, 1236466399775623332]
A001556	Table[Total[Range[9]^n], {n, 0, 20}] (* _T. D. Noe_, Aug 09 2012 *)	[9, 45, 285, 2025, 15333, 120825, 978405, 8080425, 67731333, 574304985, 4914341925, 42364319625, 367428536133, 3202860761145, 28037802953445, 246324856379625, 2170706132009733, 19179318935377305, 169842891165484965, 1506994510201252425]
A001557	Table[Total[Range[10]^n], {n, 0, 20}] (* _T. D. Noe_, Aug 09 2012 *)	[10, 55, 385, 3025, 25333, 220825, 1978405, 18080425, 167731333, 1574304985, 14914341925, 142364319625, 1367428536133, 13202860761145, 128037802953445, 1246324856379625, 12170706132009733, 119179318935377305, 1169842891165484965, 11506994510201252425]
A001559	nn = 20; a[-2] = 0; a[-1] = 0; a[0] = 1; a[1] = 4; Do[a[n] = (a[n - 1]*(11*n + 35) - a[n - 2]*(8*n + 2) - a[n - 3]*(15*n + 7) - a[n - 4]*(4*n - 2))/(2*n + 10), {n, 2, nn}]; Table[a[n], {n, 0, nn}] (* _T. D. Noe_, May 09 2012 *)	[1, 4, 15, 54, 193, 690, 2476, 8928, 32358, 117866, 431381, 1585842, 5853849, 21690378, 80650536, 300845232, 1125555054, 4222603968, 15881652606, 59873283372, 226214536506, 856431978324, 3248562071800, 12344168149224, 46984664348488, 179114048943078]
A001561	Table[(7*n+3)*(7*n+5)*(7*n+6), {n, 0, 40}] (* _T. D. Noe_, Aug 09 2012 *)	[90, 1560, 6460, 16848, 34782, 62320, 101520, 154440, 223138, 309672, 416100, 544480, 696870, 875328, 1081912, 1318680, 1587690, 1891000, 2230668, 2608752, 3027310, 3488400, 3994080, 4546408, 5147442, 5799240, 6503860, 7263360, 8079798, 8955232, 9891720]
A001561	LinearRecurrence[{4,-6,4,-1},{90,1560,6460,16848},40] (* _Harvey P. Dale_, Sep 26 2021 *)	[90, 1560, 6460, 16848, 34782, 62320, 101520, 154440, 223138, 309672, 416100, 544480, 696870, 875328, 1081912, 1318680, 1587690, 1891000, 2230668, 2608752, 3027310, 3488400, 3994080, 4546408, 5147442, 5799240, 6503860, 7263360, 8079798, 8955232, 9891720]
A001563	Table[n!n,{n,0,25}] (* _Harvey P. Dale_, Oct 03 2011 *)	[0, 1, 4, 18, 96, 600, 4320, 35280, 322560, 3265920, 36288000, 439084800, 5748019200, 80951270400, 1220496076800, 19615115520000, 334764638208000, 6046686277632000, 115242726703104000, 2311256907767808000, 48658040163532800000, 1072909785605898240000]
A001565	Table[(n^3 +3*n^2 +5*n +2) n!, {n, 0, 20}] (* _T. D. Noe_, Aug 09 2012 *)	[2, 11, 64, 426, 3216, 27240, 256320, 2656080, 30078720, 369774720, 4906137600, 69894316800, 1064341555200, 17255074636800, 296754903244800, 5396772116736000, 103484118786048000, 2086818140639232000, 44150769074700288000, 977904962186600448000]
A001566	NestList[#^2-2&,3,10] (* _Harvey P. Dale_, Dec 17 2014 *)	[3, 7, 47, 2207, 4870847, 23725150497407, 562882766124611619513723647, 316837008400094222150776738483768236006420971486980607]
A001566	Table[LucasL[2^n], {n, 1, 8}] (* _Amiram Eldar_, Oct 22 2020 *)	[3, 7, 47, 2207, 4870847, 23725150497407, 562882766124611619513723647, 316837008400094222150776738483768236006420971486980607]
A001570	LinearRecurrence[{14, -1}, {1, 13}, 19] (* _Jean-François Alcover_, Sep 26 2017 *)	[1, 13, 181, 2521, 35113, 489061, 6811741, 94875313, 1321442641, 18405321661, 256353060613, 3570537526921, 49731172316281, 692665874901013, 9647591076297901, 134373609193269601, 1871582937629476513, 26067787517619401581, 363077442309042145621]
A001571	a[0]=0; a[1]=2; a[n_]:= a[n]= 4a[n-1] -a[n-2] +1; Table[a[n], {n, 0, 24}] (* _Robert G. Wilson v_, Apr 24 2004 *)	[0, 2, 9, 35, 132, 494, 1845, 6887, 25704, 95930, 358017, 1336139, 4986540, 18610022, 69453549, 259204175, 967363152, 3610248434, 13473630585, 50284273907, 187663465044, 700369586270, 2613814880037, 9754889933879, 36405744855480, 135868089488042]
A001571	Table[(ChebyshevU[n,2] +ChebyshevU[n-1,2] -1)/2, {n,0,30}] (* _G. C. Greubel_, Feb 02 2022 *)	[0, 2, 9, 35, 132, 494, 1845, 6887, 25704, 95930, 358017, 1336139, 4986540, 18610022, 69453549, 259204175, 967363152, 3610248434, 13473630585, 50284273907, 187663465044, 700369586270, 2613814880037, 9754889933879, 36405744855480, 135868089488042]
A001576	Table[1^n + 2^n + 4^n, {n, 0, 24}]	[3, 7, 21, 73, 273, 1057, 4161, 16513, 65793, 262657, 1049601, 4196353, 16781313, 67117057, 268451841, 1073774593, 4295032833, 17180000257, 68719738881, 274878431233, 1099512676353, 4398048608257, 17592190238721, 70368752566273, 281474993487873, 1125899940397057]
A001579	Table[3^n + 5^n + 6^n, {n, 0, 20}]	[3, 14, 70, 368, 2002, 11144, 63010, 360248, 2076802, 12050504, 70290850, 411802328, 2421454402, 14282991464, 84472462690, 500716911608, 2973740844802, 17689728038024, 105375041354530, 628434388600088]
A001579	LinearRecurrence[{14,-63,90},{3,14,70},20] (* _Harvey P. Dale_, Jun 17 2021 *)	[3, 14, 70, 368, 2002, 11144, 63010, 360248, 2076802, 12050504, 70290850, 411802328, 2421454402, 14282991464, 84472462690, 500716911608, 2973740844802, 17689728038024, 105375041354530, 628434388600088]
A001580	LinearRecurrence[{5,-9,7,-2},{1,3,8,17},30] (* _Harvey P. Dale_, Jan 05 2020 *)	[1, 3, 8, 17, 32, 57, 100, 177, 320, 593, 1124, 2169, 4240, 8361, 16580, 32993, 65792, 131361, 262468, 524649, 1048976, 2097593, 4194788, 8389137, 16777792, 33555057, 67109540, 134218457, 268436240]
A001585	Table[3^n+n^3,{n,0,3*4!}] (* _Vladimir Joseph Stephan Orlovsky_, May 07 2010 *)	[1, 4, 17, 54, 145, 368, 945, 2530, 7073, 20412, 60049, 178478, 533169, 1596520, 4785713, 14352282, 43050817, 129145076, 387426321, 1162268326, 3486792401, 10460362464, 31381070257, 94143190994, 282429550305, 847288625068]
A001586	Table[Abs[Numerator[EulerE[n,1/4]]],{n,0,35}] (* _Harvey P. Dale_, May 18 2011 *)	[1, 1, 3, 11, 57, 361, 2763, 24611, 250737, 2873041, 36581523, 512343611, 7828053417, 129570724921, 2309644635483, 44110959165011, 898621108880097, 19450718635716001, 445777636063460643, 10784052561125704811, 274613643571568682777, 7342627959965776406281]
A001588	Fibonacci[Range[0,100]]*2+1 (* _Vladimir Joseph Stephan Orlovsky_, Mar 19 2010 *)	[1, 3, 3, 5, 7, 11, 17, 27, 43, 69, 111, 179, 289, 467, 755, 1221, 1975, 3195, 5169, 8363, 13531, 21893, 35423, 57315, 92737, 150051, 242787, 392837, 635623, 1028459, 1664081, 2692539, 4356619, 7049157, 11405775, 18454931, 29860705, 48315635]
A001589	Table[4^n + n^4, {n, 0, 40}] (* _Vladimir Joseph Stephan Orlovsky_, Feb 14 2011 *)	[1, 5, 32, 145, 512, 1649, 5392, 18785, 69632, 268705, 1058576, 4208945, 16797952, 67137425, 268473872, 1073792449, 4295032832, 17179952705, 68719581712, 274878037265, 1099511787776, 4398046705585, 17592186278672]
A001589	LinearRecurrence[{9,-30,50,-45,21,-4},{1,5,32,145,512,1649},30] (* _Harvey P. Dale_, Mar 06 2023 *)	[1, 5, 32, 145, 512, 1649, 5392, 18785, 69632, 268705, 1058576, 4208945, 16797952, 67137425, 268473872, 1073792449, 4295032832, 17179952705, 68719581712, 274878037265, 1099511787776, 4398046705585, 17592186278672]
A001590	LinearRecurrence[{1,1,1}, {0,1,0}, 50] (* _Vladimir Joseph Stephan Orlovsky_, Jan 28 2012 *)	[0, 1, 0, 1, 2, 3, 6, 11, 20, 37, 68, 125, 230, 423, 778, 1431, 2632, 4841, 8904, 16377, 30122, 55403, 101902, 187427, 344732, 634061, 1166220, 2145013, 3945294, 7256527, 13346834, 24548655, 45152016, 83047505, 152748176, 280947697, 516743378, 950439251]
A001591	a[0] = a[1] = a[2] = a[3] = 0; a[4] = a[5] = 1; a[n_] := a[n] = 2 a[n - 1] - a[n - 6]; Array[a, 37, 0]	[0, 0, 0, 0, 1, 1, 2, 4, 8, 16, 31, 61, 120, 236, 464, 912, 1793, 3525, 6930, 13624, 26784, 52656, 103519, 203513, 400096, 786568, 1546352, 3040048, 5976577, 11749641, 23099186, 45411804, 89277256, 175514464, 345052351, 678355061, 1333610936, 2621810068]
A001591	LinearRecurrence[{1, 1, 1, 1, 1}, {0, 0, 0, 0, 1}, 50] (* _Vladimir Joseph Stephan Orlovsky_, May 25 2011 *)	[0, 0, 0, 0, 1, 1, 2, 4, 8, 16, 31, 61, 120, 236, 464, 912, 1793, 3525, 6930, 13624, 26784, 52656, 103519, 203513, 400096, 786568, 1546352, 3040048, 5976577, 11749641, 23099186, 45411804, 89277256, 175514464, 345052351, 678355061, 1333610936, 2621810068]
A001592	a[0] = a[1] = a[2] = a[3] = a[4] = 0; a[5] = a[6] = 1; a[n_] := a[n] = 2 a[n - 1] - a[n - 7]; Array[a, 36]	[0, 0, 0, 0, 0, 1, 1, 2, 4, 8, 16, 32, 63, 125, 248, 492, 976, 1936, 3840, 7617, 15109, 29970, 59448, 117920, 233904, 463968, 920319, 1825529, 3621088, 7182728, 14247536, 28261168, 56058368, 111196417, 220567305, 437513522, 867844316, 1721441096, 3414621024]
A001592	LinearRecurrence[{1, 1, 1, 1, 1, 1}, {0, 0, 0, 0, 0, 1}, 50] (* _Vladimir Joseph Stephan Orlovsky_, May 25 2011 *)	[0, 0, 0, 0, 0, 1, 1, 2, 4, 8, 16, 32, 63, 125, 248, 492, 976, 1936, 3840, 7617, 15109, 29970, 59448, 117920, 233904, 463968, 920319, 1825529, 3621088, 7182728, 14247536, 28261168, 56058368, 111196417, 220567305, 437513522, 867844316, 1721441096, 3414621024]
A001593	f[n_]:=5^n+n^5;f[Range[0,40]] (* _Vladimir Joseph Stephan Orlovsky_, Feb 14 2011 *)	[1, 6, 57, 368, 1649, 6250, 23401, 94932, 423393, 2012174, 9865625, 48989176, 244389457, 1221074418, 6104053449, 30518337500, 152588939201, 762940872982, 3814699155193, 19073488804224, 95367434840625, 476837162287226, 2384185796169257, 11920928961514468]
A001593	LinearRecurrence[{11,-45,95,-115,81,-31,5},{1,6,57,368,1649,6250,23401},30] (* _Harvey P. Dale_, Jan 15 2018 *)	[1, 6, 57, 368, 1649, 6250, 23401, 94932, 423393, 2012174, 9865625, 48989176, 244389457, 1221074418, 6104053449, 30518337500, 152588939201, 762940872982, 3814699155193, 19073488804224, 95367434840625, 476837162287226, 2384185796169257, 11920928961514468]
A001594	LinearRecurrence[{13,-63,161,-245,231,-133,43,-6},{1,7,100,945,5392,23401,93312,397585},20] (* _Harvey P. Dale_, Jan 07 2023 *)	[1, 7, 100, 945, 5392, 23401, 93312, 397585, 1941760, 10609137, 61466176, 364568617, 2179768320, 13065520825, 78371693632, 470196375201, 2821126684672, 16926683582305, 101559990680640, 609359787056377]
A001595	Join[{1, 3}, Table[a[1]=1; a[2]=3; a[i]=a[i-1]+a[i-2]+1, {i, 3, 40} ] ]	[1, 1, 3, 5, 9, 15, 25, 41, 67, 109, 177, 287, 465, 753, 1219, 1973, 3193, 5167, 8361, 13529, 21891, 35421, 57313, 92735, 150049, 242785, 392835, 635621, 1028457, 1664079, 2692537, 4356617, 7049155, 11405773, 18454929, 29860703, 48315633, 78176337]
A001595	Table[2*Fibonacci[n+1]-1, {n,0,40}] (* _Vladimir Joseph Stephan Orlovsky_, Oct 13 2009; modified by _G. C. Greubel_, Jul 10 2019 *)	[1, 1, 3, 5, 9, 15, 25, 41, 67, 109, 177, 287, 465, 753, 1219, 1973, 3193, 5167, 8361, 13529, 21891, 35421, 57313, 92735, 150049, 242785, 392835, 635621, 1028457, 1664079, 2692537, 4356617, 7049155, 11405773, 18454929, 29860703, 48315633, 78176337]
A001596	f[n_]:=7^n+n^7;f[Range[0,40]] (* _Vladimir Joseph Stephan Orlovsky_, Feb 14 2011 *)	[1, 8, 177, 2530, 18785, 94932, 397585, 1647086, 7861953, 45136576, 292475249, 1996813914, 13877119009, 96951758924, 678328486353, 4747732369318, 33233199005057, 232630924325880, 1628414210130481]
A001596	LinearRecurrence[{15,-84,252,-462,546,-420,204,-57,7},{1,8,177,2530,18785,94932,397585,1647086,7861953},20] (* _Harvey P. Dale_, Sep 16 2018 *)	[1, 8, 177, 2530, 18785, 94932, 397585, 1647086, 7861953, 45136576, 292475249, 1996813914, 13877119009, 96951758924, 678328486353, 4747732369318, 33233199005057, 232630924325880, 1628414210130481]
A001601	Join[{1},NestList[2#^2-1&,3,7]]  (* _Harvey P. Dale_, Mar 24 2011 *)	[1, 3, 17, 577, 665857, 886731088897, 1572584048032918633353217, 4946041176255201878775086487573351061418968498177]
A001603	5 #^2 - 5 # + 1 &@ Fibonacci@ # & /@ Range[1, 43, 2] (* _Michael De Vlieger_, Apr 03 2017 *)	[1, 11, 101, 781, 5611, 39161, 270281, 1857451, 12744061, 87382901, 599019851, 4105974961, 28143378001, 192899171531, 1322154751061, 9062194370461, 62113232767531, 425730505493801, 2918000490238361, 20000273409331051, 137083914639998701, 939587132382262661]
A001604	5 #^2 + 5 # + 1 &@ Fibonacci@ # & /@ Range[1, 45, 2] (* _Michael De Vlieger_, Apr 03 2017 *)	[11, 31, 151, 911, 5951, 40051, 272611, 1863551, 12760031, 87424711, 599129311, 4106261531, 28144128251, 192901135711, 1322159893351, 9062207833151, 62113268013311, 425730597768451, 2918000731816531, 20000274041790911, 137083916295800111, 939587136717207031, 6440026032054760351]
A001607	LinearRecurrence[{-1,-2},{0,1},60] (* _Harvey P. Dale_, Aug 21 2011 *)	[0, 1, -1, -1, 3, -1, -5, 7, 3, -17, 11, 23, -45, -1, 91, -89, -93, 271, -85, -457, 627, 287, -1541, 967, 2115, -4049, -181, 8279, -7917, -8641, 24475, -7193, -41757, 56143, 27371, -139657, 84915, 194399, -364229, -24569, 753027, -703889]
A001608	LinearRecurrence[{0, 1, 1}, {3, 0, 2}, 50] (* _Harvey P. Dale_, Jun 26 2011 *)	[3, 0, 2, 3, 2, 5, 5, 7, 10, 12, 17, 22, 29, 39, 51, 68, 90, 119, 158, 209, 277, 367, 486, 644, 853, 1130, 1497, 1983, 2627, 3480, 4610, 6107, 8090, 10717, 14197, 18807, 24914, 33004, 43721, 57918, 76725, 101639, 134643, 178364, 236282, 313007]
A001609	Table[Tr[MatrixPower[{{0, 0, 1}, {1, 0, 0}, {0, 1, 1}}, n]], {n, 1, 60}] (* _Artur Jasinski_, Jan 10 2007 *)	[1, 1, 4, 5, 6, 10, 15, 21, 31, 46, 67, 98, 144, 211, 309, 453, 664, 973, 1426, 2090, 3063, 4489, 6579, 9642, 14131, 20710, 30352, 44483, 65193, 95545, 140028, 205221, 300766, 440794, 646015, 946781, 1387575, 2033590, 2980371, 4367946, 6401536, 9381907]
A001609	LinearRecurrence[{1, 0, 1}, {1, 1, 4}, 50] (* _Vincenzo Librandi_, Jun 28 2015 *)	[1, 1, 4, 5, 6, 10, 15, 21, 31, 46, 67, 98, 144, 211, 309, 453, 664, 973, 1426, 2090, 3063, 4489, 6579, 9642, 14131, 20710, 30352, 44483, 65193, 95545, 140028, 205221, 300766, 440794, 646015, 946781, 1387575, 2033590, 2980371, 4367946, 6401536, 9381907]
A001610	t = {0, 2}; Do[AppendTo[t, t[[-1]] + t[[-2]] + 1], {n, 2, 40}]; t	[0, 2, 3, 6, 10, 17, 28, 46, 75, 122, 198, 321, 520, 842, 1363, 2206, 3570, 5777, 9348, 15126, 24475, 39602, 64078, 103681, 167760, 271442, 439203, 710646, 1149850, 1860497, 3010348, 4870846, 7881195, 12752042, 20633238, 33385281, 54018520]
A001610	Table[Fibonacci[n] + Fibonacci[n + 2] - 1, {n, 0, 40}] (* _Eric W. Weisstein_, Feb 13 2018 *)	[0, 2, 3, 6, 10, 17, 28, 46, 75, 122, 198, 321, 520, 842, 1363, 2206, 3570, 5777, 9348, 15126, 24475, 39602, 64078, 103681, 167760, 271442, 439203, 710646, 1149850, 1860497, 3010348, 4870846, 7881195, 12752042, 20633238, 33385281, 54018520]
A001610	LinearRecurrence[{2, 0, -1}, {2, 3, 6}, 20] (* _Eric W. Weisstein_, Feb 13 2018 *)	[0, 2, 3, 6, 10, 17, 28, 46, 75, 122, 198, 321, 520, 842, 1363, 2206, 3570, 5777, 9348, 15126, 24475, 39602, 64078, 103681, 167760, 271442, 439203, 710646, 1149850, 1860497, 3010348, 4870846, 7881195, 12752042, 20633238, 33385281, 54018520]
A001610	Table[LucasL[n] - 1, {n, 20}] (* _Eric W. Weisstein_, Aug 01 2023 *)	[0, 2, 3, 6, 10, 17, 28, 46, 75, 122, 198, 321, 520, 842, 1363, 2206, 3570, 5777, 9348, 15126, 24475, 39602, 64078, 103681, 167760, 271442, 439203, 710646, 1149850, 1860497, 3010348, 4870846, 7881195, 12752042, 20633238, 33385281, 54018520]
A001610	LucasL[Range[20]] - 1 (* _Eric W. Weisstein_, Aug 01 2023 *)	[0, 2, 3, 6, 10, 17, 28, 46, 75, 122, 198, 321, 520, 842, 1363, 2206, 3570, 5777, 9348, 15126, 24475, 39602, 64078, 103681, 167760, 271442, 439203, 710646, 1149850, 1860497, 3010348, 4870846, 7881195, 12752042, 20633238, 33385281, 54018520]
A001611	Fibonacci[Range[0,50]]+1  (* _Harvey P. Dale_, Mar 23 2011 *)	[1, 2, 2, 3, 4, 6, 9, 14, 22, 35, 56, 90, 145, 234, 378, 611, 988, 1598, 2585, 4182, 6766, 10947, 17712, 28658, 46369, 75026, 121394, 196419, 317812, 514230, 832041, 1346270, 2178310, 3524579, 5702888, 9227466, 14930353, 24157818, 39088170, 63245987, 102334156]
A001612	Join[{b=3},a=0;Table[c=a+b-1;a=b;b=c,{n,100}]] (* _Vladimir Joseph Stephan Orlovsky_, Mar 15 2011 *)	[3, 2, 4, 5, 8, 12, 19, 30, 48, 77, 124, 200, 323, 522, 844, 1365, 2208, 3572, 5779, 9350, 15128, 24477, 39604, 64080, 103683, 167762, 271444, 439205, 710648, 1149852, 1860499, 3010350, 4870848, 7881197, 12752044, 20633240, 33385283, 54018522]
A001612	Table[Fibonacci[n] + Fibonacci[n - 2] + 1, {n, 20}] (* _Eric W. Weisstein_, Mar 31 2017 *)	[3, 2, 4, 5, 8, 12, 19, 30, 48, 77, 124, 200, 323, 522, 844, 1365, 2208, 3572, 5779, 9350, 15128, 24477, 39604, 64080, 103683, 167762, 271444, 439205, 710648, 1149852, 1860499, 3010350, 4870848, 7881197, 12752044, 20633240, 33385283, 54018522]
A001613	Table[FromDigits[DeleteCases[IntegerDigits[n], _?(OddQ[#] &)]], {n, 0, 100}] (* _T. D. Noe_, Aug 09 2012 *)	[0, 0, 2, 0, 4, 0, 6, 0, 8, 0, 0, 0, 2, 0, 4, 0, 6, 0, 8, 0, 20, 2, 22, 2, 24, 2, 26, 2, 28, 2, 0, 0, 2, 0, 4, 0, 6, 0, 8, 0, 40, 4, 42, 4, 44, 4, 46, 4, 48, 4, 0, 0, 2, 0, 4, 0, 6, 0, 8, 0, 60, 6, 62, 6, 64, 6, 66, 6, 68, 6, 0, 0, 2, 0, 4, 0, 6, 0, 8, 0, 80, 8]
A001614	row[n_] := 2*Range[n+1]+n^2-1; Table[row[n], {n, 0, 11}] // Flatten (* _Jean-François Alcover_, Oct 25 2013 *)	[1, 2, 4, 5, 7, 9, 10, 12, 14, 16, 17, 19, 21, 23, 25, 26, 28, 30, 32, 34, 36, 37, 39, 41, 43, 45, 47, 49, 50, 52, 54, 56, 58, 60, 62, 64, 65, 67, 69, 71, 73, 75, 77, 79, 81, 82, 84, 86, 88, 90, 92, 94, 96, 98, 100, 101, 103, 105, 107, 109, 111, 113, 115, 117, 119, 121, 122]
A001615	a[ n_] := If[ n < 1, 0, n Sum[ MoebiusMu[ d]^2 / d, {d, Divisors @ n}]]; (* _Michael Somos_, Jan 10 2015 *)	[1, 3, 4, 6, 6, 12, 8, 12, 12, 18, 12, 24, 14, 24, 24, 24, 18, 36, 20, 36, 32, 36, 24, 48, 30, 42, 36, 48, 30, 72, 32, 48, 48, 54, 48, 72, 38, 60, 56, 72, 42, 96, 44, 72, 72, 72, 48, 96, 56, 90, 72, 84, 54, 108, 72, 96, 80, 90, 60, 144, 62, 96, 96, 96, 84, 144, 68, 108, 96]
A001616	a[ n_] := If[ n < 1, 0, Sum[ EulerPhi[ GCD[ d, n/d]], {d, Divisors@n}]]; (* _Michael Somos_, May 08 2015 *)	[1, 2, 2, 3, 2, 4, 2, 4, 4, 4, 2, 6, 2, 4, 4, 6, 2, 8, 2, 6, 4, 4, 2, 8, 6, 4, 6, 6, 2, 8, 2, 8, 4, 4, 4, 12, 2, 4, 4, 8, 2, 8, 2, 6, 8, 4, 2, 12, 8, 12, 4, 6, 2, 12, 4, 8, 4, 4, 2, 12, 2, 4, 8, 12, 4, 8, 2, 6, 4, 8, 2, 16, 2, 4, 12, 6, 4, 8, 2, 12, 12, 4, 2, 12, 4, 4, 4, 8, 2, 16, 4, 6, 4, 4, 4, 16]
A001617	a[ n_] := If[ n < 1, 0, 1 + Sum[ MoebiusMu[ d]^2 n/d / 12 - EulerPhi[ GCD[ d, n/d]] / 2, {d, Divisors @n}] - Count[(#^2 - # + 1)/n & /@ Range[n], _?IntegerQ]/3 - Count[ (#^2 + 1)/n & /@ Range[n], _?IntegerQ]/4]; (* _Michael Somos_, May 08 2015 *)	[0, 0, 0, 0, 0, 0, 0, 0, 0, 0, 1, 0, 0, 1, 1, 0, 1, 0, 1, 1, 1, 2, 2, 1, 0, 2, 1, 2, 2, 3, 2, 1, 3, 3, 3, 1, 2, 4, 3, 3, 3, 5, 3, 4, 3, 5, 4, 3, 1, 2, 5, 5, 4, 4, 5, 5, 5, 6, 5, 7, 4, 7, 5, 3, 5, 9, 5, 7, 7, 9, 6, 5, 5, 8, 5, 8, 7, 11, 6, 7, 4, 9, 7, 11, 7, 10, 9, 9, 7, 11, 7, 10, 9, 11, 9, 9, 7, 7, 9, 7, 8, 15]
A001618	Join[{0}, Table[Floor[2*n*Log[n] + 1/2], {n, 60}]] (* _T. D. Noe_, Aug 09 2012 *)	[0, 0, 3, 7, 11, 16, 22, 27, 33, 40, 46, 53, 60, 67, 74, 81, 89, 96, 104, 112, 120, 128, 136, 144, 153, 161, 169, 178, 187, 195, 204, 213, 222, 231, 240, 249, 258, 267, 276, 286, 295, 305, 314, 323, 333, 343, 352, 362, 372, 381, 391, 401, 411, 421, 431, 441]
A001620	RealDigits[ EulerGamma, 10, 105][[1]] (* _Robert G. Wilson v_, Nov 01 2004 *)	[5, 7, 7, 2, 1, 5, 6, 6, 4, 9, 0, 1, 5, 3, 2, 8, 6, 0, 6, 0, 6, 5, 1, 2, 0, 9, 0, 0, 8, 2, 4, 0, 2, 4, 3, 1, 0, 4, 2, 1, 5, 9, 3, 3, 5, 9, 3, 9, 9, 2, 3, 5, 9, 8, 8, 0, 5, 7, 6, 7, 2, 3, 4, 8, 8, 4, 8, 6, 7, 7, 2, 6, 7, 7, 7, 6, 6, 4, 6, 7, 0, 9, 3, 6, 9, 4, 7, 0, 6, 3, 2, 9, 1, 7, 4, 6, 7, 4, 9]
A001621	a[n_]:=Sum[i+i^3, {i, 1, n}]; (* _Vladimir Joseph Stephan Orlovsky_, Dec 05 2008 *)	[0, 2, 12, 42, 110, 240, 462, 812, 1332, 2070, 3080, 4422, 6162, 8372, 11130, 14520, 18632, 23562, 29412, 36290, 44310, 53592, 64262, 76452, 90300, 105950, 123552, 143262, 165242, 189660, 216690, 246512, 279312, 315282, 354620, 397530, 444222, 494912, 549822]
A001621	Array[# (# + 1) (#^2 + # + 2)/4 &, 39, 0] (* or *)	[0, 2, 12, 42, 110, 240, 462, 812, 1332, 2070, 3080, 4422, 6162, 8372, 11130, 14520, 18632, 23562, 29412, 36290, 44310, 53592, 64262, 76452, 90300, 105950, 123552, 143262, 165242, 189660, 216690, 246512, 279312, 315282, 354620, 397530, 444222, 494912, 549822]
A001621	LinearRecurrence[{5, -10, 10, -5, 1}, {0, 2, 12, 42, 110}, 39] (* _Robert G. Wilson v_, Aug 05 2018 *)	[0, 2, 12, 42, 110, 240, 462, 812, 1332, 2070, 3080, 4422, 6162, 8372, 11130, 14520, 18632, 23562, 29412, 36290, 44310, 53592, 64262, 76452, 90300, 105950, 123552, 143262, 165242, 189660, 216690, 246512, 279312, 315282, 354620, 397530, 444222, 494912, 549822]
A001622	RealDigits[ Exp[ ArcSinh[1/2]], 10, 111][[1]] (* _Robert G. Wilson v_, Mar 01 2008 *)	[1, 6, 1, 8, 0, 3, 3, 9, 8, 8, 7, 4, 9, 8, 9, 4, 8, 4, 8, 2, 0, 4, 5, 8, 6, 8, 3, 4, 3, 6, 5, 6, 3, 8, 1, 1, 7, 7, 2, 0, 3, 0, 9, 1, 7, 9, 8, 0, 5, 7, 6, 2, 8, 6, 2, 1, 3, 5, 4, 4, 8, 6, 2, 2, 7, 0, 5, 2, 6, 0, 4, 6, 2, 8, 1, 8, 9, 0, 2, 4, 4, 9, 7, 0, 7, 2, 0, 7, 2, 0, 4, 1, 8, 9, 3, 9, 1, 1, 3, 7, 4, 8, 4, 7, 5]
A001622	RealDigits[GoldenRatio,10,120][[1]] (* _Harvey P. Dale_, Oct 28 2015 *)	[1, 6, 1, 8, 0, 3, 3, 9, 8, 8, 7, 4, 9, 8, 9, 4, 8, 4, 8, 2, 0, 4, 5, 8, 6, 8, 3, 4, 3, 6, 5, 6, 3, 8, 1, 1, 7, 7, 2, 0, 3, 0, 9, 1, 7, 9, 8, 0, 5, 7, 6, 2, 8, 6, 2, 1, 3, 5, 4, 4, 8, 6, 2, 2, 7, 0, 5, 2, 6, 0, 4, 6, 2, 8, 1, 8, 9, 0, 2, 4, 4, 9, 7, 0, 7, 2, 0, 7, 2, 0, 4, 1, 8, 9, 3, 9, 1, 1, 3, 7, 4, 8, 4, 7, 5]
A001628	LinearRecurrence[{3, 0, -5, 0, 3, 1}, {1, 3, 9, 22, 51, 111}, 20]	[1, 3, 9, 22, 51, 111, 233, 474, 942, 1836, 3522, 6666, 12473, 23109, 42447, 77378, 140109, 252177, 451441, 804228, 1426380, 2519640, 4434420, 7777860, 13599505, 23709783, 41225349, 71501422, 123723351, 213619683, 368080793, 633011454, 1086665562, 1862264196]
A001629	LinearRecurrence[{2,1,-2,-1}, {0,0,1,2}, 40] (* _Harvey P. Dale_, Aug 26 2013 *)	[0, 0, 1, 2, 5, 10, 20, 38, 71, 130, 235, 420, 744, 1308, 2285, 3970, 6865, 11822, 20284, 34690, 59155, 100610, 170711, 289032, 488400, 823800, 1387225, 2332418, 3916061, 6566290, 10996580, 18394910, 30737759, 51310978, 85573315, 142587180, 237387960, 394905492]
A001630	a=0; b=0; c=1; d=2; lst={a, b, c, d}; Do[e=a+b+c+d; AppendTo[lst, e]; a=b; b=c; c=d; d=e, {n, 4!}]; lst (* _Vladimir Joseph Stephan Orlovsky_, Sep 30 2008 *)	[0, 0, 1, 2, 3, 6, 12, 23, 44, 85, 164, 316, 609, 1174, 2263, 4362, 8408, 16207, 31240, 60217, 116072, 223736, 431265, 831290, 1602363, 3088654, 5953572, 11475879, 22120468, 42638573, 82188492, 158423412, 305370945, 588621422, 1134604271, 2187020050]
A001630	LinearRecurrence[{1,1,1,1},{0,0,1,2},40] (* _Harvey P. Dale_, Aug 25 2013 *)	[0, 0, 1, 2, 3, 6, 12, 23, 44, 85, 164, 316, 609, 1174, 2263, 4362, 8408, 16207, 31240, 60217, 116072, 223736, 431265, 831290, 1602363, 3088654, 5953572, 11475879, 22120468, 42638573, 82188492, 158423412, 305370945, 588621422, 1134604271, 2187020050]
A001631	LinearRecurrence[{1, 1, 1, 1}, {0, 0, 1, 0}, 100] (* _Vladimir Joseph Stephan Orlovsky_, Jul 01 2011 *)	[0, 0, 1, 0, 1, 2, 4, 7, 14, 27, 52, 100, 193, 372, 717, 1382, 2664, 5135, 9898, 19079, 36776, 70888, 136641, 263384, 507689, 978602, 1886316, 3635991, 7008598, 13509507, 26040412, 50194508, 96753025, 186497452, 359485397, 692930382, 1335666256, 2574579487]
A001633	Select[Range[0, 145], OddQ[Length[IntegerDigits[#]]] &] (* _T. D. Noe_, Aug 09 2012 *)	[0, 1, 2, 3, 4, 5, 6, 7, 8, 9, 100, 101, 102, 103, 104, 105, 106, 107, 108, 109, 110, 111, 112, 113, 114, 115, 116, 117, 118, 119, 120, 121, 122, 123, 124, 125, 126, 127, 128, 129, 130, 131, 132, 133, 134, 135, 136, 137, 138, 139, 140, 141, 142, 143, 144, 145]
A001635	LinearRecurrence[{1, 1, 0, 0, 0, -1}, {0, 2, 3, 6, 10, 11}, 50] (* _T. D. Noe_, Aug 09 2012 *)	[0, 2, 3, 6, 10, 11, 21, 30, 48, 72, 110, 171, 260, 401, 613, 942, 1445, 2216, 3401, 5216, 8004, 12278, 18837, 28899, 44335, 68018, 104349, 160089, 245601, 376791, 578057, 886830, 1360538, 2087279, 3202216, 4912704, 7536863, 11562737, 17739062, 27214520]
A001636	LinearRecurrence[{1, 1, 0, 0, 0, 0, -1}, {0, 2, 3, 6, 10, 17, 21}, 50] (* _T. D. Noe_, Aug 09 2012 *)	[0, 2, 3, 6, 10, 17, 21, 38, 57, 92, 143, 225, 351, 555, 868, 1366, 2142, 3365, 5282, 8296, 13023, 20451, 32108, 50417, 79160, 124295, 195159, 306431, 481139, 755462, 1186184, 1862486, 2924375, 4591702, 7209646, 11320209, 17774393, 27908418, 43820325]
A001638	LinearRecurrence[{1, 0, 1, 1}, {4, 1, 1, 4}, 50] (* _T. D. Noe_, Aug 09 2012 *)	[4, 1, 1, 4, 9, 11, 16, 29, 49, 76, 121, 199, 324, 521, 841, 1364, 2209, 3571, 5776, 9349, 15129, 24476, 39601, 64079, 103684, 167761, 271441, 439204, 710649, 1149851, 1860496, 3010349, 4870849, 7881196, 12752041, 20633239, 33385284, 54018521, 87403801]
A001638	Table[LucasL[n] + 2 Cos[n Pi/2], {n, 0, 20}] (* _Eric W. Weisstein_, Apr 10 2018 *)	[4, 1, 1, 4, 9, 11, 16, 29, 49, 76, 121, 199, 324, 521, 841, 1364, 2209, 3571, 5776, 9349, 15129, 24476, 39601, 64079, 103684, 167761, 271441, 439204, 710649, 1149851, 1860496, 3010349, 4870849, 7881196, 12752041, 20633239, 33385284, 54018521, 87403801]
A001639	LinearRecurrence[{1,0,1,1,1}, {1,1,4,9,16}, 30] (* _G. C. Greubel_, Jan 09 2018 *)	[1, 1, 4, 9, 16, 22, 36, 65, 112, 186, 309, 522, 885, 1492, 2509, 4225, 7124, 12010, 20236, 34094, 57453, 96823, 163163, 274946, 463316, 780755, 1315687, 2217112, 3736129, 6295887, 10609441, 17878369, 30127497, 50768954, 85552651, 144167958, 242942778]
A001640	LinearRecurrence[{1, 0, 1, 1, 1, 1}, {1, 1, 4, 9, 16, 28}, 50] (* _T. D. Noe_, Aug 09 2012 *)	[1, 1, 4, 9, 16, 28, 43, 73, 130, 226, 386, 660, 1132, 1947, 3349, 5753, 9878, 16966, 29147, 50074, 86020, 147764, 253829, 436036, 749041, 1286728, 2210377, 3797047, 6522681, 11204863, 19248056, 33064889, 56799857, 97572504, 167612993, 287930658, 494615964]
A001641	LinearRecurrence[{1, 1, 0, 1}, {1, 3, 4, 11}, 50] (* _T. D. Noe_, Aug 09 2012 *)	[1, 3, 4, 11, 16, 30, 50, 91, 157, 278, 485, 854, 1496, 2628, 4609, 8091, 14196, 24915, 43720, 76726, 134642, 236283, 414645, 727654, 1276941, 2240878, 3932464, 6900996, 12110401, 21252275, 37295140, 65448411, 114853952, 201554638, 353703730, 620706779]
A001642	LinearRecurrence[{1, 1, 0, 1, 1}, {1, 3, 4, 11, 21}, 50] (* _T. D. Noe_, Aug 09 2012 *)	[1, 3, 4, 11, 21, 36, 64, 115, 211, 383, 694, 1256, 2276, 4126, 7479, 13555, 24566, 44523, 80694, 146251, 265066, 480406, 870689, 1578040, 2860046, 5183558, 9394699, 17026986, 30859771, 55930361, 101368389, 183720435, 332975581, 603486148, 1093760479]
A001643	LinearRecurrence[{1, 1, 0, 1, 1, 1}, {1, 3, 4, 11, 21, 42}, 50] (* _T. D. Noe_, Aug 09 2012 *)	[1, 3, 4, 11, 21, 42, 71, 131, 238, 443, 815, 1502, 2757, 5071, 9324, 17155, 31553, 58038, 106743, 196331, 361106, 664183, 1221623, 2246918, 4132721, 7601259, 13980892, 25714875, 47297029, 86992802, 160004703, 294294531, 541292030, 995591267, 1831177831]
A001644	a[x_]:= a[x] = a[x-1] +a[x-2] +a[x-3]; a[0] = 3; a[1] = 1; a[2] = 3; Array[a, 40, 0]	[3, 1, 3, 7, 11, 21, 39, 71, 131, 241, 443, 815, 1499, 2757, 5071, 9327, 17155, 31553, 58035, 106743, 196331, 361109, 664183, 1221623, 2246915, 4132721, 7601259, 13980895, 25714875, 47297029, 86992799, 160004703, 294294531, 541292033, 995591267, 1831177831]
A001644	LinearRecurrence[{1, 1, 1}, {3, 1, 3}, 40] (* _Vladimir Joseph Stephan Orlovsky_, Feb 08 2012 *)	[3, 1, 3, 7, 11, 21, 39, 71, 131, 241, 443, 815, 1499, 2757, 5071, 9327, 17155, 31553, 58035, 106743, 196331, 361109, 664183, 1221623, 2246915, 4132721, 7601259, 13980895, 25714875, 47297029, 86992799, 160004703, 294294531, 541292033, 995591267, 1831177831]
A001645	LinearRecurrence[{1, 1, 1, 0, 1}, {1, 3, 7, 11, 26}, 50] (* _T. D. Noe_, Aug 09 2012 *)	[1, 3, 7, 11, 26, 45, 85, 163, 304, 578, 1090, 2057, 3888, 7339, 13862, 26179, 49437, 93366, 176321, 332986, 628852, 1187596, 2242800, 4235569, 7998951, 15106172, 28528288, 53876211, 101746240, 192149690, 362878313, 685302531, 1294206745, 2444133829]
A001648	LinearRecurrence[{1, 1, 1, 1}, {1, 3, 7, 15}, 60] (* _Vladimir Joseph Stephan Orlovsky_, Feb 08 2012 *)	[1, 3, 7, 15, 26, 51, 99, 191, 367, 708, 1365, 2631, 5071, 9775, 18842, 36319, 70007, 134943, 260111, 501380, 966441, 1862875, 3590807, 6921503, 13341626, 25716811, 49570747, 95550687, 184179871, 355018116, 684319421, 1319068095, 2542585503, 4900991135]
A001649	LinearRecurrence[{1, 1, 1, 1, 0, 1}, {1, 3, 7, 15, 26, 57}, 50] (* _T. D. Noe_, Aug 09 2012 *)	[1, 3, 7, 15, 26, 57, 106, 207, 403, 788, 1530, 2985, 5812, 11322, 22052, 42959, 83675, 162993, 317491, 618440, 1204651, 2346534, 4570791, 8903409, 17342876, 33782050, 65803777, 128178646, 249678140, 486346022, 947349461, 1845334319, 3594511719, 7001720167]
A001650	Flatten[Table[Table[n,{n}],{n,1,17,2}]] (* _Harvey P. Dale_, Mar 31 2013 *)	[1, 3, 3, 3, 5, 5, 5, 5, 5, 7, 7, 7, 7, 7, 7, 7, 9, 9, 9, 9, 9, 9, 9, 9, 9, 11, 11, 11, 11, 11, 11, 11, 11, 11, 11, 11, 13, 13, 13, 13, 13, 13, 13, 13, 13, 13, 13, 13, 13, 15, 15, 15, 15, 15, 15, 15, 15, 15, 15, 15, 15, 15, 15, 15, 17, 17, 17, 17, 17, 17, 17, 17, 17, 17, 17, 17, 17]
A001651	Drop[Range[200 + 1], {1, -1, 3}] - 1 (* _József Konczer_, May 24 2016 *)	[1, 2, 4, 5, 7, 8, 10, 11, 13, 14, 16, 17, 19, 20, 22, 23, 25, 26, 28, 29, 31, 32, 34, 35, 37, 38, 40, 41, 43, 44, 46, 47, 49, 50, 52, 53, 55, 56, 58, 59, 61, 62, 64, 65, 67, 68, 70, 71, 73, 74, 76, 77, 79, 80, 82, 83, 85, 86, 88, 89, 91, 92, 94, 95, 97, 98, 100, 101, 103, 104]
A001651	Floor[(3 Range[70] - 1)/2] (* _Eric W. Weisstein_, Apr 24 2017 *)	[1, 2, 4, 5, 7, 8, 10, 11, 13, 14, 16, 17, 19, 20, 22, 23, 25, 26, 28, 29, 31, 32, 34, 35, 37, 38, 40, 41, 43, 44, 46, 47, 49, 50, 52, 53, 55, 56, 58, 59, 61, 62, 64, 65, 67, 68, 70, 71, 73, 74, 76, 77, 79, 80, 82, 83, 85, 86, 88, 89, 91, 92, 94, 95, 97, 98, 100, 101, 103, 104]
A001651	LinearRecurrence[{1, 1, -1}, {1, 2, 4}, 70] (* _Robert G. Wilson v_, Jul 25 2018 *)	[1, 2, 4, 5, 7, 8, 10, 11, 13, 14, 16, 17, 19, 20, 22, 23, 25, 26, 28, 29, 31, 32, 34, 35, 37, 38, 40, 41, 43, 44, 46, 47, 49, 50, 52, 53, 55, 56, 58, 59, 61, 62, 64, 65, 67, 68, 70, 71, 73, 74, 76, 77, 79, 80, 82, 83, 85, 86, 88, 89, 91, 92, 94, 95, 97, 98, 100, 101, 103, 104]
A001652	LinearRecurrence[{7,-7,1}, {0,3,20}, 30] (* _Harvey P. Dale_, Aug 19 2011 *)	[0, 3, 20, 119, 696, 4059, 23660, 137903, 803760, 4684659, 27304196, 159140519, 927538920, 5406093003, 31509019100, 183648021599, 1070379110496, 6238626641379, 36361380737780, 211929657785303, 1235216565974040, 7199369738058939, 41961001862379596, 244566641436218639]
A001652	With[{c=3+2*Sqrt[2]},NestList[Floor[c*#]+3&,3,30]] (* _Harvey P. Dale_, Oct 22 2012 *)	[0, 3, 20, 119, 696, 4059, 23660, 137903, 803760, 4684659, 27304196, 159140519, 927538920, 5406093003, 31509019100, 183648021599, 1070379110496, 6238626641379, 36361380737780, 211929657785303, 1235216565974040, 7199369738058939, 41961001862379596, 244566641436218639]
A001653	LinearRecurrence[{6,-1}, {1,5}, 40] (* _Harvey P. Dale_, Jul 12 2011 *)	[1, 5, 29, 169, 985, 5741, 33461, 195025, 1136689, 6625109, 38613965, 225058681, 1311738121, 7645370045, 44560482149, 259717522849, 1513744654945, 8822750406821, 51422757785981, 299713796309065, 1746860020068409, 10181446324101389, 59341817924539925]
A001653	a[ n_] := -(-1)^n ChebyshevU[2 n - 2, I]; (* _Michael Somos_, Jul 22 2018 *)	[1, 5, 29, 169, 985, 5741, 33461, 195025, 1136689, 6625109, 38613965, 225058681, 1311738121, 7645370045, 44560482149, 259717522849, 1513744654945, 8822750406821, 51422757785981, 299713796309065, 1746860020068409, 10181446324101389, 59341817924539925]
A001654	Times@@@Partition[Fibonacci[Range[0,30]],2,1] (* _Harvey P. Dale_, Aug 18 2011 *)	[0, 1, 2, 6, 15, 40, 104, 273, 714, 1870, 4895, 12816, 33552, 87841, 229970, 602070, 1576239, 4126648, 10803704, 28284465, 74049690, 193864606, 507544127, 1328767776, 3478759200, 9107509825, 23843770274, 62423800998, 163427632719]
A001655	Table[(Fibonacci[n+3]*Fibonacci[n+2]*Fibonacci[n+1])/2, {n,0,40}] (* _Vladimir Joseph Stephan Orlovsky_, Nov 23 2009 *)	[1, 3, 15, 60, 260, 1092, 4641, 19635, 83215, 352440, 1493064, 6324552, 26791505, 113490195, 480752895, 2036500788, 8626757644, 36543528780, 154800876945, 655747029795, 2777789007071, 11766903040368, 49845401197200, 211148507782800, 894439432403425]
A001655	LinearRecurrence[{3, 6, -3, -1}, {1, 3, 15, 60}, 25] (* _Jean-François Alcover_, Sep 23 2017 *)	[1, 3, 15, 60, 260, 1092, 4641, 19635, 83215, 352440, 1493064, 6324552, 26791505, 113490195, 480752895, 2036500788, 8626757644, 36543528780, 154800876945, 655747029795, 2777789007071, 11766903040368, 49845401197200, 211148507782800, 894439432403425]
A001656	LinearRecurrence[{5,15,-15,-5,1},{1,5,40,260,1820},20] (* _Vincenzo Librandi_, Aug 02 2012 *)	[1, 5, 40, 260, 1820, 12376, 85085, 582505, 3994320, 27372840, 187628376, 1285992240, 8814405145, 60414613805, 414088493560, 2838203264876, 19453338487220, 133335155341960, 913892777190965, 6263914210945105]
A001656	Times@@@Partition[Fibonacci[Range[30]],4,1]/6 (* _Harvey P. Dale_, Oct 13 2016 *)	[1, 5, 40, 260, 1820, 12376, 85085, 582505, 3994320, 27372840, 187628376, 1285992240, 8814405145, 60414613805, 414088493560, 2838203264876, 19453338487220, 133335155341960, 913892777190965, 6263914210945105]
A001657	f[n_] := Times @@ Fibonacci[Range[n + 1, n + 5]]/30; t = Table[f[n], {n, 0, 20}] (* _Vladimir Joseph Stephan Orlovsky_, Feb 12 2010 *)	[1, 8, 104, 1092, 12376, 136136, 1514513, 16776144, 186135312, 2063912136, 22890661872, 253854868176, 2815321003313, 31222272414424, 346260798314872, 3840089017377228, 42587248616222024, 472299787252290712, 5237885063192296801, 58089034826620525728]
A001657	LinearRecurrence[{8,40,-60,-40,8,1},{1,8,104,1092,12376,136136},20] (* _Harvey P. Dale_, Nov 30 2019 *)	[1, 8, 104, 1092, 12376, 136136, 1514513, 16776144, 186135312, 2063912136, 22890661872, 253854868176, 2815321003313, 31222272414424, 346260798314872, 3840089017377228, 42587248616222024, 472299787252290712, 5237885063192296801, 58089034826620525728]
A001658	f[n_] := Times @@ Fibonacci[Range[n+1, n+6]]/240; Table[f[n], {n, 0, 20}] (* _Vladimir Joseph Stephan Orlovsky_, Feb 12 2010 *)	[1, 13, 273, 4641, 85085, 1514513, 27261234, 488605194, 8771626578, 157373300370, 2824135408458, 50675778059634, 909348684070099, 16317540120588343, 292806787575013635, 5254201798026392211, 94282845030238533383, 1691836875411111866723, 30358781826262552258596]
A001658	LinearRecurrence[{13,104,-260,-260,104,13,-1},{1,13,273,4641,85085,1514513,27261234},20] (* _Harvey P. Dale_, Aug 24 2014 *)	[1, 13, 273, 4641, 85085, 1514513, 27261234, 488605194, 8771626578, 157373300370, 2824135408458, 50675778059634, 909348684070099, 16317540120588343, 292806787575013635, 5254201798026392211, 94282845030238533383, 1691836875411111866723, 30358781826262552258596]
A001670	Flatten[Table[Table[n,{n}],{n,2,16,2}]] (* _Harvey P. Dale_, May 31 2012 *)	[2, 2, 4, 4, 4, 4, 6, 6, 6, 6, 6, 6, 8, 8, 8, 8, 8, 8, 8, 8, 10, 10, 10, 10, 10, 10, 10, 10, 10, 10, 12, 12, 12, 12, 12, 12, 12, 12, 12, 12, 12, 12, 14, 14, 14, 14, 14, 14, 14, 14, 14, 14, 14, 14, 14, 14, 16, 16, 16, 16, 16, 16, 16, 16, 16, 16, 16, 16, 16, 16]
A001671	Table[Ceiling[E^n], {n, 0, 50}] (* _T. D. Noe_, Aug 09 2012 *)	[1, 3, 8, 21, 55, 149, 404, 1097, 2981, 8104, 22027, 59875, 162755, 442414, 1202605, 3269018, 8886111, 24154953, 65659970, 178482301, 485165196, 1318815735, 3584912847, 9744803447, 26489122130, 72004899338, 195729609429, 532048240602, 1446257064292, 3931334297145, 10686474581525]
A001672	Table[Floor[Pi^n], {n, 0, 50}] (* _Vladimir Joseph Stephan Orlovsky_, Dec 12 2008 *)	[1, 3, 9, 31, 97, 306, 961, 3020, 9488, 29809, 93648, 294204, 924269, 2903677, 9122171, 28658145, 90032220, 282844563, 888582403, 2791563949, 8769956796, 27551631842, 86556004191, 271923706893, 854273519913, 2683779414317, 8431341691876, 26487841119103]
A001673	Ceiling[Pi^Range[0,40]] (* _Harvey P. Dale_, May 08 2011 *)	[1, 4, 10, 32, 98, 307, 962, 3021, 9489, 29810, 93649, 294205, 924270, 2903678, 9122172, 28658146, 90032221, 282844564, 888582404, 2791563950, 8769956797, 27551631843, 86556004192, 271923706894, 854273519914, 2683779414318, 8431341691877, 26487841119104]
A001683	p=3; Table[Binomial[(p-1)n, n]/(((p-2)n+1)((p-2)n+2)) +If[OddQ[n], 0, Binomial[(p-1)n/2, n/2]/((p-2)n+2)]+Plus @@ Map[EulerPhi[ # ]Binomial[((p-1)n+1)/#, (n-1)/# ]/((p-1)n+1)&, Complement[Divisors[GCD[p, n-1]], {1}]], {n, 0, 20}] (* _Robert A. Russell_, Dec 11 2004 *)	[1, 1, 1, 1, 4, 6, 19, 49, 150, 442, 1424, 4522, 14924, 49536, 167367, 570285, 1965058, 6823410, 23884366, 84155478, 298377508, 1063750740, 3811803164, 13722384546, 49611801980, 180072089896, 655977266884, 2397708652276, 8791599732140, 32330394085528]
A001685	Clear[a]; a[0]=1; a[1]=2; a[2]=3; a[n_]:=a[n] = a[n-2] + a[n-1]*Product[a[j],{j,1,n-3}]; Table[a[n],{n,0,15}] (* _Vaclav Kotesovec_, May 21 2015 *)	[1, 2, 3, 5, 13, 83, 2503, 976253, 31601312113, 2560404986164794683, 202523113189037952478722304798003, 506227391211661106785411233681995783881012463859772443053]
A001688	Table[(n^4 + 6*n^3 + 17*n^2 + 20*n + 9) n!, {n, 0, 20}] (* _T. D. Noe_, Aug 09 2012 *)	[9, 53, 362, 2790, 24024, 229080, 2399760, 27422640, 339696000, 4536362880, 64988179200, 994447238400, 16190733081600, 279499828608000, 5100017213491200, 98087346669312000, 1983334021853184000, 42063950934061056000, 933754193111900160000]
A001690	Complement[Range[Fibonacci[a = 12]], Fibonacci[Range[a]]] (* _Vladimir Joseph Stephan Orlovsky_, Jul 01 2011 *)	[4, 6, 7, 9, 10, 11, 12, 14, 15, 16, 17, 18, 19, 20, 22, 23, 24, 25, 26, 27, 28, 29, 30, 31, 32, 33, 35, 36, 37, 38, 39, 40, 41, 42, 43, 44, 45, 46, 47, 48, 49, 50, 51, 52, 53, 54, 56, 57, 58, 59, 60, 61, 62, 63, 64, 65, 66, 67, 68, 69, 70, 71, 72, 73, 74, 75, 76, 77, 78]
A001692	a[0] = 1; a[n_] := Sum[MoebiusMu[d]*5^(n/d)/n, {d, Divisors[n]}]; Table[a[n], {n, 0, 21}] (* _Jean-François Alcover_, Mar 11 2014 *)	[1, 5, 10, 40, 150, 624, 2580, 11160, 48750, 217000, 976248, 4438920, 20343700, 93900240, 435959820, 2034504992, 9536718750, 44878791360, 211927516500, 1003867701480, 4768371093720, 22706531339280]
A001693	a[n_]:=(1/n)*Sum[MoebiusMu[d]*7^(n/d), {d, Divisors[n]}]; a[0] = 1; Table[a[n], {n, 0, 19}] (* _Jean-François Alcover_, Aug 31 2011, after formula *)	[1, 7, 21, 112, 588, 3360, 19544, 117648, 720300, 4483696, 28245840, 179756976, 1153430600, 7453000800, 48444446376, 316504099520, 2077057800300, 13684147881600, 90467419857752, 599941851861744]
A001696	a[0] = 0; a[1] = 1; a[n_] := a[n] = a[n-1]*(1 + a[n-1] - a[n-2]); Table[a[n], {n, 0, 10}] (* _Jean-François Alcover_, Jul 02 2013 *)	[0, 1, 2, 4, 12, 108, 10476, 108625644, 11798392680793836, 139202068568601568785946949658348, 19377215893777651167043206536157529523359277782016064519251404524]
A001697	a[0] = 1; a[1] = 1; a[n_] := a[n] = a[n - 1]^2*(1 + 1/a[n - 2]); Table[a[n], {n, 0, 9}]  (* _Jean-François Alcover_, Jul 02 2013 *)	[1, 1, 2, 8, 96, 10368, 108615168, 11798392572168192, 139202068568601556987554268864512, 19377215893777651167043206536157390321290709180447278572301746176]
A001697	nxt[{t_,a_}]:={t+t*a,t*a}; Transpose[NestList[nxt,{1,1},10]][[2]] (* _Harvey P. Dale_, Jan 24 2016 *)	[1, 1, 2, 8, 96, 10368, 108615168, 11798392572168192, 139202068568601556987554268864512, 19377215893777651167043206536157390321290709180447278572301746176]
A001698	Table[Ceiling[Sqrt[2Pi]^n], {n, 0, 50}] (* _Stefan Steinerberger_, Apr 14 2006 *)	[1, 3, 7, 16, 40, 99, 249, 622, 1559, 3907, 9793, 24547, 61529, 154231, 386598, 969057, 2429064, 6088761, 15262259, 38256810, 95895601, 240374624, 602529829, 1510318306, 3785806568, 9489609785, 23786924201, 59624976769, 149457652642, 374634777973]
A001699	a[0] = 1; a[n_] := a[n] = 2*a[n-1]*Sum[a[k], {k, 0, n-2}] + a[n-1]^2; Table[a[n], {n, 0, 9}] (* _Jean-François Alcover_, May 16 2012 *)	[1, 1, 3, 21, 651, 457653, 210065930571, 44127887745696109598901, 1947270476915296449559659317606103024276803403, 3791862310265926082868235028027893277370233150300118107846437701158064808916492244872560821]
A001700	Table[ Binomial[2n + 1, n + 1], {n, 0, 23}]	[1, 3, 10, 35, 126, 462, 1716, 6435, 24310, 92378, 352716, 1352078, 5200300, 20058300, 77558760, 300540195, 1166803110, 4537567650, 17672631900, 68923264410, 269128937220, 1052049481860, 4116715363800, 16123801841550, 63205303218876, 247959266474052]
A001701	Join[{1}, Table[n (n - 1) (3 n^2 + 17 n + 26) / 24, {n, 2, 40}]] (* _Vincenzo Librandi_, Sep 30 2018 *)	[1, 6, 26, 71, 155, 295, 511, 826, 1266, 1860, 2640, 3641, 4901, 6461, 8365, 10660, 13396, 16626, 20406, 24795, 29855, 35651, 42251, 49726, 58150, 67600, 78156, 89901, 102921, 117305, 133145, 150536, 169576, 190366, 213010, 237615, 264291, 293151, 324311]
A001705	a[n_] := (n + 1)! (EulerGamma - 1 + PolyGamma[n + 2]);	[0, 1, 5, 26, 154, 1044, 8028, 69264, 663696, 6999840, 80627040, 1007441280, 13575738240, 196287356160, 3031488633600, 49811492505600, 867718162483200, 15974614352793600, 309920046408806400, 6320046028584960000, 135153868608460800000, 3024476051557847040000]
A001710	a[n_]:= If[n > 2, n!/2, 1]; Array[a, 21, 0]	[1, 1, 1, 3, 12, 60, 360, 2520, 20160, 181440, 1814400, 19958400, 239500800, 3113510400, 43589145600, 653837184000, 10461394944000, 177843714048000, 3201186852864000, 60822550204416000, 1216451004088320000, 25545471085854720000, 562000363888803840000]
A001710	a[n_]:= If[n<3, 1, n*a[n-1]]; Array[a, 21, 0]; (* _Robert G. Wilson v_, Apr 16 2011 *)	[1, 1, 1, 3, 12, 60, 360, 2520, 20160, 181440, 1814400, 19958400, 239500800, 3113510400, 43589145600, 653837184000, 10461394944000, 177843714048000, 3201186852864000, 60822550204416000, 1216451004088320000, 25545471085854720000, 562000363888803840000]
A001710	Numerator[Range[0, 20]!/2] (* _Eric W. Weisstein_, May 21 2017 *)	[1, 1, 1, 3, 12, 60, 360, 2520, 20160, 181440, 1814400, 19958400, 239500800, 3113510400, 43589145600, 653837184000, 10461394944000, 177843714048000, 3201186852864000, 60822550204416000, 1216451004088320000, 25545471085854720000, 562000363888803840000]
A001715	Range[3,30]!/6 (* _Harvey P. Dale_, Aug 12 2012 *)	[1, 4, 20, 120, 840, 6720, 60480, 604800, 6652800, 79833600, 1037836800, 14529715200, 217945728000, 3487131648000, 59281238016000, 1067062284288000, 20274183401472000, 405483668029440000, 8515157028618240000, 187333454629601280000, 4308669456480829440000]
A001720	Range[4,30]!/24 (* _Harvey P. Dale_, Jul 27 2021 *)	[1, 5, 30, 210, 1680, 15120, 151200, 1663200, 19958400, 259459200, 3632428800, 54486432000, 871782912000, 14820309504000, 266765571072000, 5068545850368000, 101370917007360000, 2128789257154560000, 46833363657400320000, 1077167364120207360000]
A001725	Range[5,30]!/120 (* _Harvey P. Dale_, Dec 20 2014 *)	[1, 6, 42, 336, 3024, 30240, 332640, 3991680, 51891840, 726485760, 10897286400, 174356582400, 2964061900800, 53353114214400, 1013709170073600, 20274183401472000, 425757851430912000, 9366672731480064000, 215433472824041472000, 5170403347776995328000]
A001730	a[n_]:=n!/6!; Array[a,4!,6] (* _Vladimir Joseph Stephan Orlovsky_, Oct 25 2009 *)	[1, 7, 56, 504, 5040, 55440, 665280, 8648640, 121080960, 1816214400, 29059430400, 494010316800, 8892185702400, 168951528345600, 3379030566912000, 70959641905152000, 1561112121913344000, 35905578804006912000, 861733891296165888000, 21543347282404147200000]
A001731	Append[Array[FromDigits@ IntegerDigits[9, 10 - #] &, 9, 0], FromDigits@ ConstantArray[1, 9]] (* _Michael De Vlieger_, Feb 02 2022 *)	[9, 10, 11, 12, 13, 14, 21, 100, 1001, 111111111]
A001737	Table[FromDigits[IntegerDigits[n^2, 2]], {n, 0, 50}] (* _T. D. Noe_, Aug 10 2012 *)	[0, 1, 100, 1001, 10000, 11001, 100100, 110001, 1000000, 1010001, 1100100, 1111001, 10010000, 10101001, 11000100, 11100001, 100000000, 100100001, 101000100, 101101001, 110010000, 110111001, 111100100, 1000010001, 1001000000, 1001110001, 1010100100, 1011011001]
A001739	Table[FromDigits[IntegerDigits[n^2, 4]], {n, 0, 50}] (* _T. D. Noe_, Aug 10 2012 *)	[0, 1, 10, 21, 100, 121, 210, 301, 1000, 1101, 1210, 1321, 2100, 2221, 3010, 3201, 10000, 10201, 11010, 11221, 12100, 12321, 13210, 20101, 21000, 21301, 22210, 23121, 30100, 31021, 32010, 33001, 100000, 101001, 102010, 103021, 110100, 111121, 112210, 113301]
A001740	Table[FromDigits[IntegerDigits[n^2, 5]], {n, 0, 50}] (* _T. D. Noe_, Aug 10 2012 *)	[0, 1, 4, 14, 31, 100, 121, 144, 224, 311, 400, 441, 1034, 1134, 1241, 1400, 2011, 2124, 2244, 2421, 3100, 3231, 3414, 4104, 4301, 10000, 10201, 10404, 11114, 11331, 12100, 12321, 13044, 13324, 14111, 14400, 20141, 20434, 21234, 22041, 22400, 23211, 24024]
A001741	Table[FromDigits[IntegerDigits[n^2, 6]], {n, 0, 50}] (* _T. D. Noe_, Aug 10 2012 *)	[0, 1, 4, 13, 24, 41, 100, 121, 144, 213, 244, 321, 400, 441, 524, 1013, 1104, 1201, 1300, 1401, 1504, 2013, 2124, 2241, 2400, 2521, 3044, 3213, 3344, 3521, 4100, 4241, 4424, 5013, 5204, 5401, 10000, 10201, 10404, 11013, 11224, 11441, 12100, 12321, 12544]
A001742	Table[FromDigits/@Tuples[{1, 2, 3, 5, 7}, n], {n, 3}] // Flatten (* _Vincenzo Librandi_, Dec 17 2018 *)	[1, 2, 3, 5, 7, 11, 12, 13, 15, 17, 21, 22, 23, 25, 27, 31, 32, 33, 35, 37, 51, 52, 53, 55, 57, 71, 72, 73, 75, 77, 111, 112, 113, 115, 117, 121, 122, 123, 125, 127, 131, 132, 133, 135, 137, 151, 152, 153, 155, 157, 171, 172, 173, 175, 177, 211, 212, 213, 215]
A001743	Union[Flatten[Table[FromDigits/@Tuples[{0,6,8,9},n],{n,3}]]] (* _Harvey P. Dale_, Sep 04 2013 *)	[0, 6, 8, 9, 60, 66, 68, 69, 80, 86, 88, 89, 90, 96, 98, 99, 600, 606, 608, 609, 660, 666, 668, 669, 680, 686, 688, 689, 690, 696, 698, 699, 800, 806, 808, 809, 860, 866, 868, 869, 880, 886, 888, 889, 890, 896, 898, 899, 900, 906, 908, 909, 960, 966, 968, 969]
A001744	FromDigits/@Tuples[{0,4,6,8,9},3] (* _Harvey P. Dale_, Aug 16 2018 *)	[0, 4, 6, 8, 9, 40, 44, 46, 48, 49, 60, 64, 66, 68, 69, 80, 84, 86, 88, 89, 90, 94, 96, 98, 99, 400, 404, 406, 408, 409, 440, 444, 446, 448, 449, 460, 464, 466, 468, 469, 480, 484, 486, 488, 489, 490, 494, 496, 498, 499, 600, 604, 606, 608, 609, 640, 644, 646]
A001747	Join[{2},2*Prime[Range[60]]] (* _Harvey P. Dale_, Jul 23 2013 *)	[2, 4, 6, 10, 14, 22, 26, 34, 38, 46, 58, 62, 74, 82, 86, 94, 106, 118, 122, 134, 142, 146, 158, 166, 178, 194, 202, 206, 214, 218, 226, 254, 262, 274, 278, 298, 302, 314, 326, 334, 346, 358, 362, 382, 386, 394, 398, 422, 446, 454, 458, 466, 478, 482, 502]
A001748	Prime[Range[22]]*3 (* _Vladimir Joseph Stephan Orlovsky_, Apr 29 2008 *)	[6, 9, 15, 21, 33, 39, 51, 57, 69, 87, 93, 111, 123, 129, 141, 159, 177, 183, 201, 213, 219, 237, 249, 267, 291, 303, 309, 321, 327, 339, 381, 393, 411, 417, 447, 453, 471, 489, 501, 519, 537, 543, 573, 579, 591, 597, 633, 669, 681, 687, 699, 717, 723, 753]
A001749	4 * Prime[Range[66]] (* _Vladimir Joseph Stephan Orlovsky_, Apr 29 2008 *)	[8, 12, 20, 28, 44, 52, 68, 76, 92, 116, 124, 148, 164, 172, 188, 212, 236, 244, 268, 284, 292, 316, 332, 356, 388, 404, 412, 428, 436, 452, 508, 524, 548, 556, 596, 604, 628, 652, 668, 692, 716, 724, 764, 772, 788, 796, 844, 892, 908, 916, 932, 956, 964, 1004, 1028, 1052, 1076, 1084, 1108, 1124, 1132, 1172, 1228, 1244, 1252]
A001750	Prime[Range[22]]*5 (* _Vladimir Joseph Stephan Orlovsky_, Apr 29 2008 *)	[10, 15, 25, 35, 55, 65, 85, 95, 115, 145, 155, 185, 205, 215, 235, 265, 295, 305, 335, 355, 365, 395, 415, 445, 485, 505, 515, 535, 545, 565, 635, 655, 685, 695, 745, 755, 785, 815, 835, 865, 895, 905, 955, 965, 985, 995, 1055, 1115, 1135, 1145, 1165, 1195]
A001751	Select[Range[163], Or[PrimeQ[#], PrimeQ[1/2 #]] &] (* _Ant King_, Jan 29 2011 *)	[2, 3, 4, 5, 6, 7, 10, 11, 13, 14, 17, 19, 22, 23, 26, 29, 31, 34, 37, 38, 41, 43, 46, 47, 53, 58, 59, 61, 62, 67, 71, 73, 74, 79, 82, 83, 86, 89, 94, 97, 101, 103, 106, 107, 109, 113, 118, 122, 127, 131, 134, 137, 139, 142, 146, 149, 151, 157, 158, 163, 166]
A001751	upto=200;With[{pr=Prime[Range[PrimePi[upto]]]},Select[Sort[Join[pr,2pr]],# <= upto&]] (* _Harvey P. Dale_, Sep 23 2014 *)	[2, 3, 4, 5, 6, 7, 10, 11, 13, 14, 17, 19, 22, 23, 26, 29, 31, 34, 37, 38, 41, 43, 46, 47, 53, 58, 59, 61, 62, 67, 71, 73, 74, 79, 82, 83, 86, 89, 94, 97, 101, 103, 106, 107, 109, 113, 118, 122, 127, 131, 134, 137, 139, 142, 146, 149, 151, 157, 158, 163, 166]
A001752	a = {1, 4}; Do[AppendTo[a, a[[n - 2]] + (n*(n + 1)*(n + 2))/6], {n, 3, 10}]; a	[1, 4, 11, 24, 46, 80, 130, 200, 295, 420, 581, 784, 1036, 1344, 1716, 2160, 2685, 3300, 4015, 4840, 5786, 6864, 8086, 9464, 11011, 12740, 14665, 16800, 19160, 21760, 24616, 27744, 31161, 34884, 38931, 43320, 48070, 53200, 58730, 64680, 71071, 77924, 85261]
A001752	LinearRecurrence[{4,-5,0,5,-4,1},{1,4,11,24,46,80},50] (* _Harvey P. Dale_, Feb 07 2019 *)	[1, 4, 11, 24, 46, 80, 130, 200, 295, 420, 581, 784, 1036, 1344, 1716, 2160, 2685, 3300, 4015, 4840, 5786, 6864, 8086, 9464, 11011, 12740, 14665, 16800, 19160, 21760, 24616, 27744, 31161, 34884, 38931, 43320, 48070, 53200, 58730, 64680, 71071, 77924, 85261]
A001753	LinearRecurrence[{5,-9,5,5,-9,5,-1},{1,5,16,40,86,166,296},40] (* _Harvey P. Dale_, Jun 05 2021 *)	[1, 5, 16, 40, 86, 166, 296, 496, 791, 1211, 1792, 2576, 3612, 4956, 6672, 8832, 11517, 14817, 18832, 23672, 29458, 36322, 44408, 53872, 64883, 77623, 92288, 109088, 128248, 150008, 174624, 202368, 233529]
A001754	Table[(n-2)*(n-1)*n!/12, {n, 21}] (* _Arkadiusz Wesolowski_, Nov 26 2012 *)	[0, 0, 1, 12, 120, 1200, 12600, 141120, 1693440, 21772800, 299376000, 4390848000, 68497228800, 1133317785600, 19833061248000, 366148823040000, 7113748561920000, 145120470663168000, 3101950060425216000, 69337707233034240000, 1617879835437465600000]
A001755	Table[n!Binomial[n-1, 3]/4!, {n, 4, 25}] (* _T. D. Noe_, Aug 10 2012 *)	[1, 20, 300, 4200, 58800, 846720, 12700800, 199584000, 3293136000, 57081024000, 1038874636800, 19833061248000, 396661224960000, 8299373322240000, 181400588328960000, 4135933413900288000, 98228418580131840000, 2426819753156198400000, 62288373664342425600000]
A001756	Join[{c = 15}, Table[c = c*n*(2*n - 7)/(n - 3), {n, 4, 20}]] (* _T. D. Noe_, Aug 10 2012 *)	[15, 60, 450, 4500, 55125, 793800, 13097700, 243243000, 5016886875, 113716102500, 2808787731750, 75071235739500, 2158298027510625, 66409170077250000, 2177272076104125000, 75769068248423550000, 2789248824895091934375, 108288483790044745687500]
A001761	Table[(2*n)!/(n+1)!,{n,0,20}] (* _Vincenzo Librandi_, Feb 23 2012 *)	[1, 1, 4, 30, 336, 5040, 95040, 2162160, 57657600, 1764322560, 60949324800, 2346549004800, 99638080819200, 4626053752320000, 233153109116928000, 12677700308232960000, 739781100339240960000, 46113021921146019840000]
A001762	Join[{1}, Table[Binomial[n, 3]*(3*n - 9)!/(2*n - 4)!, {n, 4, 25}]] (* _T. D. Noe_, Aug 10 2012 *)	[1, 1, 10, 180, 4620, 152880, 6168960, 293025600, 15990004800, 984647664000, 67493121696000, 5094263446272000, 419688934689024000, 37465564582397952000, 3601861863990534144000, 370962724717928318976000, 40744403224500159055872000]
A001763	Table[(3*n + 3)!/(2*n + 3)!, {n, -1, 20}] (* _T. D. Noe_, Aug 10 2012 *)	[1, 1, 6, 72, 1320, 32760, 1028160, 39070080, 1744364160, 89513424000, 5191778592000, 335885501952000, 23982224839372800, 1873278229119897600, 158905670470170624000, 14547557832075620352000, 1429628183315795054592000, 150110959248158480732160000]
A001764	Table[Binomial[3n,n]/(2n+1),{n,0,25}] (* _Harvey P. Dale_, Jul 24 2011 *)	[1, 1, 3, 12, 55, 273, 1428, 7752, 43263, 246675, 1430715, 8414640, 50067108, 300830572, 1822766520, 11124755664, 68328754959, 422030545335, 2619631042665, 16332922290300, 102240109897695, 642312451217745, 4048514844039120, 25594403741131680, 162250238001816900]
