A000005	CoefficientList[Series[(Log[1 - q] + QPolyGamma[1, q])/(q Log[q]), {q, 0, 100}], q] (* _Vladimir Reshetnikov_, Apr 23 2013 *)	[1, 2, 2, 3, 2, 4, 2, 4, 3, 4, 2, 6, 2, 4, 4, 5, 2, 6, 2, 6, 4, 4, 2, 8, 3, 4, 4, 6, 2, 8, 2, 6, 4, 4, 4, 9, 2, 4, 4, 8, 2, 8, 2, 6, 6, 4, 2, 10, 3, 6, 4, 6, 2, 8, 4, 8, 4, 4, 2, 12, 2, 4, 6, 7, 4, 8, 2, 6, 4, 8, 2, 12, 2, 4, 6, 6, 4, 8, 2, 10, 5, 4, 2, 12, 4, 4, 4, 8, 2, 12, 4, 6, 4, 4, 4, 12, 2, 6, 6, 9, 2, 8, 2, 8]
A000005	a[ n_] := SeriesCoefficient[ (QPolyGamma[ 1, q] + Log[1 - q]) / Log[q], {q, 0, Abs@n}]; (* _Michael Somos_, Apr 25 2013 *)	[1, 2, 2, 3, 2, 4, 2, 4, 3, 4, 2, 6, 2, 4, 4, 5, 2, 6, 2, 6, 4, 4, 2, 8, 3, 4, 4, 6, 2, 8, 2, 6, 4, 4, 4, 9, 2, 4, 4, 8, 2, 8, 2, 6, 6, 4, 2, 10, 3, 6, 4, 6, 2, 8, 4, 8, 4, 4, 2, 12, 2, 4, 6, 7, 4, 8, 2, 6, 4, 8, 2, 12, 2, 4, 6, 6, 4, 8, 2, 10, 5, 4, 2, 12, 4, 4, 4, 8, 2, 12, 4, 6, 4, 4, 4, 12, 2, 6, 6, 9, 2, 8, 2, 8]
A000005	a[ n_] := SeriesCoefficient[ q/(1 - q)^2 QHypergeometricPFQ[ {q, q}, {q^2, q^2}, q, q^2], {q, 0, Abs@n}]; (* _Michael Somos_, Mar 05 2014 *)	[1, 2, 2, 3, 2, 4, 2, 4, 3, 4, 2, 6, 2, 4, 4, 5, 2, 6, 2, 6, 4, 4, 2, 8, 3, 4, 4, 6, 2, 8, 2, 6, 4, 4, 4, 9, 2, 4, 4, 8, 2, 8, 2, 6, 6, 4, 2, 10, 3, 6, 4, 6, 2, 8, 4, 8, 4, 4, 2, 12, 2, 4, 6, 7, 4, 8, 2, 6, 4, 8, 2, 12, 2, 4, 6, 6, 4, 8, 2, 10, 5, 4, 2, 12, 4, 4, 4, 8, 2, 12, 4, 6, 4, 4, 4, 12, 2, 6, 6, 9, 2, 8, 2, 8]
A000005	a[n_] := SeriesCoefficient[q/(1 - q) QHypergeometricPFQ[{q, q}, {q^2}, q, q], {q, 0, Abs@n}] (* _Mats Granvik_, Apr 15 2015 *)	[1, 2, 2, 3, 2, 4, 2, 4, 3, 4, 2, 6, 2, 4, 4, 5, 2, 6, 2, 6, 4, 4, 2, 8, 3, 4, 4, 6, 2, 8, 2, 6, 4, 4, 4, 9, 2, 4, 4, 8, 2, 8, 2, 6, 6, 4, 2, 10, 3, 6, 4, 6, 2, 8, 4, 8, 4, 4, 2, 12, 2, 4, 6, 7, 4, 8, 2, 6, 4, 8, 2, 12, 2, 4, 6, 6, 4, 8, 2, 10, 5, 4, 2, 12, 4, 4, 4, 8, 2, 12, 4, 6, 4, 4, 4, 12, 2, 6, 6, 9, 2, 8, 2, 8]
A000005	With[{M=500},CoefficientList[Series[(2x)/(1-x)-Sum[x^k (1-2x^k)/(1-x^k),{k,M}],{x,0,M}],x]] (* _Mamuka Jibladze_, Aug 31 2018 *)	[1, 2, 2, 3, 2, 4, 2, 4, 3, 4, 2, 6, 2, 4, 4, 5, 2, 6, 2, 6, 4, 4, 2, 8, 3, 4, 4, 6, 2, 8, 2, 6, 4, 4, 4, 9, 2, 4, 4, 8, 2, 8, 2, 6, 6, 4, 2, 10, 3, 6, 4, 6, 2, 8, 4, 8, 4, 4, 2, 12, 2, 4, 6, 7, 4, 8, 2, 6, 4, 8, 2, 12, 2, 4, 6, 6, 4, 8, 2, 10, 5, 4, 2, 12, 4, 4, 4, 8, 2, 12, 4, 6, 4, 4, 4, 12, 2, 6, 6, 9, 2, 8, 2, 8]
A000008	a[ n_] := SeriesCoefficient[ 1 / ((1 - x)(1 - x^2)(1 - x^5)(1 - x^10)), {x, 0, n}]	[1, 1, 2, 2, 3, 4, 5, 6, 7, 8, 11, 12, 15, 16, 19, 22, 25, 28, 31, 34, 40, 43, 49, 52, 58, 64, 70, 76, 82, 88, 98, 104, 114, 120, 130, 140, 150, 160, 170, 180, 195, 205, 220, 230, 245, 260, 275, 290, 305, 320, 341, 356, 377, 392, 413, 434, 455, 476, 497, 518, 546]
A000008	Table[Length@IntegerPartitions[n,All,{1,2,5,10}],{n,0,70}] (* _Giorgos Kalogeropoulos_, May 07 2019 *)	[1, 1, 2, 2, 3, 4, 5, 6, 7, 8, 11, 12, 15, 16, 19, 22, 25, 28, 31, 34, 40, 43, 49, 52, 58, 64, 70, 76, 82, 88, 98, 104, 114, 120, 130, 140, 150, 160, 170, 180, 195, 205, 220, 230, 245, 260, 275, 290, 305, 320, 341, 356, 377, 392, 413, 434, 455, 476, 497, 518, 546]
A000009	a[ n_] := SeriesCoefficient[ Product[ 1 + x^k, {k, n}], {x, 0, n}]; (* _Michael Somos_, Jul 06 2011 *)	[1, 1, 1, 2, 2, 3, 4, 5, 6, 8, 10, 12, 15, 18, 22, 27, 32, 38, 46, 54, 64, 76, 89, 104, 122, 142, 165, 192, 222, 256, 296, 340, 390, 448, 512, 585, 668, 760, 864, 982, 1113, 1260, 1426, 1610, 1816, 2048, 2304, 2590, 2910, 3264, 3658, 4097, 4582, 5120, 5718, 6378]
A000009	a[ n_] := SeriesCoefficient[ 1 / Product[ 1 - x^k, {k, 1, n, 2}], {x, 0, n}]; (* _Michael Somos_, Jul 06 2011 *)	[1, 1, 1, 2, 2, 3, 4, 5, 6, 8, 10, 12, 15, 18, 22, 27, 32, 38, 46, 54, 64, 76, 89, 104, 122, 142, 165, 192, 222, 256, 296, 340, 390, 448, 512, 585, 668, 760, 864, 982, 1113, 1260, 1426, 1610, 1816, 2048, 2304, 2590, 2910, 3264, 3658, 4097, 4582, 5120, 5718, 6378]
A000009	a[ n_] := SeriesCoefficient[ 1 / QPochhammer[ x, x^2], {x, 0, n}]; (* _Michael Somos_, May 24 2013 *)	[1, 1, 1, 2, 2, 3, 4, 5, 6, 8, 10, 12, 15, 18, 22, 27, 32, 38, 46, 54, 64, 76, 89, 104, 122, 142, 165, 192, 222, 256, 296, 340, 390, 448, 512, 585, 668, 760, 864, 982, 1113, 1260, 1426, 1610, 1816, 2048, 2304, 2590, 2910, 3264, 3658, 4097, 4582, 5120, 5718, 6378]
A000009	a[ n_] := SeriesCoefficient[ Series[ QHypergeometricPFQ[ {q}, {q x}, q, - q x], {q, 0, n}] /. x -> 1, {q, 0, n}]; (* _Michael Somos_, Mar 04 2014 *)	[1, 1, 1, 2, 2, 3, 4, 5, 6, 8, 10, 12, 15, 18, 22, 27, 32, 38, 46, 54, 64, 76, 89, 104, 122, 142, 165, 192, 222, 256, 296, 340, 390, 448, 512, 585, 668, 760, 864, 982, 1113, 1260, 1426, 1610, 1816, 2048, 2304, 2590, 2910, 3264, 3658, 4097, 4582, 5120, 5718, 6378]
A000009	nmax = 100; poly = ConstantArray[0, nmax + 1]; poly[[1]] = 1; poly[[2]] = 1; Do[Do[poly[[j + 1]] += poly[[j - k + 1]], {j, nmax, k, -1}];, {k, 2, nmax}]; poly (* _Vaclav Kotesovec_, Jan 14 2017 *)	[1, 1, 1, 2, 2, 3, 4, 5, 6, 8, 10, 12, 15, 18, 22, 27, 32, 38, 46, 54, 64, 76, 89, 104, 122, 142, 165, 192, 222, 256, 296, 340, 390, 448, 512, 585, 668, 760, 864, 982, 1113, 1260, 1426, 1610, 1816, 2048, 2304, 2590, 2910, 3264, 3658, 4097, 4582, 5120, 5718, 6378]
A000014	a[n_] := If[n<1, 0, A = x/(1-x^2) + x*O[x]^n; For[k=3, k <= n-1, k++, A = A/(1 - x^k + x*O[x]^n)^SeriesCoefficient[A, k]]; s = ((Normal[A] /. x -> x^2) + O[x]^(2n))*(1-x) + A*(2-A)*(1+x); SeriesCoefficient[s, n]/2]; Table[a[n], {n, 0, 40}] (* _Jean-François Alcover_, Feb 02 2016, adapted from PARI *)	[0, 1, 1, 0, 1, 1, 2, 2, 4, 5, 10, 14, 26, 42, 78, 132, 249, 445, 842, 1561, 2988, 5671, 10981, 21209, 41472, 81181, 160176, 316749, 629933, 1256070, 2515169, 5049816, 10172638, 20543579, 41602425, 84440886, 171794492, 350238175, 715497037, 1464407113]
A000025	a[ n_] := If[ n < 0, 0, SeriesCoefficient[ Sum[ x^k^2 / Product[ 1 + x^j, {j, k}]^2, {k, 0, Sqrt@n}], {x, 0, n}]]; (* _Michael Somos_, Jun 30 2015 *)	[1, 1, -2, 3, -3, 3, -5, 7, -6, 6, -10, 12, -11, 13, -17, 20, -21, 21, -27, 34, -33, 36, -46, 51, -53, 58, -68, 78, -82, 89, -104, 118, -123, 131, -154, 171, -179, 197, -221, 245, -262, 279, -314, 349, -369, 398, -446, 486, -515, 557, -614, 671, -715, 767, -845, 920, -977, 1046, -1148, 1244]
A000025	rnk[prts_]:=Max[prts]-Length[prts]; mtf[n_]:=Module[{pn=IntegerPartitions[n]},Total[If[ EvenQ[ rnk[#]],1,-1]&/@pn]]; Join[{1},Array[mtf,60]] (* _Harvey P. Dale_, Sep 13 2024 *)	[1, 1, -2, 3, -3, 3, -5, 7, -6, 6, -10, 12, -11, 13, -17, 20, -21, 21, -27, 34, -33, 36, -46, 51, -53, 58, -68, 78, -82, 89, -104, 118, -123, 131, -154, 171, -179, 197, -221, 245, -262, 279, -314, 349, -369, 398, -446, 486, -515, 557, -614, 671, -715, 767, -845, 920, -977, 1046, -1148, 1244]
A000028	iMoebiusMu[ n_ ] := Switch[ MoebiusMu[ n ], 1, 1, -1, -1, 0, If[ OddQ[ Plus@@ (DigitCount[ Last[ Transpose[ FactorInteger[ n ] ] ], 2, 1 ]) ], -1, 1 ] ]; q=Select[ Range[ 20000 ],iMoebiusMu[ # ]===-1& ] (* _Wouter Meeussen_, Dec 21 2007 *)	[2, 3, 4, 5, 7, 9, 11, 13, 16, 17, 19, 23, 24, 25, 29, 30, 31, 37, 40, 41, 42, 43, 47, 49, 53, 54, 56, 59, 60, 61, 66, 67, 70, 71, 72, 73, 78, 79, 81, 83, 84, 88, 89, 90, 96, 97, 101, 102, 103, 104, 105, 107, 108, 109, 110, 113, 114, 121, 126, 127, 128, 130, 131, 132, 135, 136, 137]
A000032	CoefficientList[Series[(-2 + x)/(-1 + x + x^2), {x, 0, 20}], x] (* _Eric W. Weisstein_, Sep 21 2017 *)	[2, 1, 3, 4, 7, 11, 18, 29, 47, 76, 123, 199, 322, 521, 843, 1364, 2207, 3571, 5778, 9349, 15127, 24476, 39603, 64079, 103682, 167761, 271443, 439204, 710647, 1149851, 1860498, 3010349, 4870847, 7881196, 12752043, 20633239, 33385282, 54018521, 87403803]
A000036	nmax = 6*10^4; A[n_] := 1 + 4*Floor[Sqrt[n]] + 4*Floor[Sqrt[n/2]]^2 + 8* Sum[Floor[Sqrt[n - j^2]], {j, Floor[Sqrt[n/2]] + 1, Floor[Sqrt[n]]}]; V[n_] := Pi*n; P[n_] := A[n] - V[n]; record = 0; A000036 = Reap[For[k = 0; n = 1, n <= nmax, n++, p = Abs[pn = P[n]]; If[p > record, record = p; k++; Sow[pn // Round]; Print["a(", k, ") = ", pn // Round]]]][[2, 1]] (* _Jean-François Alcover_, Feb 03 2016 *)	[2, 3, 5, 6, 6, -6, 7, 8, 10, 13, 13, 13, 14, -17, 17, 17, 18, -19, 20, -22, 23, 27, -29, -29, 29, -31, -32, -35, 36, -37, -40, -43, -46, -48, -50, -53, -55, -57, -60, -60, -61, -63, -66, -66, -68, -71, -74, -77, -79, -82, -85, -88, -89, -92, -95, -96, -97, -97, -100]
A000041	a[ n_] := SeriesCoefficient[ 1 / Product[ 1 - x^k, {k, n}], {x, 0, n}]; (* _Michael Somos_, Jul 11 2011 *)	[1, 1, 2, 3, 5, 7, 11, 15, 22, 30, 42, 56, 77, 101, 135, 176, 231, 297, 385, 490, 627, 792, 1002, 1255, 1575, 1958, 2436, 3010, 3718, 4565, 5604, 6842, 8349, 10143, 12310, 14883, 17977, 21637, 26015, 31185, 37338, 44583, 53174, 63261, 75175, 89134, 105558, 124754, 147273, 173525]
A000045	CoefficientList[Series[-(x/(-1 + x + x^2)), {x, 0, 20}], x] (* _Eric W. Weisstein_, Sep 22 2017 *)	[0, 1, 1, 2, 3, 5, 8, 13, 21, 34, 55, 89, 144, 233, 377, 610, 987, 1597, 2584, 4181, 6765, 10946, 17711, 28657, 46368, 75025, 121393, 196418, 317811, 514229, 832040, 1346269, 2178309, 3524578, 5702887, 9227465, 14930352, 24157817, 39088169, 63245986, 102334155]
A000047	cnt=0; n=0; Table[n++; While[{p,e}=Transpose[FactorInteger[n]]; If[Select[p^e, MemberQ[{3,5}, Mod[ #,8]] &] == {}, cnt++ ]; n<2^k, n++ ]; cnt, {k,0,20}] (* _T. D. Noe_, Jan 19 2009 *)	[1, 2, 3, 5, 8, 15, 26, 48, 87, 161, 299, 563, 1066, 2030, 3885, 7464, 14384, 27779, 53782, 104359, 202838, 394860, 769777, 1502603, 2936519, 5744932, 11249805, 22048769, 43248623, 84894767, 166758141, 327770275, 644627310, 1268491353, 2497412741]
A000050	(* This program is not suitable for a large number of terms *) a[0] = 1; a[n_] := a[n] = (For[cnt = 0; k = 2^(n-1)+1, k <= 2^n, k++, If[SquaresR[2, k] > 0, cnt++]]; cnt + a[n-1]); Table[Print["a(", n, ") = ", a[n]]; a[n], {n, 0, 26}] (* _Jean-François Alcover_, Mar 20 2014 *)	[1, 2, 3, 5, 9, 16, 29, 54, 97, 180, 337, 633, 1197, 2280, 4357, 8363, 16096, 31064, 60108, 116555, 226419, 440616, 858696, 1675603, 3273643, 6402706, 12534812, 24561934, 48168461, 94534626, 185661958, 364869032, 717484560, 1411667114, 2778945873, 5473203125]
A000052	Flatten@Join[{8, 5, 4, 9, 1, 7, 6, 3, 2, 0}, SortBy[Range[10^#, 10^(# + 1) - 1], StringReplace[IntegerName[#, "Words"], "," -> ""] &] & /@ Range[3]] (* _Davin Park_, Dec 25 2016 *)	[8, 5, 4, 9, 1, 7, 6, 3, 2, 0, 18, 80, 88, 85, 84, 89, 81, 87, 86, 83, 82, 11, 15, 50, 58, 55, 54, 59, 51, 57, 56, 53, 52, 40, 48, 45, 44, 49, 41, 47, 46, 43, 42, 14, 19, 90, 98, 95, 94, 99, 91, 97, 96, 93, 92, 17, 70, 78, 75, 74, 79, 71, 77, 76, 73, 72]
A000055	s[n_, k_] := s[n, k] = a[n + 1 - k] + If[n < 2k, 0, s[n - k, k]]; a[1] = 1; a[n_] := a[n] = Sum[a[i] s[n-1, i] i, {i, 1, n-1}] / (n-1); Table[a[i] - Sum[a[j] a[i-j], {j, 1, i/2}] + If[OddQ[i], 0, a[i/2] (a[i/2] + 1)/2], {i, 1, 50}] (* _Robert A. Russell_ *)	[1, 1, 1, 1, 2, 3, 6, 11, 23, 47, 106, 235, 551, 1301, 3159, 7741, 19320, 48629, 123867, 317955, 823065, 2144505, 5623756, 14828074, 39299897, 104636890, 279793450, 751065460, 2023443032, 5469566585, 14830871802, 40330829030, 109972410221, 300628862480, 823779631721, 2262366343746, 6226306037178]
A000055	b[0] = 0; b[1] = 1; b[n_] := b[n] = Sum[d*b[d]*b[n-j], {j, 1, n-1}, {d, Divisors[j]}]/(n-1); a[0] = 1; a[n_] := b[n] - (Sum[b[k]*b[n-k], {k, 0, n}] - If[Mod[n, 2] == 0, b[n/2], 0])/2; Table[a[n], {n, 0, 50}] (* _Jean-François Alcover_, Apr 09 2014, after _Alois P. Heinz_ *)	[1, 1, 1, 1, 2, 3, 6, 11, 23, 47, 106, 235, 551, 1301, 3159, 7741, 19320, 48629, 123867, 317955, 823065, 2144505, 5623756, 14828074, 39299897, 104636890, 279793450, 751065460, 2023443032, 5469566585, 14830871802, 40330829030, 109972410221, 300628862480, 823779631721, 2262366343746, 6226306037178]
A000056	Table[ Fold[ If[ Mod[ n, #2 ]==0 && PrimeQ[ #2 ], #1*(1-1/#2^2), #1 ]&, n^3, Range[ n ] ], {n, 1, 35} ]	[1, 6, 24, 48, 120, 144, 336, 384, 648, 720, 1320, 1152, 2184, 2016, 2880, 3072, 4896, 3888, 6840, 5760, 8064, 7920, 12144, 9216, 15000, 13104, 17496, 16128, 24360, 17280, 29760, 24576, 31680, 29376, 40320, 31104, 50616, 41040, 52416, 46080, 68880, 48384, 79464]
A000056	Table[ n^3 Times@@(1-1/Select[ Range[ 1, n ], (Mod[ n, #1 ]==0&&PrimeQ[ #1 ])& ]^2), {n, 1, 35} ]  (* End *)	[1, 6, 24, 48, 120, 144, 336, 384, 648, 720, 1320, 1152, 2184, 2016, 2880, 3072, 4896, 3888, 6840, 5760, 8064, 7920, 12144, 9216, 15000, 13104, 17496, 16128, 24360, 17280, 29760, 24576, 31680, 29376, 40320, 31104, 50616, 41040, 52416, 46080, 68880, 48384, 79464]
A000057	Select[Prime[Range[1000]], Function[p, a=0; b=1; n=1; While[b != 0, t=b; b = Mod[(a+b), p]; a=t; n++]; n>p]] (* _Jean-François Alcover_, Aug 05 2018, after _Charles R Greathouse IV_ *)	[2, 3, 7, 23, 43, 67, 83, 103, 127, 163, 167, 223, 227, 283, 367, 383, 443, 463, 467, 487, 503, 523, 547, 587, 607, 643, 647, 683, 727, 787, 823, 827, 863, 883, 887, 907, 947, 983, 1063, 1123, 1163, 1187, 1283, 1303, 1327, 1367, 1423, 1447, 1487, 1543, 1567, 1583]
A000064	CoefficientList[Series[1/((1-x)^2(1-x^2)(1-x^5)(1-x^10)),{x,0,100}],x] (* _Vladimir Joseph Stephan Orlovsky_, Jan 25 2012 *)	[1, 2, 4, 6, 9, 13, 18, 24, 31, 39, 50, 62, 77, 93, 112, 134, 159, 187, 218, 252, 292, 335, 384, 436, 494, 558, 628, 704, 786, 874, 972, 1076, 1190, 1310, 1440, 1580, 1730, 1890, 2060, 2240, 2435, 2640, 2860, 3090, 3335, 3595, 3870, 4160, 4465, 4785, 5126]
A000070	Table[ Count[ Flatten@ IntegerPartitions@ n, 1], {n, 45}] (* _Robert G. Wilson v_, Aug 06 2008 *)	[1, 2, 4, 7, 12, 19, 30, 45, 67, 97, 139, 195, 272, 373, 508, 684, 915, 1212, 1597, 2087, 2714, 3506, 4508, 5763, 7338, 9296, 11732, 14742, 18460, 23025, 28629, 35471, 43820, 53963, 66273, 81156, 99133, 120770, 146785, 177970, 215308, 259891, 313065, 376326, 451501]
A000070	a[ n_] := SeriesCoefficient[ 1 / (1 - x) / QPochhammer[ x], {x, 0, n}]; (* _Michael Somos_, Nov 09 2013 *)	[1, 2, 4, 7, 12, 19, 30, 45, 67, 97, 139, 195, 272, 373, 508, 684, 915, 1212, 1597, 2087, 2714, 3506, 4508, 5763, 7338, 9296, 11732, 14742, 18460, 23025, 28629, 35471, 43820, 53963, 66273, 81156, 99133, 120770, 146785, 177970, 215308, 259891, 313065, 376326, 451501]
A000070	Accumulate[PartitionsP[Range[0,49]]] (* _George Beck_, Oct 23 2014; typo fixed by _Virgile Andreani_, Jul 10 2016 *)	[1, 2, 4, 7, 12, 19, 30, 45, 67, 97, 139, 195, 272, 373, 508, 684, 915, 1212, 1597, 2087, 2714, 3506, 4508, 5763, 7338, 9296, 11732, 14742, 18460, 23025, 28629, 35471, 43820, 53963, 66273, 81156, 99133, 120770, 146785, 177970, 215308, 259891, 313065, 376326, 451501]
A000071	Join[{0}, Accumulate[Fibonacci[Range[0, 39]]]] (* _Alonso del Arte_, Oct 22 2017, based on Giorgi Dalakishvili's formula *)	[0, 0, 1, 2, 4, 7, 12, 20, 33, 54, 88, 143, 232, 376, 609, 986, 1596, 2583, 4180, 6764, 10945, 17710, 28656, 46367, 75024, 121392, 196417, 317810, 514228, 832039, 1346268, 2178308, 3524577, 5702886, 9227464, 14930351, 24157816, 39088168]
A000073	CoefficientList[Series[x^2/(1 - x - x^2 - x^3), {x, 0, 50}], x]	[0, 0, 1, 1, 2, 4, 7, 13, 24, 44, 81, 149, 274, 504, 927, 1705, 3136, 5768, 10609, 19513, 35890, 66012, 121415, 223317, 410744, 755476, 1389537, 2555757, 4700770, 8646064, 15902591, 29249425, 53798080, 98950096, 181997601, 334745777, 615693474, 1132436852]
A000073	LinearRecurrence[{1, 1, 1}, {0, 0, 1}, 60] (* _Vladimir Joseph Stephan Orlovsky_, May 24 2011 *)	[0, 0, 1, 1, 2, 4, 7, 13, 24, 44, 81, 149, 274, 504, 927, 1705, 3136, 5768, 10609, 19513, 35890, 66012, 121415, 223317, 410744, 755476, 1389537, 2555757, 4700770, 8646064, 15902591, 29249425, 53798080, 98950096, 181997601, 334745777, 615693474, 1132436852]
A000073	a[n_] := SeriesCoefficient[If[ n < 0, x/(1 + x + x^2 - x^3), x^2/(1 - x - x^2 - x^3)], {x, 0, Abs @ n}] (* _Michael Somos_, Jun 01 2013 *)	[0, 0, 1, 1, 2, 4, 7, 13, 24, 44, 81, 149, 274, 504, 927, 1705, 3136, 5768, 10609, 19513, 35890, 66012, 121415, 223317, 410744, 755476, 1389537, 2555757, 4700770, 8646064, 15902591, 29249425, 53798080, 98950096, 181997601, 334745777, 615693474, 1132436852]
A000073	Table[-RootSum[-1 - # - #^2 + #^3 &, -#^n - 9 #^(n + 1) + 4 #^(n + 2) &]/22, {n, 0, 20}] (* _Eric W. Weisstein_, Nov 09 2017 *)	[0, 0, 1, 1, 2, 4, 7, 13, 24, 44, 81, 149, 274, 504, 927, 1705, 3136, 5768, 10609, 19513, 35890, 66012, 121415, 223317, 410744, 755476, 1389537, 2555757, 4700770, 8646064, 15902591, 29249425, 53798080, 98950096, 181997601, 334745777, 615693474, 1132436852]
A000078	CoefficientList[Series[x^3/(1-x-x^2-x^3-x^4), {x, 0, 50}], x]	[0, 0, 0, 1, 1, 2, 4, 8, 15, 29, 56, 108, 208, 401, 773, 1490, 2872, 5536, 10671, 20569, 39648, 76424, 147312, 283953, 547337, 1055026, 2033628, 3919944, 7555935, 14564533, 28074040, 54114452, 104308960, 201061985, 387559437, 747044834, 1439975216, 2775641472]
A000078	Table[RootSum[#^4 -#^3 -#^2 -# -1 &, #^(n-2)/(-#^3 +6# -1) &], {n, 0, 40}] (* End *)	[0, 0, 0, 1, 1, 2, 4, 8, 15, 29, 56, 108, 208, 401, 773, 1490, 2872, 5536, 10671, 20569, 39648, 76424, 147312, 283953, 547337, 1055026, 2033628, 3919944, 7555935, 14564533, 28074040, 54114452, 104308960, 201061985, 387559437, 747044834, 1439975216, 2775641472]
A000081	s[ n_, k_ ] := s[ n, k ]=a[ n+1-k ]+If[ n<2k, 0, s[ n-k, k ] ]; a[ 1 ]=1; a[ n_ ] := a[ n ]=Sum[ a[ i ]s[ n-1, i ]i, {i, 1, n-1} ]/(n-1); Table[ a[ i ], {i, 1, 30} ] (* _Robert A. Russell_ *)	[0, 1, 1, 2, 4, 9, 20, 48, 115, 286, 719, 1842, 4766, 12486, 32973, 87811, 235381, 634847, 1721159, 4688676, 12826228, 35221832, 97055181, 268282855, 743724984, 2067174645, 5759636510, 16083734329, 45007066269, 126186554308, 354426847597, 997171512998]
A000081	a[n_] := a[n] = If[n <= 1, n, Sum[Sum[d*a[d], {d, Divisors[j]}]*a[n-j], {j, 1, n-1}]/(n-1)]; Table[a[n], {n, 0, 30}] (* _Jean-François Alcover_, Feb 17 2014, after _Alois P. Heinz_ *)	[0, 1, 1, 2, 4, 9, 20, 48, 115, 286, 719, 1842, 4766, 12486, 32973, 87811, 235381, 634847, 1721159, 4688676, 12826228, 35221832, 97055181, 268282855, 743724984, 2067174645, 5759636510, 16083734329, 45007066269, 126186554308, 354426847597, 997171512998]
A000081	a[n:0|1] := n; a[n_] := a[n] = Sum[m a[m] a[n-k*m], {m, n-1}, {k, (n-1)/m}]/(n-1); Table[a[n], {n, 0, 30}] (* _Vladimir Reshetnikov_, Nov 06 2015 *)	[0, 1, 1, 2, 4, 9, 20, 48, 115, 286, 719, 1842, 4766, 12486, 32973, 87811, 235381, 634847, 1721159, 4688676, 12826228, 35221832, 97055181, 268282855, 743724984, 2067174645, 5759636510, 16083734329, 45007066269, 126186554308, 354426847597, 997171512998]
A000081	terms = 31; A[_] = 0; Do[A[x_] = x*Exp[Sum[A[x^k]/k, {k, 1, j}]] + O[x]^j // Normal, {j, 1, terms}]; CoefficientList[A[x], x] (* _Jean-François Alcover_, Jan 11 2018 *)	[0, 1, 1, 2, 4, 9, 20, 48, 115, 286, 719, 1842, 4766, 12486, 32973, 87811, 235381, 634847, 1721159, 4688676, 12826228, 35221832, 97055181, 268282855, 743724984, 2067174645, 5759636510, 16083734329, 45007066269, 126186554308, 354426847597, 997171512998]
A000082	Table[ Fold[ If[ Mod[ n, #2 ]==0 && PrimeQ[ #2 ], #1*(1+1/#2), #1 ]&, n^2, Range[ n ] ], {n, 1, 45} ]	[1, 6, 12, 24, 30, 72, 56, 96, 108, 180, 132, 288, 182, 336, 360, 384, 306, 648, 380, 720, 672, 792, 552, 1152, 750, 1092, 972, 1344, 870, 2160, 992, 1536, 1584, 1836, 1680, 2592, 1406, 2280, 2184, 2880, 1722, 4032, 1892, 3168, 3240, 3312, 2256]
A000082	Table[ n^2 Times@@(1+1/Select[ Range[ 1, n ], (Mod[ n, #1 ]==0&&PrimeQ[ #1 ])& ]), {n, 1, 45} ] (* _Olivier Gérard_, Aug 15 1997 *)	[1, 6, 12, 24, 30, 72, 56, 96, 108, 180, 132, 288, 182, 336, 360, 384, 306, 648, 380, 720, 672, 792, 552, 1152, 750, 1092, 972, 1344, 870, 2160, 992, 1536, 1584, 1836, 1680, 2592, 1406, 2280, 2184, 2880, 1722, 4032, 1892, 3168, 3240, 3312, 2256]
A000085	With[{nn=30},CoefficientList[Series[Exp[x+x^2/2],{x,0,nn}],x] Range[0,nn]!] (* _Harvey P. Dale_, May 28 2013 *)	[1, 1, 2, 4, 10, 26, 76, 232, 764, 2620, 9496, 35696, 140152, 568504, 2390480, 10349536, 46206736, 211799312, 997313824, 4809701440, 23758664096, 119952692896, 618884638912, 3257843882624, 17492190577600, 95680443760576, 532985208200576, 3020676745975552]
A000085	a[ n_] := If[ n < 0, 0, n! SeriesCoefficient[ Exp[ x + x^2 / 2], {x, 0, n}]]; (* _Michael Somos_, Jun 01 2013 *)	[1, 1, 2, 4, 10, 26, 76, 232, 764, 2620, 9496, 35696, 140152, 568504, 2390480, 10349536, 46206736, 211799312, 997313824, 4809701440, 23758664096, 119952692896, 618884638912, 3257843882624, 17492190577600, 95680443760576, 532985208200576, 3020676745975552]
A000085	Table[(I/Sqrt[2])^n HermiteH[n, -I/Sqrt[2]], {n, 0, 100}] (* _Emanuele Munarini_, Mar 02 2016 *)	[1, 1, 2, 4, 10, 26, 76, 232, 764, 2620, 9496, 35696, 140152, 568504, 2390480, 10349536, 46206736, 211799312, 997313824, 4809701440, 23758664096, 119952692896, 618884638912, 3257843882624, 17492190577600, 95680443760576, 532985208200576, 3020676745975552]
A000085	sds[{}]:={{}};sds[set:{i_,___}]:=Join@@Function[s,Prepend[#,s]&/@sds[Complement[set,s]]]/@Cases[Subsets[set,{1,2}],{i,___}]; Table[Length[sds[Range[n]]],{n,0,10}] (* _Gus Wiseman_, Jan 11 2021 *)	[1, 1, 2, 4, 10, 26, 76, 232, 764, 2620, 9496, 35696, 140152, 568504, 2390480, 10349536, 46206736, 211799312, 997313824, 4809701440, 23758664096, 119952692896, 618884638912, 3257843882624, 17492190577600, 95680443760576, 532985208200576, 3020676745975552]
A000086	Array[ Function[ n, If[ EvenQ[ n ] || Mod[ n, 9 ]==0, 0, Count[ Array[ Mod[ #^2-#+1, n ]&, n, 0 ], 0 ] ] ], 84 ]	[1, 0, 1, 0, 0, 0, 2, 0, 0, 0, 0, 0, 2, 0, 0, 0, 0, 0, 2, 0, 2, 0, 0, 0, 0, 0, 0, 0, 0, 0, 2, 0, 0, 0, 0, 0, 2, 0, 2, 0, 0, 0, 2, 0, 0, 0, 0, 0, 2, 0, 0, 0, 0, 0, 0, 0, 2, 0, 0, 0, 2, 0, 0, 0, 0, 0, 2, 0, 0, 0, 0, 0, 2, 0, 0, 0, 0, 0, 2, 0, 0, 0, 0, 0, 0, 0, 0, 0, 0, 0, 4, 0, 2, 0, 0, 0, 2, 0, 0, 0, 0, 0, 2, 0, 0]
A000086	a[n_] := a[n] = Product[{p, e} = pe; Which[p==1 || p==3 && e==1, 1, p==3 && e>1, 0, Mod[p, 3]==1, 2, Mod[p, 3]==2, 0, True, a[p^e]], {pe, FactorInteger[n]}]; Array[a, 105] (* _Jean-François Alcover_, Oct 18 2018 *)	[1, 0, 1, 0, 0, 0, 2, 0, 0, 0, 0, 0, 2, 0, 0, 0, 0, 0, 2, 0, 2, 0, 0, 0, 0, 0, 0, 0, 0, 0, 2, 0, 0, 0, 0, 0, 2, 0, 2, 0, 0, 0, 2, 0, 0, 0, 0, 0, 2, 0, 0, 0, 0, 0, 0, 0, 2, 0, 0, 0, 2, 0, 0, 0, 0, 0, 2, 0, 0, 0, 0, 0, 2, 0, 0, 0, 0, 0, 2, 0, 0, 0, 0, 0, 0, 0, 0, 0, 0, 0, 4, 0, 2, 0, 0, 0, 2, 0, 0, 0, 0, 0, 2, 0, 0]
A000090	nn=20;Range[0,nn]!CoefficientList[Series[Exp[-x^3/3]/(1-x),{x,0,nn}],x]  (* _Geoffrey Critzer_, Oct 28 2012 *)	[1, 1, 2, 4, 16, 80, 520, 3640, 29120, 259840, 2598400, 28582400, 343235200, 4462057600, 62468806400, 936987251200, 14991796019200, 254860532326400, 4587501779660800, 87162533813555200, 1743250676271104000, 36608259566534656000, 805381710463762432000]
A000091	a[1] = 1; a[n_] := Block[{b, d, nt, c = 1}, If[Mod[n, 2] == 0, c = c*2]; If[Mod[n, 3] == 0, c = c*2]; nt = n; While[ Mod[nt, 2] == 0, nt = nt/2]; While[ Mod[nt, 3] == 0, nt = nt/3]; If[Mod[n, 9] == 0, Return[0]]; b = 1; For[d = 3, d <= nt, d++, If[Mod[nt, d] == 0 && PrimeQ[d], b = b*(1+JacobiSymbol[-3, d])]]; Return[b*c]]; Table[a[n], {n, 1, 105}] (* _Jean-François Alcover_, Feb 06 2012, after Maple *)	[1, 2, 2, 2, 0, 4, 2, 2, 0, 0, 0, 4, 2, 4, 0, 2, 0, 0, 2, 0, 4, 0, 0, 4, 0, 4, 0, 4, 0, 0, 2, 2, 0, 0, 0, 0, 2, 4, 4, 0, 0, 8, 2, 0, 0, 0, 0, 4, 2, 0, 0, 4, 0, 0, 0, 4, 4, 0, 0, 0, 2, 4, 0, 2, 0, 0, 2, 0, 0, 0, 0, 0, 2, 4, 0, 4, 0, 8, 2, 0, 0, 0, 0, 8, 0, 4, 0, 0, 0, 0, 4, 0, 4, 0, 0, 4, 2, 4, 0, 0, 0, 0, 2, 4, 0]
A000092	P[n_] := Sum[SquaresR[3, k], {k, 0, n}] - Round[(4/3)*Pi*n^(3/2)]; record = 0; A000092 = Reap[For[n=1, n <= 2*10^4, n++, If[(p = Abs[P[n]]) > record, record = p; Print[n]; Sow[n]]]][[2, 1]] (* _Jean-François Alcover_, Feb 04 2016, after _M. F. Hasler_ *)	[1, 2, 5, 6, 14, 21, 29, 30, 54, 90, 134, 155, 174, 230, 234, 251, 270, 342, 374, 461, 494, 550, 666, 750, 810, 990, 1890, 2070, 2486, 2757, 2966, 3150, 3566, 3630, 4554, 4829, 5670, 5750, 8154, 8382, 8774, 8910, 10350, 10710, 15734, 15750, 16302, 17550]
A000097	etr[p_] := Module[{b}, b[n_] := b[n] = If[n == 0, 1, Sum[Sum[d*p[d], {d, Divisors[j]}]*b[n - j], {j, 1, n}]/n]; b]; a = etr[If[# < 3, 2, 1]&]; Table[a[n], {n, 0, 40}] (* _Jean-François Alcover_, Apr 09 2014, after _Alois P. Heinz_ *)	[1, 2, 5, 9, 17, 28, 47, 73, 114, 170, 253, 365, 525, 738, 1033, 1422, 1948, 2634, 3545, 4721, 6259, 8227, 10767, 13990, 18105, 23286, 29837, 38028, 48297, 61053, 76926, 96524, 120746, 150487, 187019, 231643, 286152, 352413, 432937, 530383, 648245]
A000097	ats[y_]:=Sum[(-1)^(i-1)*y[[i]],{i,Length[y]}];Table[Length[Select[IntegerPartitions[n],ats[#]==2&]],{n,0,30,2}] (* _Gus Wiseman_, Jun 21 2021*)	[1, 2, 5, 9, 17, 28, 47, 73, 114, 170, 253, 365, 525, 738, 1033, 1422, 1948, 2634, 3545, 4721, 6259, 8227, 10767, 13990, 18105, 23286, 29837, 38028, 48297, 61053, 76926, 96524, 120746, 150487, 187019, 231643, 286152, 352413, 432937, 530383, 648245]
A000099	nmax = 3*10^4; A[n_] := 1 + 4*Floor[Sqrt[n]] + 4*Floor[Sqrt[n/2]]^2 + 8* Sum[Floor[Sqrt[n - j^2]], {j, Floor[Sqrt[n/2]]+1, Floor[Sqrt[n]]}]; V[n_] := Pi*n; P[n_] := A[n] - V[n]; record = 0; A000099 = Reap[For[k = 0; n = 1, n <= nmax, n++, p = Abs[P[n]]; If[p > record, record = p; k++; Sow[n]; Print["a(", k, ") = ", n];]]][[2, 1]] (* _Jean-François Alcover_, Feb 03 2016 *)	[1, 2, 5, 10, 20, 24, 26, 41, 53, 130, 149, 205, 234, 287, 340, 410, 425, 480, 586, 840, 850, 986, 1680, 1843, 2260, 2591, 3023, 3024, 3400, 3959, 3960, 5182, 5183, 7920, 9796, 11233, 14883, 15119, 15120, 19593, 21600, 21603, 21604, 22177, 28559, 28560]
A000100	a[ n_] := SeriesCoefficient[ If[ n > 0, x^3 / ((1 - x - x^2) (1 - x - x^2 - x^3)), -x^2 / ((1 + x - x^2) (1 + x + x^2 - x^3))], {x, 0, Abs@n}]; (* _Michael Somos_, Jun 01 2013 *)	[0, 0, 0, 1, 2, 5, 11, 23, 47, 94, 185, 360, 694, 1328, 2526, 4781, 9012, 16929, 31709, 59247, 110469, 205606, 382087, 709108, 1314512, 2434364, 4504352, 8328253, 15388362, 28417385, 52451811, 96771787, 178473023, 329042890, 606466009, 1117506500]
A000102	a[n_] := MatrixPower[ Table[ Which[i+1 == j, 1, j == 1, {2, 1, 0, -2, -3, -2, -1}[[i]], True, 0], {i, 1, 7}, {j, 1, 7}], n][[1, 5]]; Table[a[n], {n, 0, 34}] (* _Jean-François Alcover_, May 28 2013, after _Alois P. Heinz_ *)	[0, 0, 0, 0, 1, 2, 5, 12, 27, 59, 127, 269, 563, 1167, 2400, 4903, 9960, 20135, 40534, 81300, 162538, 324020, 644282, 1278152, 2530407, 5000178, 9863763, 19427976, 38211861, 75059535, 147263905, 288609341, 565047233, 1105229439, 2159947998]
A000106	<<NumericalDifferentialEquationAnalysis`; btc = ButcherTreeCount[max = 30]; Flatten[ Table[ ListConvolve[t=Take[btc, n], t], {n, 1, max}]] (* _Jean-François Alcover_, Nov 02 2011 *)	[1, 2, 5, 12, 30, 74, 188, 478, 1235, 3214, 8450, 22370, 59676, 160140, 432237, 1172436, 3194870, 8741442, 24007045, 66154654, 182864692, 506909562, 1408854940, 3925075510, 10959698606, 30665337738, 85967279447, 241433975446, 679192039401, 1913681367936, 5399924120339]
A000106	b[n_] := b[n] = If[n <= 1, n, Sum[k*b[k]*s[n-1, k], {k, 1, n-1}]/(n-1)]; s[n_, k_] := s[n, k] = Sum[b[n+1-j*k], {j, 1, Quotient[n, k]}]; B[n_] := B[n] = Sum[b[k]*x^k, {k, 1, n}]; a[n_] := SeriesCoefficient[B[n-1]^2, {x, 0, n}]; Table[a[n], {n, 2, 35}] (* _Jean-François Alcover_, Dec 01 2016, after _Alois P. Heinz_ *)	[1, 2, 5, 12, 30, 74, 188, 478, 1235, 3214, 8450, 22370, 59676, 160140, 432237, 1172436, 3194870, 8741442, 24007045, 66154654, 182864692, 506909562, 1408854940, 3925075510, 10959698606, 30665337738, 85967279447, 241433975446, 679192039401, 1913681367936, 5399924120339]
A000107	b[0] = 0; b[1] = 1; b[n_] := b[n] = Sum[ Sum[ d*b[d], {d, Divisors[j]}]*b[n-j], {j, 1, n-1}]/(n-1); a[n_] := a[n] = b[n] + Sum[ a[n-i]*b[i], {i, 1, n-1}]; Table[ a[n], {n, 0, 26}](* _Jean-François Alcover_, Mar 07 2012, after _Alois P. Heinz_ *)	[0, 1, 2, 5, 13, 35, 95, 262, 727, 2033, 5714, 16136, 45733, 130046, 370803, 1059838, 3035591, 8710736, 25036934, 72069134, 207727501, 599461094, 1731818878, 5008149658, 14496034714, 41993925955, 121747732406, 353221737526, 1025471857282, 2978995353959, 8658997820084]
A000108	CoefficientList[Series[(1 - Sqrt[1 - 4*x]) / (2*x),{x,0,50}],x] (* _Stefano Spezia_, Aug 31 2018 *)	[1, 1, 2, 5, 14, 42, 132, 429, 1430, 4862, 16796, 58786, 208012, 742900, 2674440, 9694845, 35357670, 129644790, 477638700, 1767263190, 6564120420, 24466267020, 91482563640, 343059613650, 1289904147324, 4861946401452, 18367353072152, 69533550916004, 263747951750360, 1002242216651368, 3814986502092304]
A000110	Table[j! Coefficient[Series[Exp[Exp[x] - 1], {x, 0, 20}], x, j], {j, 0, 20}] (* _Nikolaos Pantelidis_, Feb 01 2023 *)	[1, 1, 2, 5, 15, 52, 203, 877, 4140, 21147, 115975, 678570, 4213597, 27644437, 190899322, 1382958545, 10480142147, 82864869804, 682076806159, 5832742205057, 51724158235372, 474869816156751, 4506715738447323, 44152005855084346, 445958869294805289, 4638590332229999353, 49631246523618756274]
A000111	n=22; CoefficientList[Series[(1+Sin[x])/Cos[x], {x, 0, n}], x] * Table[k!, {k, 0, n}] (* _Jean-François Alcover_, May 18 2011, after _Michael Somos_ *)	[1, 1, 1, 2, 5, 16, 61, 272, 1385, 7936, 50521, 353792, 2702765, 22368256, 199360981, 1903757312, 19391512145, 209865342976, 2404879675441, 29088885112832, 370371188237525, 4951498053124096, 69348874393137901, 1015423886506852352, 15514534163557086905, 246921480190207983616, 4087072509293123892361]
A000111	ee = Table[ 2^n*EulerE[n, 1] + EulerE[n] - 1, {n, 0, 26}]; Table[ Differences[ee, n] // First // Abs, {n, 0, 26}] (* _Jean-François Alcover_, Mar 21 2013, after _Paul Curtz_ *)	[1, 1, 1, 2, 5, 16, 61, 272, 1385, 7936, 50521, 353792, 2702765, 22368256, 199360981, 1903757312, 19391512145, 209865342976, 2404879675441, 29088885112832, 370371188237525, 4951498053124096, 69348874393137901, 1015423886506852352, 15514534163557086905, 246921480190207983616, 4087072509293123892361]
A000111	a[ n_] := If[ n < 1, Boole[n == 0], With[{m = n - 1}, m! SeriesCoefficient[ 1 / (1 - Sin[x]), {x, 0, m}]]]; (* _Michael Somos_, Aug 15 2015 *)	[1, 1, 1, 2, 5, 16, 61, 272, 1385, 7936, 50521, 353792, 2702765, 22368256, 199360981, 1903757312, 19391512145, 209865342976, 2404879675441, 29088885112832, 370371188237525, 4951498053124096, 69348874393137901, 1015423886506852352, 15514534163557086905, 246921480190207983616, 4087072509293123892361]
A000111	a[0] := 1; a[1] := 1; a[n_] := a[n] = Sum[Binomial[n - 2, k] a[k] a[n - 1 - k], {k, 0, n - 2}]; Map[a, Range[0, 26]] (* _Oliver Seipel_, May 24 2024 after _Peter Bala_ *)	[1, 1, 1, 2, 5, 16, 61, 272, 1385, 7936, 50521, 353792, 2702765, 22368256, 199360981, 1903757312, 19391512145, 209865342976, 2404879675441, 29088885112832, 370371188237525, 4951498053124096, 69348874393137901, 1015423886506852352, 15514534163557086905, 246921480190207983616, 4087072509293123892361]
A000115	nn=50;CoefficientList[Series[1/(1-x)/(1-x^2)/(1-x^5),{x,0,nn}],x]  (* _Geoffrey Critzer_, Jan 20 2013 *)	[1, 1, 2, 2, 3, 4, 5, 6, 7, 8, 10, 11, 13, 14, 16, 18, 20, 22, 24, 26, 29, 31, 34, 36, 39, 42, 45, 48, 51, 54, 58, 61, 65, 68, 72, 76, 80, 84, 88, 92, 97, 101, 106, 110, 115, 120, 125, 130, 135, 140, 146, 151, 157, 162, 168, 174, 180, 186, 192, 198, 205, 211, 218, 224, 231, 238]
A000118	a[ n_] :=  SeriesCoefficient[ EllipticTheta[ 3, 0, q]^4, {q, 0, n}]; (* _Michael Somos_, Jun 12 2014 *)	[1, 8, 24, 32, 24, 48, 96, 64, 24, 104, 144, 96, 96, 112, 192, 192, 24, 144, 312, 160, 144, 256, 288, 192, 96, 248, 336, 320, 192, 240, 576, 256, 24, 384, 432, 384, 312, 304, 480, 448, 144, 336, 768, 352, 288, 624, 576, 384, 96, 456, 744, 576, 336, 432, 960, 576, 192]
A000120	Log[2, Nest[Join[#, 2#] &, {1}, 14]] (* gives 2^14 term, _Carlos Alves_, Mar 30 2014 *)	[0, 1, 1, 2, 1, 2, 2, 3, 1, 2, 2, 3, 2, 3, 3, 4, 1, 2, 2, 3, 2, 3, 3, 4, 2, 3, 3, 4, 3, 4, 4, 5, 1, 2, 2, 3, 2, 3, 3, 4, 2, 3, 3, 4, 3, 4, 4, 5, 2, 3, 3, 4, 3, 4, 4, 5, 3, 4, 4, 5, 4, 5, 5, 6, 1, 2, 2, 3, 2, 3, 3, 4, 2, 3, 3, 4, 3, 4, 4, 5, 2, 3, 3, 4, 3, 4, 4, 5, 3, 4, 4, 5, 4, 5, 5, 6, 2, 3, 3, 4, 3, 4, 4, 5, 3]
A000121	nmax = 91; s=Total/@Subsets[Select[Table[Fibonacci[i], {i, nmax}], # <= nmax &]];	[1, 2, 2, 3, 3, 3, 4, 3, 4, 5, 4, 5, 4, 4, 6, 5, 6, 6, 5, 6, 4, 5, 7, 6, 8, 7, 6, 8, 6, 7, 8, 6, 7, 5, 5, 8, 7, 9, 9, 8, 10, 7, 8, 10, 8, 10, 8, 7, 10, 8, 9, 9, 7, 8, 5, 6, 9, 8, 11, 10, 9, 12, 9, 11, 13, 10, 12, 9, 8, 12, 10, 12, 12, 10, 12, 8, 9, 12, 10, 13, 11, 9, 12, 9, 10, 11, 8, 9, 6, 6, 10, 9]
A000122	SquaresR[1, Range[0, 104]] (* _Robert G. Wilson v_, Jul 16 2014 *)	[1, 2, 0, 0, 2, 0, 0, 0, 0, 2, 0, 0, 0, 0, 0, 0, 2, 0, 0, 0, 0, 0, 0, 0, 0, 2, 0, 0, 0, 0, 0, 0, 0, 0, 0, 0, 2, 0, 0, 0, 0, 0, 0, 0, 0, 0, 0, 0, 0, 2, 0, 0, 0, 0, 0, 0, 0, 0, 0, 0, 0, 0, 0, 0, 2, 0, 0, 0, 0, 0, 0, 0, 0, 0, 0, 0, 0, 0, 0, 0, 0, 2, 0, 0, 0, 0, 0, 0, 0, 0, 0, 0, 0, 0, 0, 0, 0, 0, 0, 0, 2, 0, 0, 0, 0]
A000124	Accumulate[Range[0, 60]] + 1 (* _Harvey P. Dale_, Mar 12 2013 *)	[1, 2, 4, 7, 11, 16, 22, 29, 37, 46, 56, 67, 79, 92, 106, 121, 137, 154, 172, 191, 211, 232, 254, 277, 301, 326, 352, 379, 407, 436, 466, 497, 529, 562, 596, 631, 667, 704, 742, 781, 821, 862, 904, 947, 991, 1036, 1082, 1129, 1177, 1226, 1276, 1327, 1379]
A000124	Select[Range[2000], IntegerQ[Sqrt[8 # - 7]] &] (* _Vincenzo Librandi_, Apr 16 2014 *)	[1, 2, 4, 7, 11, 16, 22, 29, 37, 46, 56, 67, 79, 92, 106, 121, 137, 154, 172, 191, 211, 232, 254, 277, 301, 326, 352, 379, 407, 436, 466, 497, 529, 562, 596, 631, 667, 704, 742, 781, 821, 862, 904, 947, 991, 1036, 1082, 1129, 1177, 1226, 1276, 1327, 1379]
A000126	Table[Length[Select[Subsets[Range[n]],Min@@Abs[Subtract@@@Partition[#,2,1,1]]>1&]],{n,15}] (* _Gus Wiseman_, Feb 10 2019 *)	[1, 2, 4, 8, 15, 27, 47, 80, 134, 222, 365, 597, 973, 1582, 2568, 4164, 6747, 10927, 17691, 28636, 46346, 75002, 121369, 196393, 317785, 514202, 832012, 1346240, 2178279, 3524547, 5702855, 9227432, 14930318, 24157782, 39088133, 63245949]
A000129	CoefficientList[Series[x/(1 - 2*x - x^2), {x, 0, 60}], x] (* _Stefan Steinerberger_, Apr 08 2006 *)	[0, 1, 2, 5, 12, 29, 70, 169, 408, 985, 2378, 5741, 13860, 33461, 80782, 195025, 470832, 1136689, 2744210, 6625109, 15994428, 38613965, 93222358, 225058681, 543339720, 1311738121, 3166815962, 7645370045, 18457556052, 44560482149, 107578520350, 259717522849]
A000129	a[ n_] := With[ {s = Sqrt@2}, ((1 + s)^n - (1 - s)^n) / (2 s)] // Simplify; (* _Michael Somos_, Jun 01 2013 *)	[0, 1, 2, 5, 12, 29, 70, 169, 408, 985, 2378, 5741, 13860, 33461, 80782, 195025, 470832, 1136689, 2744210, 6625109, 15994428, 38613965, 93222358, 225058681, 543339720, 1311738121, 3166815962, 7645370045, 18457556052, 44560482149, 107578520350, 259717522849]
A000131	catalan[n_] := Block[{c = Binomial[2 n, n]/(n + 1)}, If[IntegerQ[c], c, 0]]; f[n_] := (catalan[n - 2] - (n/2) catalan[n/2 - 1] - n*catalan[Floor[n/2] - 1] - (n/3)*catalan[n/3 - 1] + n*catalan[n/4 - 1] + n*catalan[n/6 - 1])/(2 n); Array[f, 28, 7] (* _Robert G. Wilson v_, Jun 23 2014 *)	[2, 5, 21, 61, 214, 669, 2240, 7330, 24695, 83257, 284928, 981079, 3410990, 11937328, 42075242, 149171958, 531866972, 1905842605, 6861162880, 24805692978, 90035940227, 327987890608, 1198853954688, 4395797189206, 16165195705544, 59609156824273, 220373268471398, 816677398144221]
A000140	f[n_] := Max@ CoefficientList[ Expand@ Product[ Sum[x^i, {i, 0, j}], {j, n-1}], x]; Array[f, 20]	[1, 1, 2, 6, 22, 101, 573, 3836, 29228, 250749, 2409581, 25598186, 296643390, 3727542188, 50626553988, 738680521142, 11501573822788, 190418421447330, 3344822488498265, 62119523114983224, 1214967840930909302, 24965661442811799655, 538134522243713149122]
A000141	Table[SquaresR[6, n], {n, 0, 40}] (* _Ray Chandler_, Dec 06 2006 *)	[1, 12, 60, 160, 252, 312, 544, 960, 1020, 876, 1560, 2400, 2080, 2040, 3264, 4160, 4092, 3480, 4380, 7200, 6552, 4608, 8160, 10560, 8224, 7812, 10200, 13120, 12480, 10104, 14144, 19200, 16380, 11520, 17400, 24960, 18396, 16440, 24480, 27200]
A000145	a[ n_] := SeriesCoefficient[ EllipticTheta[ 3, 0, q]^12, {q, 0, n}]; (* _Michael Somos_, Aug 15 2015 *)	[1, 24, 264, 1760, 7944, 25872, 64416, 133056, 253704, 472760, 825264, 1297056, 1938336, 2963664, 4437312, 6091584, 8118024, 11368368, 15653352, 19822176, 24832944, 32826112, 42517728, 51425088, 61903776, 78146664, 98021616]
A000147	b[n_, i_, k_] := b[n, i, k] = If[n==0, 1, If[i<1 || k<1, 0, Sum[Binomial[ b[i-1, i-1, k-1]+j-1, j]*b[n-i*j, i-1, k], {j, 0, n/i}]]]; g[n_] := b[n-1, n-1, 2] - b[n-1, n-1, 1]; a[n_] := (Sum[g[i]*g[n-i], {i, 0, n}] + If[EvenQ[n], g[n/2], 0])/2; Table[a[n], {n, 1, 45}] (* _Jean-François Alcover_, Feb 17 2016, after _Alois P. Heinz_ *)	[0, 0, 0, 0, 0, 1, 2, 7, 14, 32, 58, 110, 187, 322, 519, 839, 1302, 2015, 3032, 4542, 6668, 9738, 14006, 20036, 28324, 39830, 55473, 76875, 105692, 144629, 196585, 266038, 357952, 479664, 639519, 849425, 1123191, 1479972, 1942284, 2540674, 3311415]
A000148	Table[A000148[n], {n, 2, 100}] (* _Seth A. Troisi_, May 25 2022 *)	[1, 2, 7, 15, 28, 45, 70, 100, 138, 183, 242, 310, 388, 481, 583, 701, 838, 984, 1152, 1337, 1535, 1757, 2001, 2262, 2545, 2855, 3183, 3540, 3926, 4335, 4770, 5233, 5728, 6248, 6801, 7388, 8005, 8658, 9345, 10064, 10824, 11620, 12452, 13324, 14236]
A000150	nn=20;CoefficientList[Series[x/2(((1-(1-4x)^(1/2))/(2x))^2-(1-(1-4x^2)^(1/2))/(2x^2)),{x,0,nn}],x]  (* _Geoffrey Critzer_, Feb 21 2013 *)	[0, 0, 1, 2, 7, 20, 66, 212, 715, 2424, 8398, 29372, 104006, 371384, 1337220, 4847208, 17678835, 64821680, 238819350, 883629164, 3282060210, 12233125112, 45741281820, 171529777432, 644952073662, 2430973096720, 9183676536076]
A000164	e[0,r_,s_,m_]=0;e[n_,r_,s_,m_]:=Length[Select[Divisors[n],Mod[ #,m]==r &]]-Length[Select[Divisors[n],Mod[ #,m]==s &]];alpha[n_]:=5delta[n]+3delta[1/2 n]+4delta[1/3n];beta[n_]:=4e[n,1,3,4]+3e[n,1,7,8]+3e[n,3,5,8];delta[n_]:=If[IntegerQ[Sqrt[n]],1,0];f[n_]:=Table[n-k^2, {k,1,Floor[Sqrt[n]]}]; gamma[n_]:=2 Plus@@(e[ #,1,3,4] &/@f[n]);p3[n_]:=1/12(alpha[n]+beta[n]+gamma[n]);p3[ # ] &/@Range[0,104]	[1, 1, 1, 1, 1, 1, 1, 0, 1, 2, 1, 1, 1, 1, 1, 0, 1, 2, 2, 1, 1, 1, 1, 0, 1, 2, 2, 2, 0, 2, 1, 0, 1, 2, 2, 1, 2, 1, 2, 0, 1, 3, 1, 1, 1, 2, 1, 0, 1, 2, 3, 2, 1, 2, 3, 0, 1, 2, 1, 2, 0, 2, 2, 0, 1, 3, 3, 1, 2, 2, 1, 0, 2, 2, 3, 2, 1, 2, 1, 0, 1, 4, 2, 2, 1, 2, 3, 0, 1, 4, 3, 1, 0, 1, 2, 0, 1, 2, 3, 3, 2, 4, 2, 0, 2]
A000164	a[ n_] := If[ n < 0, 0, Sum[ Boole[ n == i^2 + j^2 + k^2], {i, 0, Sqrt[n]}, {j, 0, i}, {k, 0, j}]]; (* _Michael Somos_, Aug 15 2015 *)	[1, 1, 1, 1, 1, 1, 1, 0, 1, 2, 1, 1, 1, 1, 1, 0, 1, 2, 2, 1, 1, 1, 1, 0, 1, 2, 2, 2, 0, 2, 1, 0, 1, 2, 2, 1, 2, 1, 2, 0, 1, 3, 1, 1, 1, 2, 1, 0, 1, 2, 3, 2, 1, 2, 3, 0, 1, 2, 1, 2, 0, 2, 2, 0, 1, 3, 3, 1, 2, 2, 1, 0, 2, 2, 3, 2, 1, 2, 1, 0, 1, 4, 2, 2, 1, 2, 3, 0, 1, 4, 3, 1, 0, 1, 2, 0, 1, 2, 3, 3, 2, 4, 2, 0, 2]
A000166	Range[0, 20]! CoefficientList[ Series[ Exp[ -x]/(1 - x), {x, 0, 20}], x]	[1, 0, 1, 2, 9, 44, 265, 1854, 14833, 133496, 1334961, 14684570, 176214841, 2290792932, 32071101049, 481066515734, 7697064251745, 130850092279664, 2355301661033953, 44750731559645106, 895014631192902121, 18795307255050944540, 413496759611120779881, 9510425471055777937262]
A000166	a[n_] := n! SeriesCoefficient[Exp[-x] /(1 - x), {x, 0, n}]; (* _Michael Somos_, Jun 01 2013 *)	[1, 0, 1, 2, 9, 44, 265, 1854, 14833, 133496, 1334961, 14684570, 176214841, 2290792932, 32071101049, 481066515734, 7697064251745, 130850092279664, 2355301661033953, 44750731559645106, 895014631192902121, 18795307255050944540, 413496759611120779881, 9510425471055777937262]
A000167	Table[BesselK[n, 2] // Round, {n, 0, 21}] (* _Jean-François Alcover_, Mar 12 2014 *)	[0, 0, 0, 1, 2, 9, 49, 306, 2188, 17810, 162482, 1642635, 18231462, 220420179, 2883693795, 40592133316, 611765693528, 9828843229764, 167702100599524, 3028466654021205, 57708568527002410, 1157199837194069405]
A000169	Range[0, 18]! CoefficientList[ Series[ -LambertW[-x], {x, 0, 18}], x] // Rest (* _Robert G. Wilson v_, updated by _Jean-François Alcover_, Oct 14 2019 *)	[1, 2, 9, 64, 625, 7776, 117649, 2097152, 43046721, 1000000000, 25937424601, 743008370688, 23298085122481, 793714773254144, 29192926025390625, 1152921504606846976, 48661191875666868481, 2185911559738696531968, 104127350297911241532841, 5242880000000000000000000]
A000175	pi0[n_] := Product[k^Floor[n/k], {k, 1, n}]; J[v_, m_] := Sum[(-1)^n*(x/2)^( 2*n + v)/(n!*(n+v)!), {n, 0, m}] + O[x]^(2*m+v); p = J[1, 101]/(2*J[0, 101]); Reap[For[n=1, n <= 40, n += 2, Print["a(", (n+1)/2, ") = ", an = SeriesCoefficient[p, n]*pi0[(n+1)/2]*2^(n+1)]; Sow[an]]][[2, 1]] (* _Jean-François Alcover_, Feb 04 2016, adapted from Herman Jamke's 2nd PARI script *)	[1, 1, 2, 11, 38, 946, 4580, 202738, 3786092, 261868876, 1992367192, 2381255244240, 21411255538848, 2902625722978656, 451716954504285504, 319933105641374465472, 3761845343198709705600]
A000182	Rest@ Union[ Range[0, 29]! CoefficientList[ Series[ Tan[x], {x, 0, 30}], x]] (* _Harvey P. Dale_, Oct 19 2011; modified by _Robert G. Wilson v_, Apr 02 2012 *)	[1, 2, 16, 272, 7936, 353792, 22368256, 1903757312, 209865342976, 29088885112832, 4951498053124096, 1015423886506852352, 246921480190207983616, 70251601603943959887872, 23119184187809597841473536, 8713962757125169296170811392, 3729407703720529571097509625856]
A000182	t[1, 1] = 1; t[1, 0] = 0; t[n_ /; n > 1, m_] := t[n, m] = m*(m+1)*Sum[t[n-1, k], {k, m-1, n-1}]; a[n_] := t[n, 1]; Table[a[n], {n, 1, 15}]  (* _Jean-François Alcover_, Jan 02 2013, after A064190 *)	[1, 2, 16, 272, 7936, 353792, 22368256, 1903757312, 209865342976, 29088885112832, 4951498053124096, 1015423886506852352, 246921480190207983616, 70251601603943959887872, 23119184187809597841473536, 8713962757125169296170811392, 3729407703720529571097509625856]
A000182	a[ n_] := If[ n < 1, 0, With[{m = 2 n - 1}, m! SeriesCoefficient[ Tan[x], {x, 0, m}]]]; (* _Michael Somos_, Mar 12 2015 *)	[1, 2, 16, 272, 7936, 353792, 22368256, 1903757312, 209865342976, 29088885112832, 4951498053124096, 1015423886506852352, 246921480190207983616, 70251601603943959887872, 23119184187809597841473536, 8713962757125169296170811392, 3729407703720529571097509625856]
A000183	max = 22; f[x_, y_] := y*(1 + 3*x - 4*x^2*y - 3*x^2*y^2 - 3*x^3*y^2 + 4*x^4*y^3)/((1 - y - 2*x*y - x*y^2 + x^3*y^3)*(1 - x*y)); se = Series[f[x, y], {x, 0, max}, {y, 0, max}];coes = CoefficientList[se, {x, y}] ;t[n_, k_] := coes[[k, n]]; a[n_] := Sum[ (-1)^(k+1)*(n-k+1)!*t[n+1, k], {k, 1, n+1}]; a[1] = a[2] = a[3] = 0; Table[a[n], {n, 1, max}] (* _Jean-François Alcover_, Oct 24 2011 *)	[0, 0, 0, 1, 2, 20, 144, 1265, 12072, 126565, 1445100, 17875140, 238282730, 3407118041, 52034548064, 845569542593, 14570246018686, 265397214435860, 5095853023109484, 102877234050493609, 2178674876680100744, 48296053720501168037, 1118480911876659396600]
A000183	Flatten[{0,0,RecurrenceTable[{(382-1142 n+712 n^2-185 n^3+22 n^4-n^5) a[-7+n]+(-3776+11024 n-7689 n^2+2397 n^3-384 n^4+31 n^5-n^6) a[-6+n]+(7394-18064 n+12353 n^2-3937 n^3+661 n^4-57 n^5+2 n^6) a[-5+n]+(1452-10548 n+8254 n^2-2655 n^3+423 n^4-33 n^5+n^6) a[-4+n]+(-11046+26716 n-18588 n^2+6013 n^3-1015 n^4+87 n^5-3 n^6) a[-3+n]+(632+5546 n-3888 n^2+1007 n^3-116 n^4+5 n^5) a[-2+n]+(3966-4666 n+3655 n^2-1445 n^3+284 n^4-27 n^5+n^6) a[-1+n]+(2444-3214 n+1409 n^2-283 n^3+27 n^4-n^5) a[n]==0,a[8]==1265,a[9]==12072,a[3]==0,a[4]==1,a[5]==2,a[6]==20,a[7]==144},a,{n,3,20}]}] (* _Vaclav Kotesovec_, Aug 10 2013 *)	[0, 0, 0, 1, 2, 20, 144, 1265, 12072, 126565, 1445100, 17875140, 238282730, 3407118041, 52034548064, 845569542593, 14570246018686, 265397214435860, 5095853023109484, 102877234050493609, 2178674876680100744, 48296053720501168037, 1118480911876659396600]
A000186	a[n_] := (t0 = 0; Do[t0 = t0 + (2^j/j!)*k!*Binomial[-3*(k+1), n-k-j], {j, 0, n}, {k, 0, n-j}]; n!*t0); Table[a[n], {n, 0, 18}] (* _Jean-François Alcover_, Oct 13 2011, after Maple *)	[1, 0, 0, 2, 24, 552, 21280, 1073760, 70299264, 5792853248, 587159944704, 71822743499520, 10435273503677440, 1776780700509416448, 350461958856515690496, 79284041282622163140608, 20392765404792755583221760, 5917934230798104348783083520, 1924427226324694427836833857536]
A000187	a0=5; nmax=20; km0 = nmax; Clear[cc]; L[a_, s_, km_] := Sum[JacobiSymbol[ -a, 2k+1]/(2k+1)^s, {k, 0, km}]; c[a_, n_, km_] := 2^(2n+1)*Pi^(-2n-1)*(2n)!*a^(2n+1/2)*L[a, 2n+1, km] // Round; cc[km_] := cc[km] = Table[ c[a0, n, km], {n, 0, nmax}]; cc[km0]; cc[km = 2km0]; While[cc[km] != cc[ km/2, km = 2km]]; A000187 = cc[km] (* _Jean-François Alcover_, Feb 05 2016 *)	[2, 30, 3522, 1066590, 604935042, 551609685150, 737740947722562, 1360427147514751710, 3308161927353377294082, 10256718523496425979562270, 39490468691102039103925777602, 184856411587530526077816051412830, 1033888847501229495999134528615701122]
A000188	Array[Function[n, Count[Array[PowerMod[#, 2, n ] &, n, 0 ], 0 ] ], 100]	[1, 1, 1, 2, 1, 1, 1, 2, 3, 1, 1, 2, 1, 1, 1, 4, 1, 3, 1, 2, 1, 1, 1, 2, 5, 1, 3, 2, 1, 1, 1, 4, 1, 1, 1, 6, 1, 1, 1, 2, 1, 1, 1, 2, 3, 1, 1, 4, 7, 5, 1, 2, 1, 3, 1, 2, 1, 1, 1, 2, 1, 1, 3, 8, 1, 1, 1, 2, 1, 1, 1, 6, 1, 1, 5, 2, 1, 1, 1, 4, 9, 1, 1, 2, 1, 1, 1, 2, 1, 3]
A000188	nMax = 90; sList = Range[Floor[Sqrt[nMax]]]^2; Sqrt[#] &/@ Table[ Last[ Select[ sList, Divisible[n, #] &]], {n, nMax}] (* _Harvey P. Dale_, May 11 2011 *)	[1, 1, 1, 2, 1, 1, 1, 2, 3, 1, 1, 2, 1, 1, 1, 4, 1, 3, 1, 2, 1, 1, 1, 2, 5, 1, 3, 2, 1, 1, 1, 4, 1, 1, 1, 6, 1, 1, 1, 2, 1, 1, 1, 2, 3, 1, 1, 4, 7, 5, 1, 2, 1, 3, 1, 2, 1, 1, 1, 2, 1, 1, 3, 8, 1, 1, 1, 2, 1, 1, 1, 6, 1, 1, 5, 2, 1, 1, 1, 4, 9, 1, 1, 2, 1, 1, 1, 2, 1, 3]
A000189	Array[ Function[ n, Count[ Array[ PowerMod[ #, 3, n ]&, n, 0 ], 0 ] ], 100 ]	[1, 1, 1, 2, 1, 1, 1, 4, 3, 1, 1, 2, 1, 1, 1, 4, 1, 3, 1, 2, 1, 1, 1, 4, 5, 1, 9, 2, 1, 1, 1, 8, 1, 1, 1, 6, 1, 1, 1, 4, 1, 1, 1, 2, 3, 1, 1, 4, 7, 5, 1, 2, 1, 9, 1, 4, 1, 1, 1, 2, 1, 1, 3, 16, 1, 1, 1, 2, 1, 1, 1, 12, 1, 1, 5, 2, 1, 1, 1, 4, 9, 1, 1, 2, 1, 1, 1, 4, 1, 3]
A000190	Array[ Function[ n, Count[ Array[ PowerMod[ #, 4, n ]&, n, 0 ], 0 ] ], 100 ]	[1, 1, 1, 2, 1, 1, 1, 4, 3, 1, 1, 2, 1, 1, 1, 8, 1, 3, 1, 2, 1, 1, 1, 4, 5, 1, 9, 2, 1, 1, 1, 8, 1, 1, 1, 6, 1, 1, 1, 4, 1, 1, 1, 2, 3, 1, 1, 8, 7, 5, 1, 2, 1, 9, 1, 4, 1, 1, 1, 2, 1, 1, 3, 16, 1, 1, 1, 2, 1, 1, 1, 12, 1, 1, 5, 2, 1, 1, 1, 8, 27, 1, 1, 2, 1, 1, 1, 4, 1, 3]
A000194	CoefficientList[Series[x QPochhammer[-x^2, x^4] QPochhammer[x^8, x^8]/(1 - x), {x, 0, 50}], x] (* _Eric W. Weisstein_, Jan 10 2024 *)	[0, 1, 1, 2, 2, 2, 2, 3, 3, 3, 3, 3, 3, 4, 4, 4, 4, 4, 4, 4, 4, 5, 5, 5, 5, 5, 5, 5, 5, 5, 5, 6, 6, 6, 6, 6, 6, 6, 6, 6, 6, 6, 6, 7, 7, 7, 7, 7, 7, 7, 7, 7, 7, 7, 7, 7, 7, 8, 8, 8, 8, 8, 8, 8, 8, 8, 8, 8, 8, 8, 8, 8, 8, 9, 9, 9, 9, 9, 9, 9, 9, 9, 9, 9, 9, 9, 9, 9, 9, 9, 9, 10, 10, 10, 10, 10, 10, 10, 10]
A000204	c = (1 + Sqrt[5])/2; Table[Expand[c^n + (1 - c)^n], {n, 30}] (* _Artur Jasinski_, Oct 05 2008 *)	[1, 3, 4, 7, 11, 18, 29, 47, 76, 123, 199, 322, 521, 843, 1364, 2207, 3571, 5778, 9349, 15127, 24476, 39603, 64079, 103682, 167761, 271443, 439204, 710647, 1149851, 1860498, 3010349, 4870847, 7881196, 12752043, 20633239, 33385282, 54018521, 87403803, 141422324]
A000213	CoefficientList[Series[(1-x)(1+x)/(1-x-x^2-x^3), {x, 0, 45}], x] (* _Eric W. Weisstein_, Apr 10 2018 *)	[1, 1, 1, 3, 5, 9, 17, 31, 57, 105, 193, 355, 653, 1201, 2209, 4063, 7473, 13745, 25281, 46499, 85525, 157305, 289329, 532159, 978793, 1800281, 3311233, 6090307, 11201821, 20603361, 37895489, 69700671, 128199521, 235795681, 433695873, 797691075, 1467182629]
A000217	Accumulate[Range[0,70]] (* _Harvey P. Dale_, Sep 09 2012 *)	[0, 1, 3, 6, 10, 15, 21, 28, 36, 45, 55, 66, 78, 91, 105, 120, 136, 153, 171, 190, 210, 231, 253, 276, 300, 325, 351, 378, 406, 435, 465, 496, 528, 561, 595, 630, 666, 703, 741, 780, 820, 861, 903, 946, 990, 1035, 1081, 1128, 1176, 1225, 1275, 1326, 1378, 1431]
A000217	CoefficientList[Series[x / (1 - x)^3, {x, 0, 50}], x] (* _Vincenzo Librandi_, Jul 30 2014 *)	[0, 1, 3, 6, 10, 15, 21, 28, 36, 45, 55, 66, 78, 91, 105, 120, 136, 153, 171, 190, 210, 231, 253, 276, 300, 325, 351, 378, 406, 435, 465, 496, 528, 561, 595, 630, 666, 703, 741, 780, 820, 861, 903, 946, 990, 1035, 1081, 1128, 1176, 1225, 1275, 1326, 1378, 1431]
A000220	s[ n_, k_ ] := s[ n, k ]=a[ n+1-k ]+If[ n<2k, 0, -s[ n-k, k ] ]; a[ 1 ]=1; a[ n_ ] := a[ n ]=Sum[ a[ i ]s[ n-1, i ]i, {i, 1, n-1} ]/(n-1); Table[ a[ i ]-Sum[ a[ j ]a[ i-j ], {j, 1, i/2} ]+If[ OddQ[ i ], 0, a[ i/2 ](a[ i/2 ]-1)/2 ], {i, 1, 50} ] (* _Robert A. Russell_ *)	[1, 0, 0, 0, 0, 0, 1, 1, 3, 6, 15, 29, 67, 139, 310, 667, 1480, 3244, 7241, 16104, 36192, 81435, 184452, 418870, 955860, 2187664, 5025990, 11580130, 26765230, 62027433, 144133676, 335731381, 783859852, 1834104934, 4300433063, 10102854473, 23778351222]
A000238	A[n_][y_] := A[n][y] = If[n == 0, 0, Normal[Series[x*Exp[2*Sum[A[n-1][x^k]/k, {k, 1, n-1}]], {x, 0, n}] /. x -> y]]; a[n_] := SeriesCoefficient[A[n+1][x]*(1-A[n+1][x]), {x, 0, n}]; Table[a[n], {n, 1, 26}] (* _Jean-François Alcover_, Feb 12 2014, translated from Maple *)	[1, 1, 3, 8, 27, 91, 350, 1376, 5743, 24635, 108968, 492180, 2266502, 10598452, 50235931, 240872654, 1166732814, 5702001435, 28088787314, 139354922608, 695808554300, 3494390057212, 17641695461662, 89495023510876, 456009893224285, 2332997330210440]
A000248	a[0] = 1; a[1] = 1; a[n_] := a[n] = a[n - 1] + Sum[(Binomial[n - 1, j] + (n - 1) Binomial[n - 2, j]) a[j], {j, 0, n - 2}]; Table[a[n], {n, 0, 20}] (* _David Callan_, Oct 04 2013 *)	[1, 1, 3, 10, 41, 196, 1057, 6322, 41393, 293608, 2237921, 18210094, 157329097, 1436630092, 13810863809, 139305550066, 1469959371233, 16184586405328, 185504221191745, 2208841954063318, 27272621155678841, 348586218389733556, 4605223387997411873]
A000248	Table[Sum[BellY[n, k, Range[n]], {k, 0, n}], {n, 0, 20}] (* _Vladimir Reshetnikov_, Nov 09 2016 *)	[1, 1, 3, 10, 41, 196, 1057, 6322, 41393, 293608, 2237921, 18210094, 157329097, 1436630092, 13810863809, 139305550066, 1469959371233, 16184586405328, 185504221191745, 2208841954063318, 27272621155678841, 348586218389733556, 4605223387997411873]
A000250	a[n_] := Module[{s = 0}, Do[s += permcount[p]*2^edges[p], {p, IntegerPartitions[n]}]; s/(2  n!)];	[1, 3, 10, 45, 272, 2548, 39632, 1104306, 56871880, 5463113568, 978181717680, 326167542296048, 202701136710498400, 235284321080559981952, 511531711735594715527360, 2089424601541011618029114896, 16084004145036771186002041099712, 234026948449058790311618594954430848, 6454432593140577452393525511509194184320]
A000254	Table[Sum[1/i,{i,1,n}]/Product[1/i,{i,1,n}],{n,1,30}] (* _Alexander Adamchuk_, Jul 11 2006 *)	[0, 1, 3, 11, 50, 274, 1764, 13068, 109584, 1026576, 10628640, 120543840, 1486442880, 19802759040, 283465647360, 4339163001600, 70734282393600, 1223405590579200, 22376988058521600, 431565146817638400, 8752948036761600000, 186244810780170240000]
A000255	c = CoefficientList[Series[Exp[ -z]/(1 - z)^2, {z, 0, 30}], z]; For[n = 0, n < 31, n++; Print[c[[n]]*(n - 1)! ]]	[1, 1, 3, 11, 53, 309, 2119, 16687, 148329, 1468457, 16019531, 190899411, 2467007773, 34361893981, 513137616783, 8178130767479, 138547156531409, 2486151753313617, 47106033220679059, 939765362752547227, 19690321886243846661, 432292066866171724421]
A000257	CoefficientList[Series[1 + x HypergeometricPFQ[{1, 3/2}, {4}, 8 x], {x, 0, 10}], x]	[1, 1, 3, 12, 56, 288, 1584, 9152, 54912, 339456, 2149888, 13891584, 91287552, 608583680, 4107939840, 28030648320, 193100021760, 1341536993280, 9390758952960, 66182491668480, 469294031831040, 3346270487838720, 23981605162844160, 172667557172477952]
A000258	nn = 20; Range[0, nn]! CoefficientList[Series[Exp[Exp[Exp[x] - 1] - 1], {x, 0, nn}], x]	[1, 1, 3, 12, 60, 358, 2471, 19302, 167894, 1606137, 16733779, 188378402, 2276423485, 29367807524, 402577243425, 5840190914957, 89345001017415, 1436904211547895, 24227076487779802, 427187837301557598, 7859930038606521508, 150601795280158255827]
A000258	a[ n_] := If[ n < 0, 0, n! SeriesCoefficient[ Exp[ Exp[ Exp[x] - 1] - 1] , {x, 0, n}]]; (* _Michael Somos_, Aug 15 2015 *)	[1, 1, 3, 12, 60, 358, 2471, 19302, 167894, 1606137, 16733779, 188378402, 2276423485, 29367807524, 402577243425, 5840190914957, 89345001017415, 1436904211547895, 24227076487779802, 427187837301557598, 7859930038606521508, 150601795280158255827]
A000261	nn=20;Prepend[Range[0,nn]!CoefficientList[Series[Exp[-x]/ (1-x)^4, {x,0,nn}],x],0]  (* _Geoffrey Critzer_, Nov 03 2012 *)	[0, 1, 3, 13, 71, 465, 3539, 30637, 296967, 3184129, 37401155, 477471021, 6581134823, 97388068753, 1539794649171, 25902759280525, 461904032857319, 8702813980639617, 172743930157869827, 3602826440828270029, 78768746000235327495, 1801366114380914335441]
A000261	a[ n_] := SeriesCoefficient[ x^2 HypergeometricPFQ[ {1, 4}, {}, x / (1 + x)] / (1 + x), {x, 0, n}]; (* _Michael Somos_, May 04 2014 *)	[0, 1, 3, 13, 71, 465, 3539, 30637, 296967, 3184129, 37401155, 477471021, 6581134823, 97388068753, 1539794649171, 25902759280525, 461904032857319, 8702813980639617, 172743930157869827, 3602826440828270029, 78768746000235327495, 1801366114380914335441]
A000262	Range[0, 19]! CoefficientList[ Series[E^(x/(1-x)), {x, 0, 19}], x] (* _Robert G. Wilson v_, Apr 04 2005 *)	[1, 1, 3, 13, 73, 501, 4051, 37633, 394353, 4596553, 58941091, 824073141, 12470162233, 202976401213, 3535017524403, 65573803186921, 1290434218669921, 26846616451246353, 588633468315403843, 13564373693588558173, 327697927886085654441, 8281153039765859726341]
A000262	Table[Sum[BellY[n, k, Range[n]!], {k, 0, n}], {n, 0, 20}] (* _Vladimir Reshetnikov_, Nov 09 2016 *)	[1, 1, 3, 13, 73, 501, 4051, 37633, 394353, 4596553, 58941091, 824073141, 12470162233, 202976401213, 3535017524403, 65573803186921, 1290434218669921, 26846616451246353, 588633468315403843, 13564373693588558173, 327697927886085654441, 8281153039765859726341]
A000263	A000263[n_] := Module[{a, x1, x2 }, a = 0; For[x1 = 1, x1 <= n^2, x1++, x2 = (n-x1^(1/2))^2; If[Floor[x2] >= x1+1, a = a+Floor[x2-x1]]]; a]; Table[ A000263[n], {n, 3, 80}] (* _Jean-François Alcover_, Feb 06 2016, after _R. J. Mathar_ *)	[3, 14, 39, 91, 173, 307, 502, 779, 1150, 1651, 2280, 3090, 4090, 5313, 6787, 8564, 10643, 13103, 15948, 19235, 23000, 27316, 32174, 37677, 43849, 50758, 58427, 66978, 76373, 86765, 98171, 110662, 124310, 139202, 155339, 172885]
A000264	max = 21; b[n_] := (2n)!*(2n + 2)!/(2*n!*(n + 1)!^2*(n + 2)!); b[0] = 0; bf[x_] := Sum[b[n]*x^n, {n, 0, max}]; Clear[a]; a[0] = 0; a[1] = a[2] = 1; af[x_] := Sum[a[n]*x^n, {n, 0, max}]; se = Series[bf[x] - af[x*(1 + 2*bf[x])^2], {x, 0, max}] // Normal; Table[a[n], {n, 1, max}] /. SolveAlways[se == 0, x] // First (* _Jean-François Alcover_, Jan 31 2013, after _Sean A. Irvine_ *)	[1, 1, 3, 14, 80, 518, 3647, 27274, 213480, 1731652, 14455408, 123552488, 1077096124, 9548805240, 85884971043, 782242251522, 7203683481720, 66989439309452, 628399635777936, 5940930064989720, 56562734108608536]
A000266	a=Log[1/(1-x)]-x^2/2; Range[0,20]! CoefficientList[Series[Exp[a], {x,0,20}], x] (* _Geoffrey Critzer_, Nov 29 2011 *)	[1, 1, 1, 3, 15, 75, 435, 3045, 24465, 220185, 2200905, 24209955, 290529855, 3776888115, 52876298475, 793144477125, 12690313661025, 215735332237425, 3883235945814225, 73781482970470275, 1475629660064134575, 30988222861346826075, 681740902935880863075]
A000269	b[n_] := b[n] = If[n <= 1, n, Sum[k*b[k]*s[n-1, k], {k, 1, n-1}]/(n-1)]; s[n_, k_] := s[n, k] = Sum[b[n+1 - j*k], {j, 1, Quotient[n, k]}]; B[n_] := B[n] = Sum[ b[k]*x^k, {k, 1, n}]; a[n_] := SeriesCoefficient[ B[n-1]^3 * (2*B[n-1]-3) / (B[n-1]-1)^3, {x, 0, n}]; Table[a[n], {n, 3, 30}] (* _Jean-François Alcover_, Jan 27 2015 *)	[3, 16, 67, 251, 888, 3023, 10038, 32722, 105228, 334836, 1056611, 3311784, 10322791, 32026810, 98974177, 304835956, 936147219, 2867586542, 8764280567, 26733395986, 81399821915, 247459136331, 751211286356, 2277496842016]
A000271	Table[(-1)^n HypergeometricPFQ[{1, -n, n + 1}, {1/2}, 1/4], {n, 20}] (* _Michael Somos_, May 28 2014 *)	[1, 0, 0, 1, 3, 16, 96, 675, 5413, 48800, 488592, 5379333, 64595975, 840192288, 11767626752, 176574062535, 2825965531593, 48052401132800, 865108807357216, 16439727718351881, 328839946389605643, 6906458590966507696]
A000275	a[0] = 1; a[n_] := a[n] = Sum[(-1)^(r+n+1)*Binomial[n, r]^2 a[r], {r, 0, n-1}]; Table[a[n], {n, 0, 17}] (* _Jean-François Alcover_, Aug 05 2013 *)	[1, 1, 3, 19, 211, 3651, 90921, 3081513, 136407699, 7642177651, 528579161353, 44237263696473, 4405990782649369, 515018848029036937, 69818743428262376523, 10865441556038181291819, 1923889742567310611949459, 384565973956329859109177427, 86180438505835750284241676121]
A000275	CoefficientList[Series[1/BesselJ[0,Sqrt[4*x]], {x, 0, 20}], x]* Range[0, 20]!^2 (* _Vaclav Kotesovec_, Mar 02 2014 *)	[1, 1, 3, 19, 211, 3651, 90921, 3081513, 136407699, 7642177651, 528579161353, 44237263696473, 4405990782649369, 515018848029036937, 69818743428262376523, 10865441556038181291819, 1923889742567310611949459, 384565973956329859109177427, 86180438505835750284241676121]
A000275	a[ n_] := If[ n < 0, 0, (n! 2^n)^2 SeriesCoefficient[ 1 / BesselJ[ 0, x], {x, 0, 2 n}]]; (* _Michael Somos_, Aug 20 2015 *)	[1, 1, 3, 19, 211, 3651, 90921, 3081513, 136407699, 7642177651, 528579161353, 44237263696473, 4405990782649369, 515018848029036937, 69818743428262376523, 10865441556038181291819, 1923889742567310611949459, 384565973956329859109177427, 86180438505835750284241676121]
A000281	With[{nn=30},Take[CoefficientList[Series[Cos[x]/Cos[2x],{x,0,nn}],x] Range[0,nn]!,{1,-1,2}]] (* _Harvey P. Dale_, Oct 06 2011 *)	[1, 3, 57, 2763, 250737, 36581523, 7828053417, 2309644635483, 898621108880097, 445777636063460643, 274613643571568682777, 205676334188681975553003, 184053312545818735778213457, 193944394596325636374396208563]
A000288	a[ n_] := If[ n < 0, SeriesCoefficient[ x (-2 - x + x^3) / (1 + x + x^2 + x^3 - x^4), {x, 0, -n}], SeriesCoefficient[ (1 - x^2 - 2 x^3) / (1 - x - x^2 - x^3 - x^4), {x, 0, n}]]; (* _Michael Somos_, Aug 15 2015 *)	[1, 1, 1, 1, 4, 7, 13, 25, 49, 94, 181, 349, 673, 1297, 2500, 4819, 9289, 17905, 34513, 66526, 128233, 247177, 476449, 918385, 1770244, 3412255, 6577333, 12678217, 24438049, 47105854, 90799453, 175021573, 337364929, 650291809, 1253477764]
A000290	CoefficientList[Series[-(x^2 + x)/(x - 1)^3, {x, 0, 50}], x] (* _Robert G. Wilson v_, Jul 23 2018 *)	[0, 1, 4, 9, 16, 25, 36, 49, 64, 81, 100, 121, 144, 169, 196, 225, 256, 289, 324, 361, 400, 441, 484, 529, 576, 625, 676, 729, 784, 841, 900, 961, 1024, 1089, 1156, 1225, 1296, 1369, 1444, 1521, 1600, 1681, 1764, 1849, 1936, 2025, 2116, 2209, 2304, 2401, 2500]
A000291	nmax = 50; CoefficientList[Series[1/(1-x)*(1 + 1/(1-x^2))*Product[1/(1-x^k), {k, 1, nmax}], {x, 0, nmax}], x] (* _Vaclav Kotesovec_, Feb 01 2016 *)	[2, 4, 9, 16, 29, 47, 77, 118, 181, 267, 392, 560, 797, 1111, 1541, 2106, 2863, 3846, 5142, 6808, 8973, 11733, 15275, 19753, 25443, 32582, 41569, 52770, 66757, 84078, 105555, 131995, 164566, 204450, 253292, 312799, 385285, 473183, 579722, 708353, 863553]
A000292	Nest[Accumulate, Range[0, 50], 2] (* _Harvey P. Dale_, May 24 2017 *)	[0, 1, 4, 10, 20, 35, 56, 84, 120, 165, 220, 286, 364, 455, 560, 680, 816, 969, 1140, 1330, 1540, 1771, 2024, 2300, 2600, 2925, 3276, 3654, 4060, 4495, 4960, 5456, 5984, 6545, 7140, 7770, 8436, 9139, 9880, 10660, 11480, 12341, 13244, 14190, 15180]
A000296	a[n_] := a[n] = If[n==0, 1, Sum[Binomial[n-1, i]*a[n-i-1], {i, 1, n-1}]]; Table[a[n], {n, 0, 30}] (* _Jean-François Alcover_, Feb 06 2016, after _Vladimir Kruchinin_ *)	[1, 0, 1, 1, 4, 11, 41, 162, 715, 3425, 17722, 98253, 580317, 3633280, 24011157, 166888165, 1216070380, 9264071767, 73600798037, 608476008122, 5224266196935, 46499892038437, 428369924118314, 4078345814329009, 40073660040755337, 405885209254049952, 4232705122975949401]
A000296	Table[Length[spsu[Select[Subsets[Range[n]],Select[Partition[Range[n],2,1,1], Function[ed,Complement[ed,#]=={}]]=={}&],Range[n]]],{n,8}] (* _Gus Wiseman_, Feb 10 2019 *)	[1, 0, 1, 1, 4, 11, 41, 162, 715, 3425, 17722, 98253, 580317, 3633280, 24011157, 166888165, 1216070380, 9264071767, 73600798037, 608476008122, 5224266196935, 46499892038437, 428369924118314, 4078345814329009, 40073660040755337, 405885209254049952, 4232705122975949401]
A000297	CoefficientList[Series[x (2 - x)^2 / (1 - x)^4, {x, 0, 50}], x] (* _Vincenzo Librandi_, Oct 31 2018 *)	[0, 4, 12, 25, 44, 70, 104, 147, 200, 264, 340, 429, 532, 650, 784, 935, 1104, 1292, 1500, 1729, 1980, 2254, 2552, 2875, 3224, 3600, 4004, 4437, 4900, 5394, 5920, 6479, 7072, 7700, 8364, 9065, 9804, 10582, 11400, 12259, 13160, 14104, 15092, 16125, 17204]
A000300	b[n_] := b[n] = If[ n <= 1, n, Sum[k*b[k]*s[n-1, k], {k, 1, n-1}]/(n-1)]; s[n_, k_] := s[n, k] = Sum[ b[n + 1 - j*k], {j, 1, n/k}]; bb[n_] := bb[n] = Sum[b[k]*x^k, {k, 1, n}]; a[n_] := Coefficient[ Series[ bb[n - 3]^4, {x, 0, n + 1}], x, n]; Table[a[n], {n, 4, 31}] (* _Jean-François Alcover_, Jan 25 2013, translated from _Alois P. Heinz_'s Maple program *)	[1, 4, 14, 44, 133, 388, 1116, 3168, 8938, 25100, 70334, 196824, 550656, 1540832, 4314190, 12089368, 33911543, 95228760, 267727154, 753579420, 2123637318, 5991571428, 16923929406, 47857425416, 135478757308, 383929643780, 1089118243128, 3092612497260]
A000305	t[n_, k_] := If[k <= n, k*Sum[(2*j-k+1)*(j-1)!*(3*n-k-j)!/(j-k+1)!/(j-k)!/ (2*k-j-1)!/(n-j)!, {j, k, Min[n, 2*k-1]}]/(2*n-k+1)!, 0]; a[n_] := Sum[ t[n, k], {k, 1, n}]; Array[a, 21] (* _Jean-François Alcover_, Feb 07 2016 after Herman Jamke in A046652 *)	[1, 4, 18, 89, 466, 2537, 14209, 81316, 473338, 2793454, 16674417, 100487896, 610549829, 3735850007, 23000055178, 142370597601, 885521350882, 5531501612071, 34686798239678, 218273864005214, 1377897874711437]
A000311	nn = 19; CoefficientList[ InverseSeries[ Series[1+2a-E^a, {a, 0, nn}], x], x]*Range[0, nn]! (* _Jean-François Alcover_, Jul 21 2011 *)	[0, 1, 1, 4, 26, 236, 2752, 39208, 660032, 12818912, 282137824, 6939897856, 188666182784, 5617349020544, 181790703209728, 6353726042486272, 238513970965257728, 9571020586419012608, 408837905660444010496, 18522305410364986906624]
A000311	multinomial[n_, k_List] := n!/Times @@ (k!); b[n_, i_] := b[n, i] = If[n == 0, 1, If[i<1, 0, Sum[multinomial[n, Join[{n-i*j}, Array[i&,j]]]/j!*a[i]^j *b[n-i*j, i-1], {j, 0, n/i}]]]; a[n_] := If[n<2, n, b[n, n-1]]; Table[ a[n], {n, 0, 40}] (* _Jean-François Alcover_, Feb 07 2016, after _Alois P. Heinz_ *)	[0, 1, 1, 4, 26, 236, 2752, 39208, 660032, 12818912, 282137824, 6939897856, 188666182784, 5617349020544, 181790703209728, 6353726042486272, 238513970965257728, 9571020586419012608, 408837905660444010496, 18522305410364986906624]
A000314	A[n_] := A[n] = If[n <= 0, x, Normal[Series[x*Exp[(2*A[n-1]-A[n-1]^2)/ (2-2*A[n-1])], {x, 0, n+2}]]]; a[n_] := If[n == 0, 1, Coefficient [Series[A[n-1], {x, 0, n+1}], x, n]*(n-1)!]; Table [a[n], {n, 0, 30}] (* _Jean-François Alcover_, Mar 03 2014, after _Alois P. Heinz_ *)	[1, 1, 1, 4, 31, 362, 5676, 111982, 2666392, 74433564, 2384579440, 86248530296, 3476794472064, 154579941792256, 7514932528712896, 396595845237540600, 22581060079942183936, 1379771773100463174608, 90059660791562688208128, 6253914166368448348512064]
A000318	nn = 30; t = Rest@Union[Range[0, nn - 1]! CoefficientList[Series[Tan[x], {x, 0, nn}], x]]; t2 = t*2^Range[2, 2*nn, 4] (* _T. D. Noe_, Jun 19 2012 *)	[4, 128, 16384, 4456448, 2080374784, 1483911200768, 1501108249821184, 2044143848640217088, 3605459138582973251584, 7995891855149741436305408, 21776918737280678860353961984, 71454103701490016776039304265728, 278008871543597996197497752082448384]
A000319	Floor[Table[Nest[Tan, 1, n], {n, 1, 200}]] (* _José María Grau Ribas_, Apr 13 2010 *)	[1, 1, 74, -1, -2, -3, 0, 1, 30, -2, -2, 29, 1, 4, -6, 0, 1, 2, -1, -1, -1, -1, -2, -9, 0, 0, 1, 2, -2, -35, -1, -1, -1, -1, -1, -1, -1, -2, -3, 0, 0, 1, 5, -2, -2, 3, 1, 1, -4, -1, -1, -1, -1, -1, -1, -1, -1, -2, -3, 1, 2, -1, -1, -1, -1, -1, -1, -1, -1, -1, -1, -1, -1, -1, -1, -1, -1, -1, -1, -2, -3, 0, 1, 2, -1, -2, -21, -7, 0, 0, 0, 0, 0, 0, 0, 0, 0, 0, 0, 0, 0, 0, 0]
A000320	nmax = 15; km0 = 10; Clear[dd]; L[a_, s_, km_] := Sum[JacobiSymbol[-a, 2 k + 1]/(2k+1)^s, {k, 0, km}]; d[a_ /; a>1, n_, km_] := (2n-1)! L[-a, 2n, km] (2a/Pi)^(2n)/Sqrt[a] // Round; dd[km_] := dd[km] = Table[d[5, n, km], {n, 1, nmax}]; dd[km0]; dd[km = 2km0]; While[dd[km] != dd[km/2, km = 2 km]]; A000320 = dd[km] (* _Jean-François Alcover_, Feb 07 2016 *)	[4, 272, 55744, 23750912, 17328937984, 19313964388352, 30527905292468224, 64955605537174126592, 179013508069217017790464, 620314831396713435870789632, 2639743384489464189324523208704, 13533573366345611477262311433961472, 82274260343572247169162187576069586944]
A000323	nmax = 3*10^4; A[n_] := 1 + 4*Floor[Sqrt[n]] + 4*Floor[Sqrt[n/2]]^2 + 8* Sum[Floor[Sqrt[n - j^2]], {j, Floor[Sqrt[n/2]] + 1, Floor[Sqrt[n]]}]; V[n_] := Pi*n; P[n_] := A[n] - V[n]; record = 0; A000099 = Reap[For[k = 0; n = 1, n <= nmax, n++, p = Abs[P[n]]; If[p > record, record = p; k++; Sow[an = A[n]]; Print["a(", k, ") = ", an];]]][[2, 1]] (* _Jean-François Alcover_, Feb 07 2016*)	[5, 9, 21, 37, 69, 69, 89, 137, 177, 421, 481, 657, 749, 885, 1085, 1305, 1353, 1489, 1861, 2617, 2693, 3125, 5249, 5761, 7129, 8109, 9465, 9465, 10717, 12401, 12401, 16237, 16237, 24833, 30725, 35237, 46701, 47441, 47441, 61493, 67797, 67805, 67805]
A000326	pentQ[n_] := IntegerQ[(1 + Sqrt[24 n + 1])/6]; pentQ[0] = True; Select[Range[0, 3200], pentQ@# &] (* _Robert G. Wilson v_, Mar 31 2014 *)	[0, 1, 5, 12, 22, 35, 51, 70, 92, 117, 145, 176, 210, 247, 287, 330, 376, 425, 477, 532, 590, 651, 715, 782, 852, 925, 1001, 1080, 1162, 1247, 1335, 1426, 1520, 1617, 1717, 1820, 1926, 2035, 2147, 2262, 2380, 2501, 2625, 2752, 2882, 3015, 3151]
A000326	Join[{0}, Accumulate[Range[1, 312, 3]]] (* _Harvey P. Dale_, Mar 26 2016 *)	[0, 1, 5, 12, 22, 35, 51, 70, 92, 117, 145, 176, 210, 247, 287, 330, 376, 425, 477, 532, 590, 651, 715, 782, 852, 925, 1001, 1080, 1162, 1247, 1335, 1426, 1520, 1617, 1717, 1820, 1926, 2035, 2147, 2262, 2380, 2501, 2625, 2752, 2882, 3015, 3151]
A000327	A000327[n_] := Module[{a, x1, x2 }, a = 0; For[x1 = 1, x1 <= Floor[ n^(3/2)], x1++, x2 = (n - x1^(2/3))^(3/2); If[Floor[x2] >= x1+1, a = a + Floor[x2 - x1]]]; a ]; Table[A000327[n], {n, 3, 80}] (* _Jean-François Alcover_, Feb 07 2016, after _R. J. Mathar_ *)	[1, 5, 12, 23, 39, 62, 91, 127, 171, 228, 294, 370, 461, 561, 677, 811, 955, 1121, 1303, 1499, 1719, 1960, 2218, 2499, 2806, 3131, 3485, 3868, 4274, 4706, 5166, 5658, 6175, 6725, 7309, 7923, 8572, 9256, 9972, 10728, 11521, 12349, 13218, 14126, 15072]
A000328	Table[Sum[SquaresR[2, k], {k, 0, n^2}], {n, 0, 46}]	[1, 5, 13, 29, 49, 81, 113, 149, 197, 253, 317, 377, 441, 529, 613, 709, 797, 901, 1009, 1129, 1257, 1373, 1517, 1653, 1793, 1961, 2121, 2289, 2453, 2629, 2821, 3001, 3209, 3409, 3625, 3853, 4053, 4293, 4513, 4777, 5025, 5261, 5525, 5789, 6077, 6361, 6625]
A000330	Accumulate[Range[0,50]^2] (* _Harvey P. Dale_, Sep 25 2014 *)	[0, 1, 5, 14, 30, 55, 91, 140, 204, 285, 385, 506, 650, 819, 1015, 1240, 1496, 1785, 2109, 2470, 2870, 3311, 3795, 4324, 4900, 5525, 6201, 6930, 7714, 8555, 9455, 10416, 11440, 12529, 13685, 14910, 16206, 17575, 19019, 20540, 22140, 23821, 25585, 27434, 29370]
A000337	CoefficientList[Series[x / ((1 - x) (1 - 2 x)^2), {x, 0, 50}], x] (* _Vincenzo Librandi_, Nov 21 2014 *)	[0, 1, 5, 17, 49, 129, 321, 769, 1793, 4097, 9217, 20481, 45057, 98305, 212993, 458753, 983041, 2097153, 4456449, 9437185, 19922945, 41943041, 88080385, 184549377, 385875969, 805306369, 1677721601, 3489660929, 7247757313, 15032385537, 31138512897, 64424509441]
A000338	nn = 100; CoefficientList[Series[(5 - 2 x) (1 - x^3)/(1 - x)^4, {x, 0, nn}], x] (* _T. D. Noe_, Jun 19 2012 *)	[5, 18, 42, 75, 117, 168, 228, 297, 375, 462, 558, 663, 777, 900, 1032, 1173, 1323, 1482, 1650, 1827, 2013, 2208, 2412, 2625, 2847, 3078, 3318, 3567, 3825, 4092, 4368, 4653, 4947, 5250, 5562, 5883, 6213, 6552, 6900, 7257, 7623, 7998, 8382, 8775, 9177, 9588, 10008, 10437, 10875, 11322, 11778]
A000341	a[n_] := Permanent[ Array[ Boole[ PrimeQ[2*#1 + 2*#2 - 1]] & , {n, n}]]; Table[an = a[n]; Print[an]; an, {n, 1, 20}] (* _Jean-François Alcover_, Oct 21 2011, after _T. D. Noe_, updated Feb 07 2016 *)	[1, 2, 3, 6, 26, 96, 210, 1106, 3759, 12577, 74072, 423884, 2333828, 16736611, 99838851, 630091746, 4525325020, 38848875650, 342245714017, 3335164762941, 31315463942337, 241353231085002, 2350106537365732, 17903852593938447, 158065352670318614, 1815064841856534244, 20577063085601738871, 276081763499377227299]
A000342	b[n_, i_, k_] := b[n, i, k] = If[n==0, 1, If[i<1 || k<1, 0, Sum[ Binomial[ b[i-1, i-1, k-1]+j-1, j]*b[n-i*j, i-1, k], {j, 0, n/i}]]]; a[n_] := b[n- 1, n-1, 5] - b[n-1, n-1, 4]; Array[a, 40] (* _Jean-François Alcover_, Feb 07 2016, after _Alois P. Heinz_ in A034781 *)	[0, 0, 0, 0, 0, 1, 5, 19, 61, 180, 498, 1323, 3405, 8557, 21103, 51248, 122898, 291579, 685562, 1599209, 3705122, 8532309, 19543867, 44552066, 101124867, 228640542, 515125815, 1156829459, 2590247002, 5784031485, 12883390590, 28629914457]
A000344	Table[5 Binomial[2n,n-2]/(n+3),{n,2,40}] (* or *) CoefficientList[Series[ (1-Sqrt[1-4 x]+x (-5+3 Sqrt[1-4 x]-(-5+Sqrt[1-4 x]) x))/(2 x^5), {x,0,38}],x]  (* _Harvey P. Dale_, May 01 2011 *)	[1, 5, 20, 75, 275, 1001, 3640, 13260, 48450, 177650, 653752, 2414425, 8947575, 33266625, 124062000, 463991880, 1739969550, 6541168950, 24647883000, 93078189750, 352207870014, 1335293573130, 5071418015120, 19293438101000, 73514652074500, 280531912316292]
A000348	a[n_] := Permanent[Table[Boole[PrimeQ[(2*i)^2 + (2*j - 1)^2]], {i, 1, n}, {j, 1, n}]]; Table[an = a[n]; Print["a(", n, ") = ", an]; an, {n, 1, 22}] (* _Jean-François Alcover_, Jan 06 2016, after _T. D. Noe_ *)	[1, 1, 2, 4, 12, 9, 72, 160, 428, 2434, 3011, 10337, 126962, 264182, 783550, 5004266, 34340141, 176302123, 1188146567, 4457147441, 7845512385, 132253267889, 1004345333251, 3865703506342, 40719018858150, 213982561376958, 1266218151414286, 10976172953868304, 59767467676582641, 512279001476451101, 6189067229056357433]
A000349	S[n_] := S[n] = If[n<4, {1, 1, 2*t, 4*t+2*t^2}[[n+1]], Expand[(n+1-t)*S[n-1]-(1-t)*(n-2+3*t)*S[n-2]-(1-t)^2*(n-5+t)*S[n-3]+(1-t)^3*(n-3)*S[n-4]]]; a[n_] := Ceiling[Coefficient[S[n], t, 2]/2]; Table[a[n], {n, 0, 25}] (* _Jean-François Alcover_, Mar 11 2014, after _Alois P. Heinz_ *)	[0, 0, 0, 1, 5, 24, 128, 835, 6423, 56410, 554306, 6016077, 71426225, 920484892, 12793635300, 190730117959, 3035659077083, 51371100102990, 920989078354838, 17437084517068465, 347647092476801301, 7280060180210901232, 159755491837445900120, 3665942433747225901707]
A000350	a=0;b=1;c=1;lst={}; Do[a=b;b=c;c=a+b;m=Floor[N[Log[10,n]]]+1; If[Mod[c,10^m]==n,AppendTo[lst,n]],{n,3,5000}]; Join[{0,1},lst] (* edited and changed by _Harvey P. Dale_, Sep 10 2011 *)	[0, 1, 5, 25, 29, 41, 49, 61, 65, 85, 89, 101, 125, 145, 149, 245, 265, 365, 385, 485, 505, 601, 605, 625, 649, 701, 725, 745, 749, 845, 865, 965, 985, 1105, 1205, 1249, 1345, 1445, 1585, 1685, 1825, 1925, 2065, 2165, 2305, 2405, 2501, 2545, 2645, 2785, 2885]
A000350	fnQ[n_]:=Mod[Fibonacci[n],10^IntegerLength[n]]==n; Select[Range[ 0,2900],fnQ] (* _Harvey P. Dale_, Nov 03 2012 *)	[0, 1, 5, 25, 29, 41, 49, 61, 65, 85, 89, 101, 125, 145, 149, 245, 265, 365, 385, 485, 505, 601, 605, 625, 649, 701, 725, 745, 749, 845, 865, 965, 985, 1105, 1205, 1249, 1345, 1445, 1585, 1685, 1825, 1925, 2065, 2165, 2305, 2405, 2501, 2545, 2645, 2785, 2885]
A000352	nn = 40; CoefficientList[Series[x^4*(5 - 6*x)/((1 - 3*x)*(1 - 2*x)*(1 - x)^2), {x, 0, nn}], x] (* _T. D. Noe_, Jun 19 2012 *)	[5, 29, 118, 418, 1383, 4407, 13736, 42236, 128761, 390385, 1179354, 3554454, 10696139, 32153963, 96592972, 290041072, 870647517, 2612991141, 7841070590, 23527406090, 70590606895, 211788597919, 635399348208, 1906265153508, 5718929678273, 17157057470297]
A000353	Select[Prime[Range[1000]], MatchQ[Mod[#, 40], 7|19|23] && PrimeQ[(#-1)/2]&] (* _Jean-François Alcover_, Feb 07 2016 *)	[7, 23, 47, 59, 167, 179, 263, 383, 503, 863, 887, 983, 1019, 1367, 1487, 1619, 1823, 2063, 2099, 2207, 2447, 2459, 2579, 2819, 2903, 3023, 3167, 3623, 3779, 3863, 4007, 4127, 4139, 4259, 4703, 5087, 5099, 5807, 5927, 5939, 6047, 6659, 6779, 6899, 6983, 7247]
A000354	With[{nn=20},CoefficientList[Series[Exp[-x]/(1-2x),{x,0,nn}],x] Range[0,nn]!] (* _Harvey P. Dale_, Jul 22 2013 *)	[1, 1, 5, 29, 233, 2329, 27949, 391285, 6260561, 112690097, 2253801941, 49583642701, 1190007424825, 30940193045449, 866325405272573, 25989762158177189, 831672389061670049, 28276861228096781665, 1017967004211484139941, 38682746160036397317757]
A000354	a[ n_] := If[ n < 1, Boole[n == 0], (2 n - 1) a[n - 1] + (2 n - 2) a[n - 2]]; (* _Michael Somos_, Sep 28 2017 *)	[1, 1, 5, 29, 233, 2329, 27949, 391285, 6260561, 112690097, 2253801941, 49583642701, 1190007424825, 30940193045449, 866325405272573, 25989762158177189, 831672389061670049, 28276861228096781665, 1017967004211484139941, 38682746160036397317757]
A000355	Select[Prime[Range[1000]], MatchQ[Mod[#, 20], 3|9|11] && PrimeQ[2#+1]&] (* _Jean-François Alcover_, Feb 07 2016 *)	[3, 11, 23, 29, 83, 89, 131, 191, 251, 431, 443, 491, 509, 683, 743, 809, 911, 1031, 1049, 1103, 1223, 1229, 1289, 1409, 1451, 1511, 1583, 1811, 1889, 1931, 2003, 2063, 2069, 2129, 2351, 2543, 2549, 2903, 2963, 2969, 3023, 3329, 3389, 3449, 3491, 3623, 3803]
A000358	nn=48;Drop[Map[Total,Transpose[Map[PadRight[#,nn]&,Table[ CoefficientList[ Series[CycleIndex[CyclicGroup[n],s]/.Table[s[i]->x^i+x^(2i),{i,1,n}],{x,0,nn}],x],{n,0,nn}]]]],1] (* _Geoffrey Critzer_, Feb 01 2014 *)	[1, 2, 2, 3, 3, 5, 5, 8, 10, 15, 19, 31, 41, 64, 94, 143, 211, 329, 493, 766, 1170, 1811, 2787, 4341, 6713, 10462, 16274, 25415, 39651, 62075, 97109, 152288, 238838, 375167, 589527, 927555, 1459961, 2300348, 3626242, 5721045, 9030451, 14264309, 22542397, 35646312, 56393862, 89264835, 141358275]
A000359	max = 20; CoefficientList[-Log[1 + Log[1 + Log[1 + Log[1 + Log[1 - x]]]]]/x + O[x]^max, x]*Range[max]! (* _Jean-François Alcover_, Feb 08 2016 *)	[1, 5, 40, 440, 6170, 105315, 2120610, 49242470, 1296133195, 38152216495, 1242274374380, 44345089721923, 1722416374173854, 72330102999829054, 3265871028909088036, 157797437377747327987, 8124524883679977475839, 444098724261935142753430]
A000362	amax = 30;   km0 = 10; Clear[cc]; L[a_, s_, km_] := Sum[JacobiSymbol[-a, 2 k+1]/(2k+1)^s, {k, 0, km}]; c[1, n_, km_] := 2(2n)! L[1, 2n+1, km] (2 / Pi)^(2n+1) // Round; c[a_ /; a>1, n_, km_] := (2n)! L[a, 2n+1, km] (2a / Pi)^(2n+1)/Sqrt[a] // Round; cc[km_] := cc[km] = Table[c[a, n, km], {a, 1, amax}, {n, 0, nmax}]; cc[km0]; cc[km = 2km0]; While[cc[km] != cc[km/2, km = 2km]]; A000362[a_] := cc[km][[a, 3]]; Table[A000362[a], {a, 1, amax} ] (* _Jean-François Alcover_, Feb 08 2016 *)	[5, 57, 352, 1280, 3522, 7970, 15872, 29184, 49410, 79042, 122400, 180224, 257314, 362340, 492032, 655360, 867588, 1117314, 1420320, 1803264, 2237380, 2745154, 3380736, 4080640, 4881250, 5874150, 6928416, 8126464, 9600870, 11133604]
A000362	Table[rowA235605[n, 2][[3]], {n, 50}] (* see A235605 *) (* _Matthew House_, Oct 05 2024 *)	[5, 57, 352, 1280, 3522, 7970, 15872, 29184, 49410, 79042, 122400, 180224, 257314, 362340, 492032, 655360, 867588, 1117314, 1420320, 1803264, 2237380, 2745154, 3380736, 4080640, 4881250, 5874150, 6928416, 8126464, 9600870, 11133604]
A000364	Take[ Range[0, 32]! * CoefficientList[ Series[ Sec[x], {x, 0, 32}], x], {1, 32, 2}] (* _Robert G. Wilson v_, Apr 23 2006 *)	[1, 1, 5, 61, 1385, 50521, 2702765, 199360981, 19391512145, 2404879675441, 370371188237525, 69348874393137901, 15514534163557086905, 4087072509293123892361, 1252259641403629865468285, 441543893249023104553682821, 177519391579539289436664789665]
A000364	a[ n_] := If[ n < 0, 0, With[{m = 2 n + 1}, m! SeriesCoefficient[ InverseGudermannian[ x], {x, 0, m}]]]; (* _Michael Somos_, Nov 22 2013 *)	[1, 1, 5, 61, 1385, 50521, 2702765, 199360981, 19391512145, 2404879675441, 370371188237525, 69348874393137901, 15514534163557086905, 4087072509293123892361, 1252259641403629865468285, 441543893249023104553682821, 177519391579539289436664789665]
A000366	a[n_] = (-2^(-1))^(n-2)* Sum[ Binomial[n, k]*(1 - 2^(n+k+1))*BernoulliB[n+k+1], {k, 0, n}]; Table[a[n], {n,19}] (* _Jean-François Alcover_, Jul 18 2011, after PARI prog. *)	[1, 1, 2, 7, 38, 295, 3098, 42271, 726734, 15366679, 391888514, 11860602415, 420258768950, 17233254330343, 809698074358250, 43212125903877439, 2599512037272630686, 175079893678534943287, 13122303354155987156306]
A000368	Needs["Combinatorica`"]; nn = 30; s[n_, k_] := s[n, k] = a[n + 1 - k] + If[n < 2 k, 0, s[n - k, k]]; a[1] = 1; a[n_] := a[n] = Sum[a[i] s[n - 1, i] i, {i, 1, n - 1}]/(n - 1); rt = Table[a[i], {i, 1, nn}]; Take[CoefficientList[CycleIndex[DihedralGroup[4], s] /. Table[s[j] -> Table[Sum[rt[[i]] x^(k*i), {i, 1, nn}], {k, 1, nn}][[j]], {j, 1, nn}], x], {5, nn}]  (* _Geoffrey Critzer_, Oct 12 2012, after code given by _Robert A. Russell_ in A000081 *)	[1, 1, 4, 9, 28, 71, 202, 542, 1507, 4114, 11381, 31349, 86845, 240567, 668553, 1860361, 5188767, 14495502, 40572216, 113743293, 319405695, 898288484, 2530058013, 7135848125, 20152898513, 56986883801]
A000372	Table[Total[Boole[Table[UnateQ[BooleanFunction[k, n]], {k, 0, 2^(2^n) - 1}]]], {n, 0, 4}] (* _Eric W. Weisstein_, Jun 27 2023 *)	[2, 3, 6, 20, 168, 7581, 7828354, 2414682040998, 56130437228687557907788, 286386577668298411128469151667598498812366]
A000374	CountFactors[p_, n_] := Module[{sum=0, m=n, d, f, i}, While[Mod[m, p]==0, m/=p]; d=Divisors[m]; Do[f=d[[i]]; sum+=EulerPhi[f]/MultiplicativeOrder[p, f], {i, Length[d]}]; sum]; Table[CountFactors[2, n], {n, 100}]	[1, 1, 2, 1, 2, 2, 3, 1, 3, 2, 2, 2, 2, 3, 5, 1, 3, 3, 2, 2, 6, 2, 3, 2, 3, 2, 4, 3, 2, 5, 7, 1, 5, 3, 6, 3, 2, 2, 5, 2, 3, 6, 4, 2, 8, 3, 3, 2, 5, 3, 8, 2, 2, 4, 5, 3, 5, 2, 2, 5, 2, 7, 13, 1, 7, 5, 2, 3, 6, 6, 3, 3, 9, 2, 8, 2, 6, 5, 3, 2, 5, 3, 2, 6, 12, 4, 5, 2, 9, 8, 10, 3, 14, 3, 5, 2, 3, 5, 8, 3]
A000377	a[ n_] := SeriesCoefficient[(EllipticTheta[ 3, 0, q] EllipticTheta[ 3, 0, q^6] + EllipticTheta[ 3, 0, q^2] EllipticTheta[ 3, 0, q^3]) / 2, {q, 0, n}]; (* _Michael Somos_, May 17 2015 *)	[1, 1, 1, 1, 1, 2, 1, 2, 1, 1, 2, 2, 1, 0, 2, 2, 1, 0, 1, 0, 2, 2, 2, 0, 1, 3, 0, 1, 2, 2, 2, 2, 1, 2, 0, 4, 1, 0, 0, 0, 2, 0, 2, 0, 2, 2, 0, 0, 1, 3, 3, 0, 0, 2, 1, 4, 2, 0, 2, 2, 2, 0, 2, 2, 1, 0, 2, 0, 0, 0, 4, 0, 1, 2, 0, 3, 0, 4, 0, 2, 2, 1, 0, 2, 2, 0, 0, 2, 2, 0, 2, 0, 0, 2, 0, 0, 1, 2, 3, 2, 3, 2]
A000377	a[ n_] := SeriesCoefficient[ QPochhammer[ q^3] QPochhammer[ q^8] QPochhammer[ -q, q] / QPochhammer[ -q^12, q^12] , {q, 0, n}]; (* _Michael Somos_, May 17 2015 *)	[1, 1, 1, 1, 1, 2, 1, 2, 1, 1, 2, 2, 1, 0, 2, 2, 1, 0, 1, 0, 2, 2, 2, 0, 1, 3, 0, 1, 2, 2, 2, 2, 1, 2, 0, 4, 1, 0, 0, 0, 2, 0, 2, 0, 2, 2, 0, 0, 1, 3, 3, 0, 0, 2, 1, 4, 2, 0, 2, 2, 2, 0, 2, 2, 1, 0, 2, 0, 0, 0, 4, 0, 1, 2, 0, 3, 0, 4, 0, 2, 2, 1, 0, 2, 2, 0, 0, 2, 2, 0, 2, 0, 0, 2, 0, 0, 1, 2, 3, 2, 3, 2]
A000380	sigma[t_, u_] = (1 - 2 t^2 (u^2) - 2 t^2 (1 + t) u^3 + 3 t^4 (u^4)) (1 - t* u)^(-1) (1 - (1 + 2 t) u - t *u^2 + t^3 (u^3))^(-1); ds[t_, n_] := D[sigma[t, u], {u, n}] /. u -> 0; su[n_] := su[n] = Sum[ Coefficient[ds[t, n]/n!, t, j]*(n - j)!*(y - 1)^j, {j, 0, n}]; f[n_, k_] := Coefficient[su[n], y, k]; Table[f[n, 3], {n, 3, 23}] (* _Jean-François Alcover_, Sep 01 2011, after Maple prog. *)	[6, 8, 40, 176, 1421, 10352, 93114, 912920, 9929997, 117970704, 1521176826, 21150414880, 315400444070, 5020920314016, 84979755347122, 1523710321272384, 28851091193764023, 575253584489378040, 12047084261153160394, 264377395040950523112, 6066972656940255290199]
A000382	a[n_] := Which[n<4, 0, n == 4, 6, True, {11, 7, 4, 2}.MatrixPower[Table[Which[i == j-1, 1, j == 1, {2, 0, 0, -1}[[i]], True, 0], {i, 1, 4}, {j, 1, 4}], n-2] // Last]; Table[a[n], {n, 4, 27}] (* _Jean-François Alcover_, Mar 12 2014, after _Alois P. Heinz_ *)	[6, 11, 20, 36, 65, 119, 218, 400, 735, 1351, 2484, 4568, 8401, 15451, 28418, 52268, 96135, 176819, 325220, 598172, 1100209, 2023599, 3721978, 6845784, 12591359, 23159119, 42596260, 78346736, 144102113, 265045107, 487493954]
A000384	Join[{0}, Accumulate[Range[1, 312, 4]]] (* _Harvey P. Dale_, Mar 26 2016 *)	[0, 1, 6, 15, 28, 45, 66, 91, 120, 153, 190, 231, 276, 325, 378, 435, 496, 561, 630, 703, 780, 861, 946, 1035, 1128, 1225, 1326, 1431, 1540, 1653, 1770, 1891, 2016, 2145, 2278, 2415, 2556, 2701, 2850, 3003, 3160, 3321, 3486, 3655, 3828, 4005, 4186, 4371, 4560]
A000384	(* For Mathematica 10.4+ *) Table[PolygonalNumber[RegularPolygon[6], n], {n, 0, 48}] (* _Arkadiusz Wesolowski_, Aug 27 2016 *)	[0, 1, 6, 15, 28, 45, 66, 91, 120, 153, 190, 231, 276, 325, 378, 435, 496, 561, 630, 703, 780, 861, 946, 1035, 1128, 1225, 1326, 1431, 1540, 1653, 1770, 1891, 2016, 2145, 2278, 2415, 2556, 2701, 2850, 3003, 3160, 3321, 3486, 3655, 3828, 4005, 4186, 4371, 4560]
A000384	CoefficientList[Series[x*(1 + 3*x)/(1 - x)^3 , {x, 0, 100}], x] (* _Stefano Spezia_, Sep 02 2018 *)	[0, 1, 6, 15, 28, 45, 66, 91, 120, 153, 190, 231, 276, 325, 378, 435, 496, 561, 630, 703, 780, 861, 946, 1035, 1128, 1225, 1326, 1431, 1540, 1653, 1770, 1891, 2016, 2145, 2278, 2415, 2556, 2701, 2850, 3003, 3160, 3321, 3486, 3655, 3828, 4005, 4186, 4371, 4560]
A000385	Array[a, 100] (* _Jean-François Alcover_, Aug 01 2018 *)	[1, 6, 17, 38, 70, 116, 185, 258, 384, 490, 686, 826, 1124, 1292, 1705, 1896, 2491, 2670, 3416, 3680, 4602, 4796, 6110, 6178, 7700, 7980, 9684, 9730, 12156, 11920, 14601, 14752, 17514, 17224, 21395, 20406, 24590, 24556, 28920, 27860, 34112, 32186, 38674, 37994, 43980, 42136, 51646, 47772, 56749, 55500, 64316, 60606, 73420, 67956, 80500, 77760, 88860, 83810, 102284, 92690, 108752, 105236, 120777, 112672, 135120, 123046, 145194, 138656, 157512, 146580, 177515, 159396, 185744, 179122]
A000388	sigma[t_, u_] = (1 - 2 t^2 (u^2) - 2 t^2 (1 + t) u^3 + 3 t^4 (u^4)) (1 - t* u)^(-1) (1 - (1 + 2 t) u - t *u^2 + t^3 (u^3))^(-1); ds[t_, n_] := D[sigma[t, u], {u, n}] /. u -> 0; su[n_] := su[n] = Sum[ Coefficient[ds[t, n]/n!, t, j]*(n - j)!*(y - 1)^j, {j, 0, n}]; f[n_, k_] := Coefficient[su[n], y, k]; Table[f[n, 2], {n, 4, 23}] (* _Jean-François Alcover_, Sep 01 2011, after Maple prog. *)	[6, 20, 180, 1106, 9292, 82980, 831545, 9139482, 109595496, 1423490744, 19911182207, 298408841160, 4770598226296, 81037124739588, 1457607971046492, 27675791180024802, 553166885187641670, 11609691036091870428, 255273744004170486155, 5868308906885934514178]
A000389	CoefficientList[Series[x^5 / (1 - x)^6, {x, 0, 40}], x] (* _Vincenzo Librandi_, Mar 12 2015 *)	[0, 0, 0, 0, 0, 1, 6, 21, 56, 126, 252, 462, 792, 1287, 2002, 3003, 4368, 6188, 8568, 11628, 15504, 20349, 26334, 33649, 42504, 53130, 65780, 80730, 98280, 118755, 142506, 169911, 201376, 237336, 278256, 324632, 376992, 435897, 501942, 575757, 658008, 749398]
A000394	r[n_] := Reduce[n == x^2 + y^2 + 7z^2, {x, y, z}, Integers]; Reap[For[n = 0, n <= 100, n++, If[r[n] =!= False, Print[n]; Sow[n]]]][[2, 1]] (* _Jean-François Alcover_, Feb 08 2016 *)	[0, 1, 2, 4, 5, 7, 8, 9, 10, 11, 12, 13, 15, 16, 17, 18, 20, 23, 24, 25, 26, 27, 28, 29, 30, 32, 33, 34, 36, 37, 38, 39, 40, 41, 43, 44, 45, 46, 47, 48, 49, 50, 52, 53, 54, 56, 57, 58, 59, 60, 61, 62, 63, 64, 65, 67, 68, 69, 71, 72]
A000395	b[n_] := b[n] = If[n <= 1, n, Sum[k*b[k]*s[n-1, k], {k, 1, n-1}]/(n-1)]; s[n_, k_] := s[n, k] = Sum[b[n+1-j*k], {j, 1, Quotient[n, k]}]; B[n_] := B[n] = Sum[b[k]*x^k, {k, 1, n}]; a[n_] := SeriesCoefficient[B[n-5]^6, {x, 0, n}]; Table[a[n], {n, 6, 30}] (* _Jean-François Alcover_, Oct 13 2014, after _Alois P. Heinz_ *)	[1, 6, 27, 104, 369, 1236, 3989, 12522, 38535, 116808, 350064, 1039896, 3068145, 9004182, 26314773, 76652582, 222705603, 645731148, 1869303857, 5404655358, 15611296146, 45060069406, 129989169909, 374843799786, 1080624405287]
A000397	A000397[n_] := Module[{a, x1, x2, x3}, a = 0; For[x1 = 1, x1 <= n^2, x1++, For[x2 = x1+1, x2 <= Floor[(n-x1^(1/2))^2], x2++, x3 = (n-x1^(1/2) - x2^(1/2))^2 ; If[Floor[x3] >= x2+1, a = a + Floor[x3-x2]]]]; a]; Reap[ For[n = 5, n <= 40, n++, Print[an = A000397[n]; Sow[an]]]][[2, 1]] (* _Jean-François Alcover_, Feb 08 2016, after _R. J. Mathar_ *)	[6, 32, 109, 288, 654, 1337, 2506, 4414, 7379, 11822, 18273, 27356, 39938, 56974, 79607, 109267, 147523, 196295, 257715, 334407, 429086, 545034, 685917, 855886, 1059360, 1301776, 1588321, 1925620, 2320544, 2780468, 3314007, 3930001, 4638319, 5449943, 6376505, 7430471, 8625369, 9976540, 11498855, 13210238, 15128487, 17272896, 19664754, 22326319, 25280987, 28554486, 32173404, 36166409, 40563607, 45397395, 50701682, 56512012, 62866699, 69805531, 77370606, 85607286, 94560129, 104280410, 114819255, 126229853, 138570284, 151899428, 166278945, 181775849, 198456941, 216394746, 235661505, 256338017, 278503009, 302242623, 327644632, 354799834, 383805368, 414759214, 447764499, 482931051]
A000398	q=16;imax=q^2;Select[Union[Flatten[Table[x^2+2*y^2+2*y*z+4*z^2,{z,-q,q},{y,0,q},{x,0,q}]]],#<=imax&] (* _Vladimir Joseph Stephan Orlovsky_, Apr 19 2011 *)	[0, 1, 2, 3, 4, 5, 6, 8, 9, 11, 12, 13, 14, 15, 16, 17, 18, 19, 20, 22, 23, 24, 25, 26, 27, 28, 29, 30, 31, 32, 33, 34, 36, 37, 38, 39, 40, 41, 43, 44, 45, 46, 47, 48, 49, 50, 51, 52, 53, 54, 55, 56, 57, 58, 59, 60, 61, 62, 63, 64]
A000404	nMax=1000; n2=Floor[Sqrt[nMax-1]]; Union[Flatten[Table[a^2+b^2, {a,n2}, {b,a,Floor[Sqrt[nMax-a^2]]}]]]	[2, 5, 8, 10, 13, 17, 18, 20, 25, 26, 29, 32, 34, 37, 40, 41, 45, 50, 52, 53, 58, 61, 65, 68, 72, 73, 74, 80, 82, 85, 89, 90, 97, 98, 100, 101, 104, 106, 109, 113, 116, 117, 122, 125, 128, 130, 136, 137, 145, 146, 148, 149, 153, 157, 160, 162, 164, 169, 170, 173, 178]
A000404	Select[Range@ 200, Length[PowersRepresentations[#, 2, 2] /. {0, _} -> Nothing] > 0 &] (* _Michael De Vlieger_, Mar 24 2016 *)	[2, 5, 8, 10, 13, 17, 18, 20, 25, 26, 29, 32, 34, 37, 40, 41, 45, 50, 52, 53, 58, 61, 65, 68, 72, 73, 74, 80, 82, 85, 89, 90, 97, 98, 100, 101, 104, 106, 109, 113, 116, 117, 122, 125, 128, 130, 136, 137, 145, 146, 148, 149, 153, 157, 160, 162, 164, 169, 170, 173, 178]
A000405	g[p_] := Module[{b}, b[n_] := b[n] = If[n == 0, 1, (n-1)!*Sum[p[k]*b[n-k]/(k-1)!/(n-k)!, {k, 1, n}]]; b]; a = Nest[g, 1&, 5]; Table[a[n], {n, 0, 30}] (* _Jean-François Alcover_, Mar 12 2014, after _Alois P. Heinz_ *)	[1, 1, 6, 51, 561, 7556, 120196, 2201856, 45592666, 1051951026, 26740775306, 742069051906, 22310563733864, 722108667742546, 25024187820786357, 924161461265888370, 36223781285638309482, 1501552062016443881514]
A000408	pr[n_] := Select[ PowersRepresentations[n, 3, 2], FreeQ[#, 0] &]; Select[ Range[104], pr[#] != {} &] (* _Jean-François Alcover_, Apr 04 2013 *)	[3, 6, 9, 11, 12, 14, 17, 18, 19, 21, 22, 24, 26, 27, 29, 30, 33, 34, 35, 36, 38, 41, 42, 43, 44, 45, 46, 48, 49, 50, 51, 53, 54, 56, 57, 59, 61, 62, 65, 66, 67, 68, 69, 70, 72, 73, 74, 75, 76, 77, 78, 81, 82, 83, 84, 86, 88, 89, 90, 91, 93, 94, 96, 97, 98, 99, 101, 102, 104]
A000408	max = 1000; s = (EllipticTheta[3, 0, q] - 1)^3 + O[q]^(max+1); Select[ Range[max], SeriesCoefficient[s, {q, 0, #}] > 0 &] (* _Jean-François Alcover_, Feb 01 2016, after _Robert Israel_ *)	[3, 6, 9, 11, 12, 14, 17, 18, 19, 21, 22, 24, 26, 27, 29, 30, 33, 34, 35, 36, 38, 41, 42, 43, 44, 45, 46, 48, 49, 50, 51, 53, 54, 56, 57, 59, 61, 62, 65, 66, 67, 68, 69, 70, 72, 73, 74, 75, 76, 77, 78, 81, 82, 83, 84, 86, 88, 89, 90, 91, 93, 94, 96, 97, 98, 99, 101, 102, 104]
A000411	nmax = 15; km0 = 10; Clear[dd]; L[a_, s_, km_] := Sum[JacobiSymbol[-a, 2 k + 1]/(2 k + 1)^s, {k, 0, km}]; d[a_ /; a > 1, n_, km_] := (2 n - 1)! L[-a, 2 n, km] (2 a/Pi)^(2 n)/Sqrt[a] // Round; dd[km_] := dd[km] = Table[d[6, n, km], {n, 1, nmax}]; dd[km0]; dd[km = 2 km0]; While[dd[km] != dd[km/2, km = 2 km]]; A000411 = dd[km] (* _Jean-François Alcover_, Feb 08 2016 *)	[6, 522, 152166, 93241002, 97949265606, 157201459863882, 357802951084619046, 1096291279711115037162, 4350684698032741048452486, 21709332137467778453687752842, 133032729004732721625426681085926, 982136301747914281420205946546842922, 8597768767880274820173388403096814519366]
A000412	nmax = 50; CoefficientList[Series[(3 + x - x^2 - 2*x^3 - x^4 + x^5)/((1-x)*(1-x^2)*(1-x^3)) * Product[1/(1 - x^k), {k, 1, nmax}], {x, 0, nmax}], x] (* _Vaclav Kotesovec_, Feb 01 2016 *)	[3, 7, 16, 31, 57, 97, 162, 257, 401, 608, 907, 1325, 1914, 2719, 3824, 5313, 7316, 9973, 13495, 18105, 24132, 31938, 42021, 54948, 71484, 92492, 119120, 152686, 194887, 247693, 313613, 395547, 497154, 622688, 777424, 967525, 1200572, 1485393, 1832779, 2255317]
A000413	P[n_] := (s = Sum[SquaresR[3, k], {k, 0, n}]) - Round[(4/3)*Pi*n^(3/2)]; record = 0; A000092 = Reap[For[n = 0, n <= 10^4, n++, If[(p = Abs[P[n]]) > record, record = p; Print[s]; Sow[s]]]][[2, 1]] (* _Jean-François Alcover_, Feb 08 2016, after _M. F. Hasler_ in A000092 *)	[1, 7, 19, 57, 81, 251, 437, 691, 739, 1743, 3695, 6619, 8217, 9771, 14771, 15155, 16831, 18805, 26745, 30551, 41755, 46297, 54339, 72359, 86407, 96969, 131059, 344859, 395231, 519963, 607141, 677397, 741509, 893019, 917217, 1288415, 1406811, 1789599, 1827927, 3085785, 3216051, 3444439, 3524869]
A000414	q=16;lst={};Do[Do[Do[Do[z=a^2+b^2+c^2+d^2;If[z<=(q^2)+3,AppendTo[lst,z]],{d,q}],{c,q}],{b,q}],{a,q}];Union@lst (*_Vladimir Joseph Stephan Orlovsky_, Feb 07 2010 *)	[4, 7, 10, 12, 13, 15, 16, 18, 19, 20, 21, 22, 23, 25, 26, 27, 28, 30, 31, 33, 34, 35, 36, 37, 38, 39, 40, 42, 43, 44, 45, 46, 47, 48, 49, 50, 51, 52, 53, 54, 55, 57, 58, 59, 60, 61, 62, 63, 64, 65, 66, 67, 68, 69, 70, 71, 72, 73, 74, 75, 76, 77, 78, 79, 80, 81]
A000415	c = {}; Do[Do[k = a^2 + b^2; If[IntegerQ[Sqrt[k]], Null, AppendTo[c,k]], {a, 1, 100}], {b, 1, 100}]; Union[c] (* _Artur Jasinski_, Oct 25 2007 *)	[2, 5, 8, 10, 13, 17, 18, 20, 26, 29, 32, 34, 37, 40, 41, 45, 50, 52, 53, 58, 61, 65, 68, 72, 73, 74, 80, 82, 85, 89, 90, 97, 98, 101, 104, 106, 109, 113, 116, 117, 122, 125, 128, 130, 136, 137, 145, 146, 148, 149, 153, 157, 160, 162, 164, 170, 173, 178, 180, 181]
A000415	Select[Range[181],Length[PowersRepresentations[ #,2,2]]>0 && !IntegerQ[Sqrt[ # ]] &] (* _Ant King_, Nov 02 2010 *)	[2, 5, 8, 10, 13, 17, 18, 20, 26, 29, 32, 34, 37, 40, 41, 45, 50, 52, 53, 58, 61, 65, 68, 72, 73, 74, 80, 82, 85, 89, 90, 97, 98, 101, 104, 106, 109, 113, 116, 117, 122, 125, 128, 130, 136, 137, 145, 146, 148, 149, 153, 157, 160, 162, 164, 170, 173, 178, 180, 181]
A000418	b[n_, i_, k_] := b[n, i, k] = If[n == 0, 1, If[i < 1 || k < 1, 0, Sum[ Binomial[b[i - 1, i - 1, k - 1] + j - 1, j]*b[n - i*j, i - 1, k], {j, 0, n/i}]]]; a[n_] := b[n - 1, n - 1, 7] - b[n - 1, n - 1, 6]; Array[a, 40] (* _Jean-François Alcover_, Feb 08 2016, after _Alois P. Heinz_ in A034781 *)	[0, 0, 0, 0, 0, 0, 0, 1, 7, 34, 136, 487, 1615, 5079, 15349, 45009, 128899, 362266, 1002681, 2740448, 7411408, 19865445, 52840977, 139624510, 366803313, 958696860, 2494322662, 6463281890, 16686206047, 42935345688, 110142163940, 281763465941]
A000419	Select[Range[150],SquaresR[3,#]>0&&SquaresR[2,#]==0&] (* _Harvey P. Dale_, Nov 01 2011 *)	[3, 6, 11, 12, 14, 19, 21, 22, 24, 27, 30, 33, 35, 38, 42, 43, 44, 46, 48, 51, 54, 56, 57, 59, 62, 66, 67, 69, 70, 75, 76, 77, 78, 83, 84, 86, 88, 91, 93, 94, 96, 99, 102, 105, 107, 108, 110, 114, 115, 118, 120, 123, 126, 129, 131, 132, 133, 134, 138, 139, 140, 141, 142]
A000423	a[1] = 2; a[2] = 3; a[n_] := a[n] = For[k = a[n - 1] + 1, True, k++, If[ AnyTrue[Table[a[i] a[j], {i, 1, n-2}, {j, i+1, n-1}] // Flatten, # == k& ], Return[k]]]; Table[an = a[n]; Print[an]; an, {n, 1, 50}] (* _Jean-François Alcover_, Feb 08 2016 *)	[2, 3, 6, 12, 18, 24, 36, 48, 54, 72, 96, 108, 144, 162, 192, 216, 288, 324, 384, 432, 486, 576, 648, 768, 864, 972, 1152, 1296, 1458, 1536, 1728, 1944, 2304, 2592, 2916, 3072, 3456, 3888, 4374, 4608, 5184, 5832, 6144, 6912, 7776, 8748, 9216, 10368, 11664]
A000426	Table[Sum[(-1)^k*(2*n-k-1)!*(n-k)!/((2*n-2*k)!*(k-2)!),{k,2,n}],{n,1,20}] (* _Vaclav Kotesovec_, Oct 26 2012 *)	[0, 1, 1, 1, 8, 35, 211, 1459, 11584, 103605, 1030805, 11291237, 135015896, 1749915271, 24435107047, 365696282855, 5839492221440, 99096354764009, 1780930394412009, 33789956266629001, 674939337282352360, 14157377139256183723, 311135096550816014651]
A000428	nn = 30; b = Table[Binomial[n, 6], {n, 6, nn + 6}]; Rest[CoefficientList[Series[Product[1/(1 - x^m)^b[[m]], {m, nn}], {x, 0, nn}], x]] (* _T. D. Noe_, Jun 20 2012 *)	[1, 8, 36, 148, 554, 2094, 7624, 27428, 96231, 332159, 1126792, 3769418, 12437966, 40544836, 130643734, 416494314, 1314512589, 4110009734, 12737116845, 39144344587, 119350793207, 361173596536, 1085171968872]
A000429	b[n_, i_, k_] := b[n, i, k] = If[n == 0, 1, If[i < 1 || k < 1, 0, Sum[ Binomial[b[i - 1, i - 1, k - 1] + j - 1, j]*b[n - i*j, i - 1, k], {j, 0, n/i}]]]; a[n_] := b[n - 1, n - 1, 8] - b[n - 1, n - 1, 7]; Array[a, 40] (* _Jean-François Alcover_, Feb 08 2016, after _Alois P. Heinz_ in A034781 *)	[0, 0, 0, 0, 0, 0, 0, 0, 1, 8, 43, 188, 728, 2593, 8706, 27961, 86802, 262348, 776126, 2256418, 6466614, 18311915, 51334232, 142673720, 393611872, 1078955836, 2941029334, 7977065816, 21541492856, 57942770689, 155304829763, 414934057486]
A000430	Module[{upto=250,prs},prs=Prime[Range[PrimePi[upto]]];Select[Join[ prs,prs^2], #<=upto&]]//Sort (* _Harvey P. Dale_, Oct 08 2016 *)	[2, 3, 4, 5, 7, 9, 11, 13, 17, 19, 23, 25, 29, 31, 37, 41, 43, 47, 49, 53, 59, 61, 67, 71, 73, 79, 83, 89, 97, 101, 103, 107, 109, 113, 121, 127, 131, 137, 139, 149, 151, 157, 163, 167, 169, 173, 179, 181, 191, 193, 197, 199, 211, 223]
A000431	nn = 30; CoefficientList[Series[2*x^3/((1 - 2*x)^2*(1 - 4*x)), {x, 0, nn}], x] (* _T. D. Noe_, Jun 20 2012 *)	[0, 0, 0, 2, 16, 88, 416, 1824, 7680, 31616, 128512, 518656, 2084864, 8361984, 33497088, 134094848, 536608768, 2146926592, 8588754944, 34357248000, 137433710592, 549744803840, 2199000186880, 8796044787712, 35184271425536, 140737278640128, 562949517213696]
A000436	With[{nn=30},Take[CoefficientList[Series[Cos[x]/Cos[3x],{x,0,nn}], x] Range[ 0,nn]!,{1,-1,2}]] (* _Harvey P. Dale_, May 22 2012 *)	[1, 8, 352, 38528, 7869952, 2583554048, 1243925143552, 825787662368768, 722906928498737152, 806875574817679474688, 1118389087843083461066752, 1884680130335630169428983808, 3794717805092151129643367268352]
A000440	sigma[t_, u_] = (1 - 2 t^2 (u^2) - 2 t^2 (1+t) u^3 + 3 t^4 (u^4)) (1 - t*u)^(-1) (1 - (1+2t) u - t*u^2 + t^3 (u^3))^(-1); ds[t_, n_] := D[sigma[t, u], {u, n}] /. u -> 0; f[n_, k_] := Coefficient[Sum[Coefficient[ds[t, n]/n!, t, j]*(n-j)!*(y-1)^j, {j, 0, n}], y, k]; Table[f[i, 4], {i, 4, 22}] (* _Jean-François Alcover_, May 27 2011, after Maple prog. *)	[9, 30, 180, 980, 8326, 70272, 695690, 7518720, 89193276, 1148241458, 15947668065, 237613988040, 3780133322620, 63945806121448, 1146081593303784, 21693271558730304, 432411684714253605, 9053476937543082240, 198641103956454088919]
A000443	nn = 70; lim = nn^2; t = Table[0, {lim}]; Do[k = x^2 + y^2; If[0 < k <= lim, t[[k]]++], {x, 0, nn}, {y, x, nn}]; Flatten[Position[t, 3]] (* _T. D. Noe_, Jun 20 2012 *)	[325, 425, 625, 650, 725, 845, 850, 925, 1025, 1250, 1300, 1325, 1445, 1450, 1525, 1690, 1700, 1825, 1850, 2050, 2225, 2425, 2500, 2525, 2600, 2650, 2725, 2825, 2873, 2890, 2900, 2925, 3050, 3125, 3380, 3400, 3425, 3650, 3700, 3725, 3757, 3825, 3925, 4100]
A000443	Select[Range[4500],Length[PowersRepresentations[#,2,2]]==3&] (* _Harvey P. Dale_, Jun 02 2017 *)	[325, 425, 625, 650, 725, 845, 850, 925, 1025, 1250, 1300, 1325, 1445, 1450, 1525, 1690, 1700, 1825, 1850, 2050, 2225, 2425, 2500, 2525, 2600, 2650, 2725, 2825, 2873, 2890, 2900, 2925, 3050, 3125, 3380, 3400, 3425, 3650, 3700, 3725, 3757, 3825, 3925, 4100]
A000444	b[n_] := b[n] = If[n <= 1, n, Sum[k*b[k]*s[n-1, k], {k, 1, n-1}]/(n-1)]; s[n_, k_] := s[n, k] = Sum[b[n+1-j*k], {j, 1, Quotient[n, k]}]; B[n_] := B[n] = Sum [b[k]*x^k, {k, 1, n}]; a[n_] := Coefficient[Series[B[n-2]^3*(9 - 8*B[n-2] + 2*B[n-2]^2)/(1 - B[n-2])^5, {x, 0, n+1}], x, n]; Table[a[n], {n, 3, 30}] (* _Jean-François Alcover_, Mar 10 2014, after _Alois P. Heinz_ *)	[9, 64, 326, 1433, 5799, 22224, 81987, 293987, 1031298, 3555085, 12081775, 40576240, 134919788, 444805274, 1455645411, 4733022100, 15302145060, 49223709597, 157629612076, 502736717207, 1597541346522, 5059625685739, 15975936032821, 50304490599602]
A000447	CoefficientList[Series[x (1 + 6 x + x^2)/(-1 + x)^4, {x, 0, 20}], x] (* _Eric W. Weisstein_, Sep 27 2017 *)	[0, 1, 10, 35, 84, 165, 286, 455, 680, 969, 1330, 1771, 2300, 2925, 3654, 4495, 5456, 6545, 7770, 9139, 10660, 12341, 14190, 16215, 18424, 20825, 23426, 26235, 29260, 32509, 35990, 39711, 43680, 47905, 52394, 57155, 62196, 67525, 73150, 79079, 85320, 91881, 98770, 105995, 113564, 121485]
A000451	nn = 100; lim = nn^2; t = Table[0, {lim}]; Do[k = x^2 + y^2 + z^2; If[0 < k <= lim, t[[k]]++], {x, 0, nn}, {y, x, nn}, {z, y, nn}]; u = Union[t]; c = Complement[Range[u[[-1]]], u]; If[c == {}, mx = u[[-1]], mx = c[[1]] - 1]; Join[{0}, Flatten[Table[Position[t, _?(# >= n &), 1, 1], {n, 2, mx}]]] (* _T. D. Noe_, Jun 20 2012 *)	[0, 9, 41, 81, 146, 194, 306, 369, 425, 594, 689, 866, 1109, 1154, 1154, 1361, 1634, 1781, 1889, 2141, 2609, 2609, 3366, 3366, 3449, 3449, 3506, 4241, 4289, 4826, 5066, 5381, 5561, 5561, 6254, 7229, 7829, 8069, 8069, 8126, 8609, 8774, 8774]
A000459	a[n_] := Sum[(2*(n-m))! / 2^(n-m) Binomial[n, m] Hypergeometric1F1[m-n, 2*(m - n), -4], {m, 0, n}]; Table[a[n], {n, 0, 16}] (* _Peter Luschny_, Nov 15 2023 *)	[1, 0, 1, 10, 297, 13756, 925705, 85394646, 10351036465, 1596005408152, 305104214112561, 70830194649795010, 19629681235869138841, 6401745422388206166420, 2427004973632598297444857, 1058435896607583305978409166, 526149167104704966948064477665]
A000461	Table[Sum[(n)*10^(i*(Floor[Log[10, n]] + 1)), {i, 0, n - 1}], {n, 1, 30}] (* _José de Jesús Camacho Medina_, Dec 10 2014 *)	[1, 22, 333, 4444, 55555, 666666, 7777777, 88888888, 999999999, 10101010101010101010, 1111111111111111111111, 121212121212121212121212, 13131313131313131313131313, 1414141414141414141414141414, 151515151515151515151515151515, 16161616161616161616161616161616]
A000462	A000217[n_]:=n(n+1)/2; a[n_]:=Module[{k=0}, num=n; digits={}; k=Floor[(Sqrt[1+8num]-1)/2]; While[num>0, AppendTo[digits, Floor[num/A000217[k]]]; num=Mod[num, A000217[k]]; kold=k; k=Floor[(Sqrt[1+8num]-1)/2]; While[k<kold-1, AppendTo[digits,0]; kold--]]; FromDigits[digits]]; Array[a,37] (* _Stefano Spezia_, Apr 25 2024 *)	[1, 2, 10, 11, 12, 100, 101, 102, 110, 1000, 1001, 1002, 1010, 1011, 10000, 10001, 10002, 10010, 10011, 10012, 100000, 100001, 100002, 100010, 100011, 100012, 100100, 1000000, 1000001, 1000002, 1000010, 1000011, 1000012, 1000100, 1000101, 10000000, 10000001]
A000464	With[{nn=30},Take[CoefficientList[Series[Sin[x]/Cos[2x],{x,0,nn}],x] Range[0,nn-1]!,{2,-1,2}]] (* _Harvey P. Dale_, Mar 23 2012 *)	[1, 11, 361, 24611, 2873041, 512343611, 129570724921, 44110959165011, 19450718635716001, 10784052561125704811, 7342627959965776406281, 6023130568334172003579011, 5858598896811701995459355761, 6667317162352419006959182803611, 8776621742176931117228228227924441]
A000464	nmax = 15; km0 = 10; d[n_, km_] := Round[(2^(4n-1/2) (2n-1)! Sum[ JacobiSymbol[2, 2k+1]/(2k+1)^(2n), {k, 0, km}])/Pi^(2n)]; dd[km_] := dd[km] = Table[d[n, km], {n, 1, nmax}]; dd[km0]; dd[km = 2*km0]; While[dd[km] != dd[km/2, km = 2*km]]; A000464 = dd[km] (* _Jean-François Alcover_, Feb 08 2016 *)	[1, 11, 361, 24611, 2873041, 512343611, 129570724921, 44110959165011, 19450718635716001, 10784052561125704811, 7342627959965776406281, 6023130568334172003579011, 5858598896811701995459355761, 6667317162352419006959182803611, 8776621742176931117228228227924441]
A000465	nmax = 50; CoefficientList[Series[(5 + 2*x - 3*x^3 - 5*x^4 - x^5 + 3*x^7 + x^8 - x^9)/((1-x)*(1-x^2)*(1-x^3)*(1-x^4)) * Product[1/(1 - x^k), {k, 1, nmax}], {x, 0, nmax}], x] (* _Vaclav Kotesovec_, Feb 01 2016 *)	[5, 12, 29, 57, 109, 189, 323, 522, 831, 1279, 1941, 2876, 4215, 6066, 8644, 12151, 16933, 23336, 31921, 43264, 58250, 77825, 103362, 136371, 178975, 233532, 303268, 391831, 504069, 645520, 823419, 1046067, 1324136, 1669950, 2099104, 2629685, 3284325, 4089300]
A000467	b[u_, o_, t_, k_] := b[u, o, t, k] = If[t == k, (u + o)!, If[Max[t, u] + o < k, 0, Sum[b[u + j - 1, o - j, t + 1, k], {j, 1, o}] + Sum[b[u - j, o + j - 1, 1, k], {j, 1, u}]]]; T[n_, k_] := b[0, n, 0, k] - b[0, n, 0, k + 1]; a[n_] := T[n, 6]; Array[a, 23] (* _Jean-François Alcover_, Feb 08 2016, after _Alois P. Heinz_ in A008304 *)	[0, 0, 0, 0, 0, 1, 12, 137, 1602, 19710, 257400, 3574957, 52785901, 827242933, 13730434111, 240806565782, 4452251786946, 86585391630673, 1767406549387381, 37790452850585180, 844817788372455779, 19711244788916894489, 479203883157602851294]
A000470	sigma[t_, u_] = (1 - 2 t^2 (u^2) - 2 t^2 (1 + t) u^3 + 3 t^4 (u^4)) (1 - t* u)^(-1) (1 - (1 + 2 t) u - t *u^2 + t^3 (u^3))^(-1);ds[t_, n_] := D[sigma[t, u], {u, n}] /. u -> 0; su[n_] := su[n] = Sum[ Coefficient[ds[t, n]/n!, t, j]*(n - j)!*(y - 1)^j, {j, 0, n}]; f[n_, k_] := Coefficient[su[n], y, k]; Table[f[n, 5], {n, 5, 23}] (* _Jean-François Alcover_, Sep 01 2011, after Maple prog. *)	[13, 72, 595, 4096, 39078, 379760, 4181826, 49916448, 647070333, 9035216428, 135236990388, 2159812592384, 36658601139066, 658942295734944, 12504663617290908, 249823152134646144, 5241223014084306270, 115206851288747267148, 2647678812396326064043]
A000476	sigma[t_, u_] = (1 - 2 t^2 (u^2) - 2 t^2 (1 + t) u^3 + 3 t^4 (u^4)) (1 - t* u)^(-1) (1 - (1 + 2 t) u - t *u^2 + t^3 (u^3))^(-1); ds[t_, n_] := D[sigma[t, u], {u, n}] /. u -> 0; su[n_] := su[n] = Sum[ Coefficient[ds[t, n]/n!, t, j]*(n - j)!*(y - 1)^j, {j, 0, n}]; f[n_, k_] := Coefficient[su[n], y, k]; Table[f[n, 1], {n, 5, 23}] (* _Jean-François Alcover_, Sep 01 2011, after Maple prog. *)	[15, 72, 609, 4960, 46188, 471660, 5275941, 64146768, 842803767, 11902900380, 179857257960, 2895705788736, 49491631601635, 895010868095256, 17074867330880805, 342733960299356800, 7220616209235766260, 159312370008282356844, 3673720238903201471593]
A000478	offset = 6; terms = 26; egf = (Exp[x]-1-x)^3/3!; Drop[CoefficientList[egf + O[x]^(terms+offset), x]*Range[0, terms+offset-1]!, offset] (* _Jean-François Alcover_, May 07 2017 *)	[15, 105, 490, 1918, 6825, 22935, 74316, 235092, 731731, 2252341, 6879678, 20900922, 63259533, 190957923, 575363776, 1731333808, 5205011031, 15638101281, 46962537810, 140988276150, 423174543025, 1269959836015, 3810785476980, 11434235478348, 34306598748315, 102927849307725]
A000481	CoefficientList[Series[1/((1 - x) (1 - 2 x) (1 - 3 x) (1 - 4 x) (1 - 5 x)), {x, 0, 25}], x]  (* _Vladimir Joseph Stephan Orlovsky_, Jun 20 2011 *)	[1, 15, 140, 1050, 6951, 42525, 246730, 1379400, 7508501, 40075035, 210766920, 1096190550, 5652751651, 28958095545, 147589284710, 749206090500, 3791262568401, 19137821912055, 96416888184100, 485000783495250, 2436684974110751, 12230196160292565, 61338207158409090]
A000483	nn=25;a=Log[1/(1-x)]-x;Drop[Range[0,nn]!CoefficientList[Series[a^3/3!, {x,0,nn}],x],6]  (* _Geoffrey Critzer_, Nov 03 2012 *)	[15, 210, 2380, 26432, 303660, 3678840, 47324376, 647536032, 9418945536, 145410580224, 2377609752960, 41082721413120, 748459539843840, 14345340443665920, 288650580508961280, 6085390148673177600, 134167064248901376000, 3088040233895705088000, 74077507611407752704000, 1849221425299053367296000]
A000485	b[n_] := b[n] = If[n <= 1, n, Sum[k*b[k]*s[n-1, k], {k, 1, n-1}]/(n-1)]; s[n_, k_] := s[n, k] = Sum[b[n+1-j*k], {j, 1, Quotient[n, k]}]; B[n_] := B[n] = Sum[b[k]*x^k, {k, 1, n}]; a[n_] := SeriesCoefficient[B[n-3]^4*(16-19*B[n-3] + 6*B[n-3]^2)/(1-B[n-3])^5, {x, 0, n}]; Table[a[n], {n, 4, 25}] (* _Jean-François Alcover_, Mar 20 2014, after _Alois P. Heinz_ *)	[16, 125, 680, 3135, 13155, 51873, 195821, 715614, 2550577, 8911942, 30640888, 103951415, 348724844, 1158722880, 3818514232, 12493703403, 40620949971, 131336770375, 422536529249, 1353341880777, 4317248276746, 13722302173753]
A000486	CoefficientList[Series[2 (24 x^2 - 29 x + 8)/((x - 1)^2 (2 x - 1)^2 (3 x - 1) (4 x - 1)), {x, 0, 40}], x] (* _Vincenzo Librandi_, Oct 13 2013 *)	[16, 150, 926, 4788, 22548, 100530, 433162, 1825296, 7577120, 31130190, 126969558, 515183724, 2082553132, 8395437930, 33776903714, 135691891272, 544517772984, 2183315948550, 8748985781230, 35043081823140, 140313684667076]
A000488	amax = 25; km0 = 10; L[a_, s_, km_] := Sum[JacobiSymbol[-a, 2 k + 1]/(2 k + 1)^s, {k, 0, km}]; d[1, n_, km_] := 2 (2 n - 1)! L[-1, 2 n, km] (2/Pi)^(2 n) // Round; d[a_ /; a > 1, n_, km_] := (2 n - 1)! L[-a, 2 n, km] (2 a/Pi )^(2 n)/Sqrt[a] // Round; dd[km_] := dd[km] = Table[d[a, 3, km], {a, 1, amax}]; dd[km0]; dd[km = 2 km0]; While[dd[km] != dd[km/2, km = 2 km]]; A000488 = dd[km] (* _Jean-François Alcover_, Feb 08 2016 *)	[16, 361, 3362, 16384, 55744, 152166, 355688, 739328, 1415232, 2529614, 4261454, 6885376, 10708160, 16054580, 23494584, 33554432, 46698624, 64037790, 86342918, 114163712, 149518720, 193356526, 246232840, 311635968, 390600000]
A000490	a0 = 4; nmax = 20; km0 = nmax; Clear[cc]; L[a_, s_, km_] := Sum[ JacobiSymbol[-a, 2*k+1]/(2*k+1)^s, {k, 0, km}]; c[a_, n_, km_] := 2^(2*n +1)*Pi^(-(2*n)-1)*(2*n)!*a^(2*n+1/2)*L[a, 2*n+1, km] // Round; cc[km_] := cc[km] = Table[c[a0, n, km], {n, 0, nmax}]; cc[km0]; cc[km = 2 km0]; While[cc[km] != cc[km/2, km = 2 km]]; A000490 = cc[km] (* _Jean-François Alcover_, Feb 05 2016 *)	[1, 16, 1280, 249856, 90767360, 52975108096, 45344872202240, 53515555843342336, 83285910482761809920, 165262072909347030040576, 407227428060372417275494400, 1219998300294918683087199010816, 4366953142363907901751614431559680, 18406538229888710811704852978971181056]
A000491	b[n_, k_] := b[n, k] = If[n>k, 0, 1] + If[PrimeQ[n], 0, Sum[If[d>k, 0, b[n/d, d]], {d, DeleteCases[Divisors[n], 1|n]}]]; a[n_] := b[3^5*2^n, 3^5*2^n]; Table[a[n], {n, 0, 40}] (* _Jean-François Alcover_, Mar 13 2014, after _Alois P. Heinz_ *)	[7, 19, 47, 97, 189, 339, 589, 975, 1576, 2472, 3804, 5727, 8498, 12400, 17874, 25433, 35818, 49908, 68939, 94378, 128234, 172917, 231630, 308240, 407804, 536412, 701910, 913773, 1184022, 1527165, 1961432, 2508762, 3196473, 4057403, 5132066]
A000491	nmax = 50; CoefficientList[Series[(7 + 5*x + 2*x^2 - 2*x^3 - 7*x^4 - 9*x^5 - 6*x^6 + x^7 + 4*x^8 + 6*x^9 + 3*x^10 + x^11 - 3*x^12 - 2*x^13 + x^14)/((1-x)*(1-x^2)*(1-x^3)*(1-x^4)*(1-x^5)) * Product[1/(1 - x^k), {k, 1, nmax}], {x, 0, nmax}], x] (* _Vaclav Kotesovec_, Feb 01 2016 *)	[7, 19, 47, 97, 189, 339, 589, 975, 1576, 2472, 3804, 5727, 8498, 12400, 17874, 25433, 35818, 49908, 68939, 94378, 128234, 172917, 231630, 308240, 407804, 536412, 701910, 913773, 1184022, 1527165, 1961432, 2508762, 3196473, 4057403, 5132066]
A000492	sigma[t_, u_] = (1-2t^2 (u^2) - 2t^2 (1+t) u^3 + 3t^4 (u^4)) (1-t*u)^(-1) (1-(1+2t)u - t*u^2 + t^3 (u^3))^(-1); ds[t_, n_] := D[sigma[t, u], {u, n}] /. u -> 0; f[n_, k_] := Coefficient[Sum[ Coefficient[ ds[t, n]/n!, t, j]*(n-j)!*(y-1)^j, {j, 0, n}], y, k]; a[n_] := f[n, 6]; Table[a[n], {n, 6, 25}] (* _Jean-François Alcover_, Feb 09 2016 *)	[20, 154, 1676, 14292, 155690, 1731708, 21264624, 280260864, 3970116255, 60113625680, 969368687752, 16588175089420, 300272980075896, 5733025551810600, 115148956467702600, 2427199940533198992, 53576182138937428377, 1235917889588345408586]
A000496	a[n_] := Switch[n, 0, 1, 1, 1, 2, 2, 3, 6, 4, 24, _, ({8, 12, 4, 0} . MatrixPower[Table[Which[i == j-1, 1, j == 1, {2, 0, 0, -1}[[i]], True, 0], {i, 1, 4}, {j, 1, 4}], n])[[3]]]; Table[a[n], {n, 0, 40}] (* _Jean-François Alcover_, Mar 12 2014, after _Alois P. Heinz_ *)	[1, 1, 2, 6, 24, 44, 80, 144, 260, 476, 872, 1600, 2940, 5404, 9936, 18272, 33604, 61804, 113672, 209072, 384540, 707276, 1300880, 2392688, 4400836, 8094396, 14887912, 27383136, 50365436, 92636476, 170385040, 313386944, 576408452, 1060180428, 1949975816, 3586564688]
A000499	a[n_] := Sum[k^3*DivisorSigma[1, k]*DivisorSigma[1, n - k], {k, 1, n - 1}]; Array[a, 32] (* _Jean-François Alcover_, Feb 09 2016 *)	[0, 1, 27, 184, 875, 2700, 7546, 17600, 35721, 72750, 126445, 223776, 353717, 595448, 843750, 1349120, 1827636, 2808837, 3600975, 5306000, 6667920, 9599172, 11509982, 16416000, 19015625, 26605670, 30902310, 41686848, 46948825, 64233000, 70306760, 94089216]
A000500	sigma[t_, u_] := (1-2*t^2*u^2 - 2*t^2*(1+t)*u^3 + 3*t^4*u^4)/((1-t*u)*(1-(1 + 2*t)*u - t*u^2 + t^3*u^3)); ds[t_, n_] := D[sigma[t, u], {u, n}] /. u -> 0; f[n_, k_] := Coefficient[ Sum[ Coefficient[ds[t, n]/n!, t, j]*(n-j)!*(y-1)^j, {j, 0, n}], y, k]; a[n_] := f[n, 7]; Table[Print[an = a[n]]; an, {n, 7, 24}] (* _Jean-François Alcover_, Jan 25 2013, after Maple code *)	[31, 304, 4230, 43880, 547338, 6924960, 94714620, 1375878816, 21273204330, 348919244768, 6056244249682, 110955673493568, 2140465858763844, 43379533256972640, 921616584567907176, 20485188316420940640, 475499882089797554181, 11506280235885243825696]
A000505	k = 5; Table[k^(n + k - 1) + Sum[(-1)^i/i!*(k - i)^(n + k - 1) * Product[n + k + 1 - j, {j, 1, i}], {i, 1, k - 1}], {n, 1, 19}] (* _Michael De Vlieger_, Aug 04 2015, after PARI at A001243 *)	[1, 57, 1191, 15619, 156190, 1310354, 9738114, 66318474, 423281535, 2571742175, 15041229521, 85383238549, 473353301060, 2575022097600, 13796160184500, 73008517581444, 382493246941965, 1987497491971605, 10258045633638475]
A000506	p[n_ /; n >= 2, 1] = 2; p[n_ /; n >= 2, k_] /; 1 <= k <= n := p[n, k] = k*p[n-1, k] + 2*p[n-1, k-1] + (n-k)*p[n-1, k-2]; p[n_, k_] = 0; t[n_, k_] := p[n, k]/2; a[n_] := t[n, 5]; Table[a[n], {n, 6, 23}] (* _Jean-François Alcover_, Feb 09 2016 *)	[61, 841, 7311, 51663, 325446, 1910706, 10715506, 58258210, 309958755, 1623847695, 8412276585, 43220104041, 220683627988, 1121561317408, 5679711010548, 28683869195556, 144552802373145, 727271783033445]
A000507	t[n_, 0] = 1; t[n_, k_] /; k > n/2 = 0; t[n_, k_] /; k <= n/2 := t[n, k] = (2k+1) t[n-1, k] + (n-2k+1) t[n-1, k-1]; a[n_] := t[n, 3]; Table[a[n], {n, 6, 23}] (* _Jean-François Alcover_, Feb 09 2016 *)	[61, 1385, 19028, 206276, 1949762, 16889786, 137963364, 1081702420, 8236142455, 61386982075, 450403628440, 3266265481144, 23480284103492, 167687984079924, 1191656966048088, 8436830209386360, 59563995267159825, 419628657826253805]
A000508	amax = 25; km0 = 10; Clear[cc]; L[a_, s_, km_] := Sum[ JacobiSymbol[ -a, 2 k + 1]/(2 k + 1)^s, {k, 0, km}]; c[1, n_, km_] := 2 (2 n)! L[1, 2 n + 1, km] (2/Pi)^(2 n + 1) // Round; c[a_ /; a > 1, n_, km_] := (2 n)! L[a, 2 n + 1, km] (2 a/Pi)^(2 n + 1)/Sqrt[a] // Round; cc[km_] := cc[km] = Table[ c[a, 3, km], {a, 1, amax} ]; cc[km0]; cc[km = 2 km0]; While[cc[km] != cc[km/2, km = 2 km]]; A000508 = cc[km] (* _Jean-François Alcover_, Feb 09 2016 *)	[61, 2763, 38528, 249856, 1066590, 3487246, 9493504, 22634496, 48649086, 96448478, 179369856, 315621376, 530788622, 860061996, 1346126848, 2046820352, 3038120316, 4403100222, 6254596992, 8737505280, 11992903772]
A000517	nn = 20; Drop[CoefficientList[Series[16 x^7 (17 - 184 x + 636 x^2 - 720 x^3)/((1 - 2 x)^4*(1 - 4 x)^3*(1 - 6 x)^2*(1 - 8 x)), {x, 0, nn}], x], 7] (* _T. D. Noe_, Jun 20 2012 *)	[272, 7936, 137216, 1841152, 21253376, 222398464, 2174832640, 20261765120, 182172651520, 1594922762240, 13684856848384, 115620218667008, 965271355195392, 7984436548730880, 65569731961159680, 535438370914959360, 4353038473793372160, 35266789418949672960]
A000518	amax = 20; km0 = 10; Clear[dd]; L[a_, s_, km_] := Sum[ JacobiSymbol[ -a, 2 k + 1]/(2 k + 1)^s, {k, 0, km}]; d[1, n_, km_] := 2 (2 n - 1)! L[-1, 2 n, km] (2/Pi)^(2 n) // Round; d[a_ /; a > 1, n_, km_] := (2 n - 1)! L[-a, 2 n, km] (2 a/Pi)^(2 n)/Sqrt[a] // Round; dd[km_] := dd[km] = Table[d[a, 4, km], {a, 1, amax}]; dd[km0]; dd[km = 2 km0]; While[dd[km] != dd[km/2, km = 2 km]]; A000518 = dd[km] (* _Jean-François Alcover_, Feb 09 2016 *)	[272, 24611, 515086, 4456448, 23750912, 93241002, 296327464, 806453248, 1951153920, 4300685074, 8787223186, 16878338048, 30768878848, 53624926972, 89982082488, 146028888064, 230022888960, 353194774434, 529896144586]
A000521	CoefficientList[Normal[Series[1728*KleinInvariantJ[z], {z,0,30}]*Exp[ -2*I*Pi/z]] /. E^(Pi*Complex[0,n_]/z) -> t^(-n/2), t] (* _Artur Jasinski_, Dec 20 2008, after Daniel Lichtblau, corrected by _Vaclav Kotesovec_, Jul 07 2020 *)	[1, 744, 196884, 21493760, 864299970, 20245856256, 333202640600, 4252023300096, 44656994071935, 401490886656000, 3176440229784420, 22567393309593600, 146211911499519294, 874313719685775360, 4872010111798142520, 25497827389410525184, 126142916465781843075]
A000521	a[ n_] := With[ {tau = Log[q] / (2 Pi I)}, SeriesCoefficient[ Series[ 1728 KleinInvariantJ[ tau], {q, 0, n}], {q, 0, n}]]; (* _Michael Somos_, Nov 20 2011 *)(* Since V7 *)	[1, 744, 196884, 21493760, 864299970, 20245856256, 333202640600, 4252023300096, 44656994071935, 401490886656000, 3176440229784420, 22567393309593600, 146211911499519294, 874313719685775360, 4872010111798142520, 25497827389410525184, 126142916465781843075]
A000521	a[ n_] := With[ {e1 = DedekindEta[ Log[q] / (2 Pi I)]^24, e2 = DedekindEta[ Log[q] / (Pi I)]^24}, SeriesCoefficient[ Series[ (e1 + 256 e2)^3 / (e1^2 e2), {q, 0, n + 1}], {q, 0, n}]]; (* _Michael Somos_, Mar 09 2012 *)	[1, 744, 196884, 21493760, 864299970, 20245856256, 333202640600, 4252023300096, 44656994071935, 401490886656000, 3176440229784420, 22567393309593600, 146211911499519294, 874313719685775360, 4872010111798142520, 25497827389410525184, 126142916465781843075]
A000521	a[ n_] := With[ {L = ModularLambda[ Log[q] / (2 Pi I)]}, SeriesCoefficient[ Series[ 256 (L^2 - L + 1)^3 / (L (1 - L))^2, {q, 0, 2 n + 3}], {q, 0, n}]]; (* _Michael Somos_, Mar 09 2012 *)	[1, 744, 196884, 21493760, 864299970, 20245856256, 333202640600, 4252023300096, 44656994071935, 401490886656000, 3176440229784420, 22567393309593600, 146211911499519294, 874313719685775360, 4872010111798142520, 25497827389410525184, 126142916465781843075]
A000521	a[ n_] := If[ n < -1, 0, With[ {E4 = 1 + 240 Sum[ DivisorSigma[ 3, k] q^k, {k, n + 2}], E6 = 1 - 504 Sum[ DivisorSigma[ 5, k] q^k, {k, n + 2}]}, SeriesCoefficient[ Series[ 1728 E4^3 / (E4^3 - E6^2), {q, 0, n}], {q, 0, n}]]]; (* _Michael Somos_, Mar 09 2012 *)	[1, 744, 196884, 21493760, 864299970, 20245856256, 333202640600, 4252023300096, 44656994071935, 401490886656000, 3176440229784420, 22567393309593600, 146211911499519294, 874313719685775360, 4872010111798142520, 25497827389410525184, 126142916465781843075]
A000521	CoefficientList[Series[(65536 + x*QPochhammer[-1, x]^24)^3 / (16777216 * QPochhammer[-1, x]^24), {x, 0, 20}], x] (* _Vaclav Kotesovec_, Sep 23 2017 *)	[1, 744, 196884, 21493760, 864299970, 20245856256, 333202640600, 4252023300096, 44656994071935, 401490886656000, 3176440229784420, 22567393309593600, 146211911499519294, 874313719685775360, 4872010111798142520, 25497827389410525184, 126142916465781843075]
A000521	a[n_] := SeriesCoefficient[With[{L = InverseEllipticNomeQ[rootQ]}, 256 (L^2 - L + 1)^3/(L (1 - L))^2], {rootQ, 0, 2n}];  (* _Jan Mangaldan_, Jul 07 2020, after _Michael Somos_; corrected by _Leo C. Stein_, Feb 25 2024 *)	[1, 744, 196884, 21493760, 864299970, 20245856256, 333202640600, 4252023300096, 44656994071935, 401490886656000, 3176440229784420, 22567393309593600, 146211911499519294, 874313719685775360, 4872010111798142520, 25497827389410525184, 126142916465781843075]
A000524	b[n_] := b[n] = If[n <= 1, n, Sum[k*b[k]*s[n-1, k], {k, 1, n-1}]/(n-1)]; s[n_, k_] := s[n, k] = Sum[b[n+1 - j*k], {j, 1, Quotient[n, k]}]; B[n_] := B[n] = Sum[b[k]*x^k, {k, 1, n}]; a[n_] := Coefficient[Series[B[n-1]^2*((2 - B[n-1])/ (1 - B[n-1])^3), {x, 0, n+1}], x, n]; Table[a[n], {n, 2, 25}] (* _Jean-François Alcover_, Dec 20 2012, translated from _Alois P. Heinz_'s Maple program *)	[2, 9, 34, 119, 401, 1316, 4247, 13532, 42712, 133816, 416770, 1291731, 3987444, 12266845, 37627230, 115125955, 351467506, 1070908135, 3257389088, 9892759091, 30002923380, 90879555521, 274963755791, 831064788976]
A000525	b[n_] := b[n] = If[n <= 1, n, Sum[k*b[k]*s[n-1, k], {k, 1, n-1}]/(n-1)]; s[n_, k_] := s[n, k] = Sum[b[n + 1 - j*k], {j, 1, Quotient[n, k]}]; B[n_] := B[n] = Sum[b[k]*x^k, {k, 1, n}]; a[n_] := SeriesCoefficient[B[n-3]^4*(64 - 79*B[n-3] + 36*B[n-3]^2 - 6*B[n-3]^3)/ (1 - B[n-3])^7, {x, 0, n}]; Table[a[n], {n, 4, 24}] (* _Jean-François Alcover_, Mar 20 2014, after _Alois P. Heinz_ *)	[64, 625, 4016, 21256, 100407, 439646, 1823298, 7258228, 27983518, 105146732, 386812476, 1398023732, 4977320988, 17492710572, 60790051789, 209179971147, 713533304668, 2415061934763, 8117293752058, 27111950991825, 90039381031273]
A000526	b[n_] := b[n] = If[n <= 1, n, Sum[k*b[k]*s[n-1, k], {k, 1, n-1}]/(n-1)]; s[n_, k_] := s[n, k] = Sum[b[n + 1 - j*k], {j, 1, Quotient[n, k]}]; B[n_] := B[n] = Sum[b[k]*x^k, {k, 1, n}]; a[n_] := SeriesCoefficient[B[n-4]^5*(125 - 204*B[n-4] + 118*B[n-4]^2 - 24*B[n-4]^3)/(1 - B[n-4])^7, {x, 0, n}]; Table[a[n], {n, 5, 23}] (* _Jean-François Alcover_, Mar 20 2014, after _Alois P. Heinz_ *)	[125, 1296, 8716, 47787, 232154, 1040014, 4395772, 17781210, 69498964, 264248924, 982218072, 3582421612, 12857819052, 45515994861, 159205157535, 551049504784, 1889714853263, 6427147635062, 21698583468717]
A000537	Accumulate[Range[0, 50]^3] (* _Harvey P. Dale_, Mar 01 2011 *)	[0, 1, 9, 36, 100, 225, 441, 784, 1296, 2025, 3025, 4356, 6084, 8281, 11025, 14400, 18496, 23409, 29241, 36100, 44100, 53361, 64009, 76176, 90000, 105625, 123201, 142884, 164836, 189225, 216225, 246016, 278784, 314721, 354025, 396900, 443556, 494209, 549081]
A000537	Table[CycleIndex[{{1, 2, 3, 4}, {3, 2, 1, 4}, {1, 4, 3, 2}, {3, 4, 1, 2}}, s] /. Table[s[i] -> n, {i, 1, 2}], {n, 0, 30}] (* _Geoffrey Critzer_, Jun 18 2014 *)	[0, 1, 9, 36, 100, 225, 441, 784, 1296, 2025, 3025, 4356, 6084, 8281, 11025, 14400, 18496, 23409, 29241, 36100, 44100, 53361, 64009, 76176, 90000, 105625, 123201, 142884, 164836, 189225, 216225, 246016, 278784, 314721, 354025, 396900, 443556, 494209, 549081]
A000537	CoefficientList[Series[-((x (1 + 4 x + x^2))/(-1 + x)^5), {x, 0, 20}], x] (* _Eric W. Weisstein_, Jan 02 2018 *)	[0, 1, 9, 36, 100, 225, 441, 784, 1296, 2025, 3025, 4356, 6084, 8281, 11025, 14400, 18496, 23409, 29241, 36100, 44100, 53361, 64009, 76176, 90000, 105625, 123201, 142884, 164836, 189225, 216225, 246016, 278784, 314721, 354025, 396900, 443556, 494209, 549081]
A000538	Accumulate[Range[0,40]^4] (* _Harvey P. Dale_, Jan 13 2011 *)	[0, 1, 17, 98, 354, 979, 2275, 4676, 8772, 15333, 25333, 39974, 60710, 89271, 127687, 178312, 243848, 327369, 432345, 562666, 722666, 917147, 1151403, 1431244, 1763020, 2153645, 2610621, 3142062, 3756718, 4463999, 5273999, 6197520, 7246096, 8432017, 9768353]
A000539	Accumulate[Range[0, 40]^5]	[0, 1, 33, 276, 1300, 4425, 12201, 29008, 61776, 120825, 220825, 381876, 630708, 1002001, 1539825, 2299200, 3347776, 4767633, 6657201, 9133300, 12333300, 16417401, 21571033, 28007376, 35970000, 45735625, 57617001, 71965908, 89176276, 109687425, 133987425, 162616576]
A000541	Table[Sum[k^7, {k, 1, n}], {n, 0, 100}] (* _Artur Jasinski_, Oct 10 2007 *)	[0, 1, 129, 2316, 18700, 96825, 376761, 1200304, 3297456, 8080425, 18080425, 37567596, 73399404, 136147921, 241561425, 412420800, 680856256, 1091194929, 1703414961, 2597286700, 3877286700, 5678375241, 8172733129, 11577558576, 16164030000, 22267545625]
A000543	CoefficientList[Series[x*(1+x)*(1+13*x+149*x^2+514*x^3+149*x^4+13*x^5+x^6)/(1-x)^9,{x,0,30}],x] (* _Vincenzo Librandi_, Apr 15 2012 *)	[0, 1, 23, 333, 2916, 16725, 70911, 241913, 701968, 1798281, 4173775, 8942021, 17930628, 34009053, 61518471, 106823025, 179003456, 290715793, 459239463, 707740861, 1066780100, 1576090341, 2286660783, 3263156073, 4586706576]
A000544	max = 22; s = Sum[k*k!*(x^2-x+k-1)*(-x*(x-1)/(x+1))^k, {k, 1, max+1}]/(x- x^2-x^3+x^4)^2 + O[x]^max; CoefficientList[s, x] (* _Jean-François Alcover_, Feb 09 2016 *)	[3, 25, 155, 1005, 7488, 64164, 619986, 6646750, 78161249, 999473835, 13801761213, 204631472475, 3241541125110, 54629642149630, 975867376041308, 18416844056075364, 366128842105397631, 7647337600268371485, 167424323805645018159, 3833790834030516355705, 91641405910147125954428, 2282611988081527293910920]
A000546	Collatz[n_] := Length[NestWhileList[If[EvenQ[#], #/2, 3 # + 1] &, n, # > 1 &]] - 1; nn = 10; t = Table[0, {nn}]; t[[1]] = 1; rep = 1; last = 0; n = 1; While[Times @@ t == 0, n++;  r = Collatz[n]; If[r == last, rep++, If[0 < rep <= nn && t[[rep]] == 0, t[[rep]] = n - rep]; last = r; rep = 1]]; t (* _T. D. Noe_, Jun 20 2012 *)	[1, 12, 28, 314, 98, 386, 943, 1494, 1680, 4722, 6576, 11696, 3982, 2987, 17548, 36208, 7083, 59692, 159116, 79592, 57857, 212160, 352258, 221185, 57346, 294913, 252548, 530052, 331778, 524289, 1088129, 913319, 2065786, 1541308, 1032875, 1264924, 8151894]
A000549	A000549 = Reap[For[n=1, n <= 10^5, n++, If[SquaresR[2, n] != 0, If[Union[ PowersRepresentations[n, 3, 2][[All, 1]]] == {0}, Print[n]; Sow[n]]]] ][[2, 1]] (* _Jean-François Alcover_, Feb 09 2016 *)	[1, 2, 4, 5, 8, 10, 13, 16, 20, 25, 32, 37, 40, 52, 58, 64, 80, 85, 100, 128, 130, 148, 160, 208, 232, 256, 320, 340, 400, 512, 520, 592, 640, 832, 928, 1024, 1280, 1360, 1600, 2048, 2080, 2368, 2560, 3328, 3712, 4096, 5120, 5440, 6400, 8192, 8320, 9472, 10240]
A000551	With[{nn=30},Drop[CoefficientList[Series[x (Exp[x Exp[x]]-Exp[x]),{x,0,nn}], x] Range[0,nn]!,3]] (* _Harvey P. Dale_, Apr 17 2017 *)	[6, 36, 200, 1170, 7392, 50568, 372528, 2936070, 24617120, 218521116, 2045278248, 20112821274, 207162957120, 2228888801040, 24989309310944, 291322555295886, 3524580202643136, 44176839081266340, 572725044269255640]
A000552	With[{nn=20},Drop[CoefficientList[Series[x(Exp[x Exp[x Exp[x]]]- Exp[x Exp[x]]),{x,0,nn}],x]Range[0,nn]!,4]] (* _Harvey P. Dale_, Oct 01 2011 *)	[24, 300, 3360, 38850, 475776, 6231960, 87530400, 1316954430, 21173760960, 362670636900, 6596214691248, 126980000240730, 2579214238608000, 55118036257959600, 1235935135837111104, 29009023670878484598]
A000553	egf = x*(Exp[x*Exp[x*Exp[x*Exp[x]]]] - Exp[x*Exp[x*Exp[x]]]); a[n_] := SeriesCoefficient[egf, {x, 0, n}]*n!; Table[a[n], {n, 5, 19}] (* _Jean-François Alcover_, Jan 17 2014, after _Vladeta Jovovic_ *)	[120, 2520, 43680, 757680, 13747104, 264181680, 5395040640, 117080049240, 2696387899920, 65774992411128, 1695845836077120, 46110625382246880, 1319345179723609920, 39640903618873667040, 1248193457738661143808]
A000556	CoefficientList[Series[E^(-x)/(1-E^x+E^(-x)), {x, 0, 20}], x] * Range[0, 20]! (* _Vaclav Kotesovec_, May 04 2015 *)	[1, 1, 5, 31, 257, 2671, 33305, 484471, 8054177, 150635551, 3130337705, 71556251911, 1784401334897, 48205833997231, 1402462784186105, 43716593539939351, 1453550100421124417, 51350258701767067711, 1920785418183176050505, 75839622064482770570791]
A000556	Round@Table[(-1)^(n+1) (PolyLog[-n, 1-GoldenRatio] GoldenRatio + PolyLog[-n, GoldenRatio]/GoldenRatio)/Sqrt[5], {n, 0, 20}] (* _Vladimir Reshetnikov_, Oct 30 2015 *)	[1, 1, 5, 31, 257, 2671, 33305, 484471, 8054177, 150635551, 3130337705, 71556251911, 1784401334897, 48205833997231, 1402462784186105, 43716593539939351, 1453550100421124417, 51350258701767067711, 1920785418183176050505, 75839622064482770570791]
A000557	With[{nn=20},CoefficientList[Series[1/(1-2*Sinh[x]),{x,0,nn}],x]Range[ 0,nn]!] (* _Harvey P. Dale_, Mar 11 2012 *)	[1, 2, 8, 50, 416, 4322, 53888, 783890, 13031936, 243733442, 5064992768, 115780447730, 2887222009856, 77998677862562, 2269232452763648, 70734934220015570, 2351893466832306176, 83086463910558199682, 3107896091715557654528, 122711086194279627711410]
A000557	Round@Table[(-1)^n (PolyLog[-n, 1-GoldenRatio]-PolyLog[-n, GoldenRatio])/Sqrt[5], {n, 0, 20}] (* _Vladimir Reshetnikov_, Oct 29 2015 *)	[1, 2, 8, 50, 416, 4322, 53888, 783890, 13031936, 243733442, 5064992768, 115780447730, 2887222009856, 77998677862562, 2269232452763648, 70734934220015570, 2351893466832306176, 83086463910558199682, 3107896091715557654528, 122711086194279627711410]
A000558	nn = 22; t = Range[0, nn]! CoefficientList[Series[1/2*(Exp[Exp[x] - 1] - 1)^2, {x, 0, nn}], x]; Drop[t, 2] (* _T. D. Noe_, Aug 10 2012 *)	[1, 6, 32, 175, 1012, 6230, 40819, 283944, 2090424, 16235417, 132609666, 1135846062, 10175352709, 95108406130, 925496853980, 9357279554071, 98118527430960, 1065259283215810, 11956366813630835, 138539436100687988, 1655071323662574756, 20361556640795422729]
A000559	nn = 23; t = Range[0, nn]! CoefficientList[Series[1/6*(Exp[Exp[x] - 1] - 1)^3, {x, 0, nn}], x]; Drop[t, 3] (* _T. D. Noe_, Aug 10 2012 *)	[1, 12, 110, 945, 8092, 70756, 638423, 5971350, 57996774, 585092607, 6128147610, 66579524648, 749542556193, 8733648533696, 105203108066962, 1308549777461505, 16787682400875456, 221901108871482760, 3018891886411332135, 42230736603244134242]
A000561	Drop[CoefficientList[Series[x^3(6+20x+5x^2-4x^3)/(1-x)^4,{x,0,50}],x],3] (* _Harvey P. Dale_, Jul 20 2021 *)	[6, 44, 145, 336, 644, 1096, 1719, 2540, 3586, 4884, 6461, 8344, 10560, 13136, 16099, 19476, 23294, 27580, 32361, 37664, 43516, 49944, 56975, 64636, 72954, 81956, 91669, 102120, 113336, 125344, 138171, 151844, 166390, 181836, 198209, 215536, 233844, 253160, 273511, 294924, 317426, 341044]
A000566	Join[{0},Accumulate[Range[1,315,5]]] (* _Harvey P. Dale_, Mar 26 2016 *)	[0, 1, 7, 18, 34, 55, 81, 112, 148, 189, 235, 286, 342, 403, 469, 540, 616, 697, 783, 874, 970, 1071, 1177, 1288, 1404, 1525, 1651, 1782, 1918, 2059, 2205, 2356, 2512, 2673, 2839, 3010, 3186, 3367, 3553, 3744, 3940, 4141, 4347, 4558, 4774, 4995, 5221, 5452, 5688]
A000571	max = 40; (* b = A145855 *) b[0] = 1; b[n_] := DivisorSum[n, (-1)^(n+#)* EulerPhi[n/#]*Binomial[2*#, #]/(2*n)&]; s = Exp[Sum[b[m]*x^m/m, {m, 1, max}]] + O[x]^max; CoefficientList[s, x] (* _Jean-François Alcover_, Dec 06 2015, adapted from PARI *)	[1, 1, 1, 2, 4, 9, 22, 59, 167, 490, 1486, 4639, 14805, 48107, 158808, 531469, 1799659, 6157068, 21258104, 73996100, 259451116, 915695102, 3251073303, 11605141649, 41631194766, 150021775417, 542875459724, 1972050156181, 7189259574618, 26295934251565, 96478910768821, 354998461378719, 1309755903513481]
A000575	CoefficientList[Series[(10-20*x+15*x^2-4*x^3)/(1-x)^10,{x,0,50}],x](* _Vincenzo Librandi_, Mar 28 2012 *)	[10, 80, 365, 1246, 3535, 8800, 19855, 41470, 81367, 151580, 270270, 464100, 771290, 1245488, 1960610, 3016820, 4547840, 6729800, 9791859, 14028850, 19816225, 27627600, 38055225, 51833730, 69867525, 93262260, 123360780, 161784040, 210477476, 271763360]
A000578	CoefficientList[Series[x (1 + 4 x + x^2)/(1 - x)^4, {x, 0, 45}], x] (* _Vincenzo Librandi_, Jul 05 2014 *)	[0, 1, 8, 27, 64, 125, 216, 343, 512, 729, 1000, 1331, 1728, 2197, 2744, 3375, 4096, 4913, 5832, 6859, 8000, 9261, 10648, 12167, 13824, 15625, 17576, 19683, 21952, 24389, 27000, 29791, 32768, 35937, 39304, 42875, 46656, 50653, 54872, 59319, 64000, 68921, 74088, 79507]
A000579	CoefficientList[ Series[ -7x^6/(x-1)^7,{x, 0, 35}], x]/7 (* _Robert G. Wilson v_, Jan 29 2015 *)	[0, 0, 0, 0, 0, 0, 1, 7, 28, 84, 210, 462, 924, 1716, 3003, 5005, 8008, 12376, 18564, 27132, 38760, 54264, 74613, 100947, 134596, 177100, 230230, 296010, 376740, 475020, 593775, 736281, 906192, 1107568, 1344904, 1623160, 1947792, 2324784, 2760681, 3262623]
A000586	b[n_, i_] := b[n, i] = If[n == 0, 1, If[i < 1, 0, b[n, i-1] + If[Prime[i] > n, 0, b[n - Prime[i], i-1]]]]; a[n_] := b[n, PrimePi[n]]; Table[a[n], {n, 0, 100}] (* _Jean-François Alcover_, Apr 09 2014, after _Alois P. Heinz_ *)	[1, 0, 1, 1, 0, 2, 0, 2, 1, 1, 2, 1, 2, 2, 2, 2, 3, 2, 4, 3, 4, 4, 4, 5, 5, 5, 6, 5, 6, 7, 6, 9, 7, 9, 9, 9, 11, 11, 11, 13, 12, 14, 15, 15, 17, 16, 18, 19, 20, 21, 23, 22, 25, 26, 27, 30, 29, 32, 32, 35, 37, 39, 40, 42, 44, 45, 50, 50, 53, 55, 57, 61, 64, 67, 70, 71, 76, 78, 83, 87, 89, 93, 96]
A000586	nmax = 100; pmax = PrimePi[nmax]; poly = ConstantArray[0, nmax + 1]; poly[[1]] = 1; poly[[2]] = 0; poly[[3]] = 1; Do[p = Prime[k]; Do[poly[[j]] += poly[[j - p]], {j, nmax + 1, p + 1, -1}];, {k, 2, pmax}]; poly (* _Vaclav Kotesovec_, Sep 20 2018 *)	[1, 0, 1, 1, 0, 2, 0, 2, 1, 1, 2, 1, 2, 2, 2, 2, 3, 2, 4, 3, 4, 4, 4, 5, 5, 5, 6, 5, 6, 7, 6, 9, 7, 9, 9, 9, 11, 11, 11, 13, 12, 14, 15, 15, 17, 16, 18, 19, 20, 21, 23, 22, 25, 26, 27, 30, 29, 32, 32, 35, 37, 39, 40, 42, 44, 45, 50, 50, 53, 55, 57, 61, 64, 67, 70, 71, 76, 78, 83, 87, 89, 93, 96]
A000587	With[{nn=30},CoefficientList[Series[Exp[1-Exp[x]],{x,0,nn}],x] Range[0,nn]!] (* _Harvey P. Dale_, Nov 04 2011 *)	[1, -1, 0, 1, 1, -2, -9, -9, 50, 267, 413, -2180, -17731, -50533, 110176, 1966797, 9938669, 8638718, -278475061, -2540956509, -9816860358, 27172288399, 725503033401, 5592543175252, 15823587507881, -168392610536153, -2848115497132448, -20819319685262839]
A000587	a[ n_] := If[ n < 0, 0, n! SeriesCoefficient[ Exp[ 1 - Exp[x]], {x, 0, n}]]; (* _Michael Somos_, May 27 2014 *)	[1, -1, 0, 1, 1, -2, -9, -9, 50, 267, 413, -2180, -17731, -50533, 110176, 1966797, 9938669, 8638718, -278475061, -2540956509, -9816860358, 27172288399, 725503033401, 5592543175252, 15823587507881, -168392610536153, -2848115497132448, -20819319685262839]
A000587	b[1] = 1; k = 1; Flatten[{1, Table[Do[j = k; k -= b[m]; b[m] = j;, {m, 1, n-1}]; b[n] = k; k*(-1)^n, {n, 1, 40}]}] (* _Vaclav Kotesovec_, Sep 09 2019 *)	[1, -1, 0, 1, 1, -2, -9, -9, 50, 267, 413, -2180, -17731, -50533, 110176, 1966797, 9938669, 8638718, -278475061, -2540956509, -9816860358, 27172288399, 725503033401, 5592543175252, 15823587507881, -168392610536153, -2848115497132448, -20819319685262839]
A000592	nn = 200; t = CoefficientList[Series[Sum[x^k^2, {k, 0, Sqrt[nn]}]^2, {x, 0, nn}], x]; Union[Accumulate[t]] (* _Jean-François Alcover_, Jul 20 2011, after _T. D. Noe_ *)	[1, 3, 4, 6, 8, 9, 11, 13, 15, 17, 19, 20, 22, 26, 28, 30, 31, 33, 35, 37, 39, 41, 43, 45, 48, 50, 52, 54, 56, 58, 62, 64, 65, 67, 69, 71, 73, 75, 79, 81, 83, 85, 86, 90, 92, 94, 96, 98, 100, 102, 104, 106, 108, 112, 113, 117, 119, 121, 123, 127, 129, 131, 133, 135, 137]
A000593	Table[SeriesCoefficient[n Log[QPochhammer[-1, x]], {x, 0, n}], {n, 1, 75}] (* _Vladimir Reshetnikov_, Nov 21 2016 *)	[1, 1, 4, 1, 6, 4, 8, 1, 13, 6, 12, 4, 14, 8, 24, 1, 18, 13, 20, 6, 32, 12, 24, 4, 31, 14, 40, 8, 30, 24, 32, 1, 48, 18, 48, 13, 38, 20, 56, 6, 42, 32, 44, 12, 78, 24, 48, 4, 57, 31, 72, 14, 54, 40, 72, 8, 80, 30, 60, 24, 62, 32, 104, 1, 84, 48, 68, 18, 96, 48, 72, 13, 74, 38, 124]
A000594	max = 28; g[k_] := -BernoulliB[k]/(2k) + Sum[ DivisorSigma[k - 1, n - 1]*q^(n - 1), {n, 2, max + 1}]; CoefficientList[ Series[ 8000*g[4]^3 - 147*g[6]^2, {q, 0, max}], q] // Rest (* _Jean-François Alcover_, Oct 10 2012, from modular forms *)	[1, -24, 252, -1472, 4830, -6048, -16744, 84480, -113643, -115920, 534612, -370944, -577738, 401856, 1217160, 987136, -6905934, 2727432, 10661420, -7109760, -4219488, -12830688, 18643272, 21288960, -25499225, 13865712, -73279080, 24647168]
A000594	a[ n_] := SeriesCoefficient[ q QPochhammer[ q]^24, {q, 0, n}]; (* _Michael Somos_, May 27 2014 *)	[1, -24, 252, -1472, 4830, -6048, -16744, 84480, -113643, -115920, 534612, -370944, -577738, 401856, 1217160, 987136, -6905934, 2727432, 10661420, -7109760, -4219488, -12830688, 18643272, 21288960, -25499225, 13865712, -73279080, 24647168]
A000594	a[ n_] := With[{t = Log[q] / (2 Pi I)}, SeriesCoefficient[ Series[ DedekindEta[t]^24, {q, 0, n}], {q, 0, n}]]; (* _Michael Somos_, May 27 2014 *)	[1, -24, 252, -1472, 4830, -6048, -16744, 84480, -113643, -115920, 534612, -370944, -577738, 401856, 1217160, 987136, -6905934, 2727432, 10661420, -7109760, -4219488, -12830688, 18643272, 21288960, -25499225, 13865712, -73279080, 24647168]
A000597	CoefficientList[Series[(x^5 + 75*x^4 + 603*x^3 + 1065*x^2 + 460*x + 36)/(1-x)^10, {x, 0, 20}], x] (* _Vaclav Kotesovec_, Feb 23 2015 *)	[36, 820, 7645, 44473, 191620, 669188, 1999370, 5293970, 12728936, 28285400, 58856655, 115842675, 217378200, 391367064, 679524340, 1142659012, 1867463260, 2975110060, 4631998657, 7063027565, 10567817084, 15540347900, 22492529150, 32082258390, 45146587200]
A000598	m = 45; Clear[f]; f[1, x_] := 1+x; f[n_, x_] := f[n, x] = Expand[1+x*(f[n-1, x]^3/6 + f[n-1, x^2]*f[n-1, x]/2 + f[n-1, x^3]/3)][[1 ;; n]]; Do[f[n, x], {n, 2, m}]; CoefficientList[f[m, x], x]	[1, 1, 1, 2, 4, 8, 17, 39, 89, 211, 507, 1238, 3057, 7639, 19241, 48865, 124906, 321198, 830219, 2156010, 5622109, 14715813, 38649152, 101821927, 269010485, 712566567, 1891993344, 5034704828, 13425117806, 35866550869, 95991365288, 257332864506, 690928354105]
A000598	Join[{1},Table[b[n-1, n-1, m, m], {n, 1, 35}]] (* _Robert A. Russell_, Dec 27 2022 *)	[1, 1, 1, 2, 4, 8, 17, 39, 89, 211, 507, 1238, 3057, 7639, 19241, 48865, 124906, 321198, 830219, 2156010, 5622109, 14715813, 38649152, 101821927, 269010485, 712566567, 1891993344, 5034704828, 13425117806, 35866550869, 95991365288, 257332864506, 690928354105]
A000602	Sum[Take[CoefficientList[z^(n+1) + S4[T,h-1,z]z - S4[T,h-2,z]z - (T[h-1,z] - T[h-2,z]) (T[h-1,z]-1),z], n+1], {h,1,n/2}] + PadRight[{1,1}, n+1] + Sum[Take[CoefficientList[z^(n+1) + (T[h,z] - T[h-1,z])^2/2 + (T[h,z^2] - T[h-1,z^2])/2, z],n+1], {h,0,n/2}] (* _Robert A. Russell_, Sep 15 2018 *)	[1, 1, 1, 1, 2, 3, 5, 9, 18, 35, 75, 159, 355, 802, 1858, 4347, 10359, 24894, 60523, 148284, 366319, 910726, 2278658, 5731580, 14490245, 36797588, 93839412, 240215803, 617105614, 1590507121, 4111846763, 10660307791, 27711253769]
A000603	Table[If[n==1,1,2*Sum[Sum[A255195[[n, n - k + 1]], {k, 1, k}], {k, 1, n}] - Ceiling[(n - 1)/Sqrt[2]]],{n,1,52}] (* _Mats Granvik_, Feb 19 2015 *)	[1, 3, 6, 11, 17, 26, 35, 45, 58, 73, 90, 106, 123, 146, 168, 193, 216, 243, 271, 302, 335, 365, 402, 437, 473, 516, 557, 600, 642, 687, 736, 782, 835, 886, 941, 999, 1050, 1111, 1167, 1234, 1297, 1357, 1424, 1491, 1564, 1636, 1703, 1778, 1852, 1931, 2012, 2095]
A000604	a[n_] := Sum[Boole[x^2 + y^2 + z^2 <= n^2], {x, 0, n}, {y, 0, Sqrt[n^2 - x^2]}, {z, 0, Sqrt[n^2 - x^2 - y^2]}]; A000604 = Table[an = a[n]; Print["a(", n, ") = ", an]; an, {n, 0, 100}] (* _Jean-François Alcover_, Feb 10 2016 *)	[1, 4, 11, 29, 54, 99, 163, 239, 344, 486, 648, 847, 1069, 1355, 1680, 2046, 2446, 2911, 3443, 4022, 4662, 5395, 6145, 6998, 7913, 8913, 10006, 11194, 12437, 13751, 15216, 16710, 18361, 20123, 21950, 23919, 25956, 28150, 30415, 32876, 35385, 38049, 40876]
A000605	Table[Sum[SquaresR[3, k], {k, 0, n^2}], {n, 0, 37}]	[1, 7, 33, 123, 257, 515, 925, 1419, 2109, 3071, 4169, 5575, 7153, 9171, 11513, 14147, 17077, 20479, 24405, 28671, 33401, 38911, 44473, 50883, 57777, 65267, 73525, 82519, 91965, 101943, 113081, 124487, 137065, 150555, 164517, 179579, 195269, 212095]
A000606	nn = 50; t = Table[0, {nn}]; Do[d = x^2 + y^2 + z^2; If[0 < d <= nn, t[[d]]++], {x, 0, nn}, {y, 0, nn}, {z, 0, nn}]; Accumulate[Join[{1}, t]] (* _T. D. Noe_, Apr 01 2013 *)	[1, 4, 7, 8, 11, 17, 20, 20, 23, 29, 35, 38, 39, 45, 51, 51, 54, 63, 69, 72, 78, 84, 87, 87, 90, 99, 111, 115, 115, 127, 133, 133, 136, 142, 151, 157, 163, 169, 178, 178, 184, 199, 205, 208, 211, 223, 229, 229, 230, 239, 254, 260, 266, 278, 290, 290, 296]
A000607	f[n_] := Length@ IntegerPartitions[n, All, Prime@ Range@ PrimePi@ n]; Array[f, 57] (* _Robert G. Wilson v_, Jul 23 2010 *)	[1, 0, 1, 1, 1, 2, 2, 3, 3, 4, 5, 6, 7, 9, 10, 12, 14, 17, 19, 23, 26, 30, 35, 40, 46, 52, 60, 67, 77, 87, 98, 111, 124, 140, 157, 175, 197, 219, 244, 272, 302, 336, 372, 413, 456, 504, 557, 614, 677, 744, 819, 899, 987, 1083, 1186, 1298, 1420, 1552, 1695, 1850, 2018, 2198, 2394, 2605, 2833, 3079, 3344]
A000607	nmax = 100; pmax = PrimePi[nmax]; poly = ConstantArray[0, nmax + 1]; poly[[1]] = 1; poly[[2]] = 0; poly[[3]] = -1; Do[p = Prime[k]; Do[poly[[j + 1]] -= poly[[j + 1 - p]], {j, nmax, p, -1}];, {k, 2, pmax}]; s = Sum[poly[[k + 1]]*x^k, {k, 0, Length[poly] - 1}]; CoefficientList[Series[1/s, {x, 0, nmax}], x] (* _Vaclav Kotesovec_, Jan 11 2021 *)	[1, 0, 1, 1, 1, 2, 2, 3, 3, 4, 5, 6, 7, 9, 10, 12, 14, 17, 19, 23, 26, 30, 35, 40, 46, 52, 60, 67, 77, 87, 98, 111, 124, 140, 157, 175, 197, 219, 244, 272, 302, 336, 372, 413, 456, 504, 557, 614, 677, 744, 819, 899, 987, 1083, 1186, 1298, 1420, 1552, 1695, 1850, 2018, 2198, 2394, 2605, 2833, 3079, 3344]
A000612	a[n_] := Sum[1/Function[p, Product[Function[c, j^c*c!][Coefficient[p, x, j]], {j, 1, Exponent[p, x]}]][Total[x^l]]*2^(Function[w, Sum[Product[2^GCD[t, l[[i]]], {i, 1, Length[l]}], {t, 1, w}]/w][If[l=={}, 1, LCM @@ l]]), {l, IntegerPartitions[n]}]/2;	[1, 2, 6, 40, 1992, 18666624, 12813206169137152, 33758171486592987164087845043830784, 1435913805026242504952006868879460423834904914948818373264705576411070464]
A000625	m = 31; c[0] = 1; gf[x_] = Sum[c[k] x^k, {k, 0, m}]; cc = Array[c, m]; coes = CoefficientList[ Series[gf[x] - 1 - (x*(gf[x]^3 + 2*gf[x^3])/3), {x, 0, m}], x] // Rest; Prepend[cc /. Solve[ Thread[ coes == 0], cc][[1]], 1]	[1, 1, 1, 2, 5, 11, 28, 74, 199, 551, 1553, 4436, 12832, 37496, 110500, 328092, 980491, 2946889, 8901891, 27012286, 82300275, 251670563, 772160922, 2376294040, 7333282754, 22688455980, 70361242924, 218679264772, 681018679604, 2124842137550, 6641338630714, 20792003301836]
A000625	a[0] = a[1] = 1; a[n_Integer] := a[n] = (Sum[j*a[j]*Sum[a[i]*a[n-i-j-1], {i, 0, n-j-1}], {j, 1, n-1}] + (2/3)*(n-1)*a[(n-1)/3])/(n-1); a[_] = 0; Table[a[n], {n, 0, 31}] (* _Jean-François Alcover_, Apr 21 2016, after _Emeric Deutsch_ *)	[1, 1, 1, 2, 5, 11, 28, 74, 199, 551, 1553, 4436, 12832, 37496, 110500, 328092, 980491, 2946889, 8901891, 27012286, 82300275, 251670563, 772160922, 2376294040, 7333282754, 22688455980, 70361242924, 218679264772, 681018679604, 2124842137550, 6641338630714, 20792003301836]
A000628	max = 40; s[0] = s[1] = 1; s[_] = 0; For[n=1, n <= max, n++, s[n+1] = (2*n/3*s[n/3] + Sum[j*s[j]*Sum[s[k]*s[n-j-k], {k, 0, n-j}], {j, 1, n}])/n]; For[n=0, n <= max, n++, q[n] = Sum[s[i]*s[n-i], {i, 0, n}]]; For[n=0, n <= max, n++, q[n-1/2]=0]; f[n_] := (3*s[n] + 2*s[n/2] + q[(n-1)/2] - q[n] + 2*Sum[s[j]*s[n-3*j-1], {j, 0, n/3}])/4; Table[f[n], {n, 0, max}] (* _Jean-François Alcover_, Dec 29 2014, after _Emeric Deutsch_ *)	[1, 1, 1, 1, 2, 3, 5, 11, 24, 55, 136, 345, 900, 2412, 6563, 18127, 50699, 143255, 408429, 1173770, 3396844, 9892302, 28972080, 85289390, 252260276, 749329719, 2234695030, 6688893605, 20089296554, 60526543480, 182896187256, 554188210352, 1683557607211, 5126819371356, 15647855317080, 47862049187447, 146691564302648, 450451875783866, 1385724615285949]
A000629	Join[{1}, Rest[t=30; Range[0, t]! CoefficientList[Series[2/(2 - Exp[x]), {x, 0, t}], x]]] (* _Vincenzo Librandi_, Jan 02 2016 *)	[1, 2, 6, 26, 150, 1082, 9366, 94586, 1091670, 14174522, 204495126, 3245265146, 56183135190, 1053716696762, 21282685940886, 460566381955706, 10631309363962710, 260741534058271802, 6771069326513690646, 185603174638656822266, 5355375592488768406230]
A000651	a[n_] := a[n] = If[n < 1, 0, Sum[ (2*k)!/k!/(k+1)!, {k, 1, n}] + Sum[ (2*Binomial[n+k-1, k] - Binomial[n+k, k])*a[n-1-k], {k, 0, n-2}]]; Table[a[n], {n, 0, 21}] (* _Jean-François Alcover_, Mar 11 2013, after Pari *)	[0, 1, 4, 14, 53, 223, 1034, 5221, 28437, 165859, 1029803, 6772850, 46983238, 342509396, 2615606677, 20865444825, 173446634597, 1499111445237, 13445550920288, 124919896067530, 1200320663197275, 11910845573790488]
A000657	max = 20; rr[1, 1] = 1; For[i = 1, i <= 2*max - 1, i++, rr[i + 1, 1] = D[1 + Tan[x], {x, i}] /. x -> 0]; For[i = 2, i <= 2*max, i++, For[j = 2, j <= i, j++, rr[i, j] = rr[i, j - 1] - (-1)^i*rr[i - 1, j - 1]]]; Table[rr[2*i - 1, i], {i, 1, max}] (* _Jean-François Alcover_, Jul 10 2012, after Maple *)	[1, 1, 4, 46, 1024, 36976, 1965664, 144361456, 13997185024, 1731678144256, 266182076161024, 49763143319190016, 11118629668610842624, 2925890822304510631936, 895658946905031792553984, 315558279782214450517374976, 126780706777739389745128013824]
A000660	a[n_] := n! SeriesCoefficient[(1+x Exp[x])(1+Sin[x])/Cos[x], {x, 0, n}];	[1, 2, 5, 14, 41, 136, 523, 2330, 11857, 67912, 432291, 3027166, 23125673, 191389108, 1705788659, 16289080922, 165919213089, 1795666675824, 20576824369027, 248892651678198, 3168999664907705, 42366404751871660]
A000661	nmax = 30; sectan = Normal[Series[Sec[x] + Tan[x], {x, 0, nmax+1}]]; Subscript[a,0]=1; Subscript[a,1]=0; egf = Sum[Subscript[a,k]*x^k, {k,0,nmax+1}]; Table[Subscript[a,k]*k!, {k,0,nmax}] /.Solve[Take[CoefficientList[Expand[ sectan*egf - D[egf,{x,2}]],x], nmax-1] == ConstantArray[0, nmax-1]][[1]] (* _Vaclav Kotesovec_, Jun 12 2015 *)	[1, 0, 1, 1, 2, 6, 17, 62, 259, 1230, 6592, 39313, 258575, 1860318, 14538245, 122670593, 1111715644, 10771412394, 111125142979, 1216309735378, 14078811306851, 171837279141312, 2205768169095338, 29707098687614285]
A000665	Table[Sum[2^PermutationCycles[Ordering[Map[Sort,Subsets[Range[n],{3}]/.Rule@@@Table[{i,prm[[i]]},{i,n}],{1}]],Length],{prm,Permutations[Range[n]]}]/n!,{n,8}] (* _Gus Wiseman_, Dec 13 2018 *)	[1, 1, 1, 2, 5, 34, 2136, 7013320, 1788782616656, 53304527811667897248, 366299663432194332594005123072, 1171638318502989084030402509596875836036608, 3517726593606526072882013063011594224625680712384971214848]
A000667	With[{nn=30},CoefficientList[Series[Exp[x](Tan[x]+Sec[x]),{x,0,nn}], x]Range[0,nn]!] (* _Harvey P. Dale_, Nov 28 2011 *)	[1, 2, 4, 9, 24, 77, 294, 1309, 6664, 38177, 243034, 1701909, 13001604, 107601977, 959021574, 9157981309, 93282431344, 1009552482977, 11568619292914, 139931423833509, 1781662223749884, 23819069385695177, 333601191667149054, 4884673638115922509]
A000670	t = 30; Range[0, t]! CoefficientList[Series[1/(2 - Exp[x]), {x, 0, t}], x] (* _Vincenzo Librandi_, Mar 16 2014 *)	[1, 1, 3, 13, 75, 541, 4683, 47293, 545835, 7087261, 102247563, 1622632573, 28091567595, 526858348381, 10641342970443, 230283190977853, 5315654681981355, 130370767029135901, 3385534663256845323, 92801587319328411133, 2677687796244384203115]
A000670	Eulerian1[0, 0] = 1; Eulerian1[n_, k_] := Sum[(-1)^j (k-j+1)^n Binomial[n+1, j], {j, 0, k+1}]; Table[Sum[Eulerian1[n, k] 2^k, {k, 0, n}], {n, 0, 20}] (* _Jean-François Alcover_, Jul 13 2019, after _Peter Luschny_ *)	[1, 1, 3, 13, 75, 541, 4683, 47293, 545835, 7087261, 102247563, 1622632573, 28091567595, 526858348381, 10641342970443, 230283190977853, 5315654681981355, 130370767029135901, 3385534663256845323, 92801587319328411133, 2677687796244384203115]
A000672	(* c = A001190 *) c[n_?OddQ] := c[n] = Sum[c[k]*c[n-k], {k, 1, (n-1)/2}]; c[n_?EvenQ] := c[n] = (1/2)*c[n/2]*(c[n/2] + 1) + Sum[c[k]*c[n-k], {k, 1, n/2-1}]; c[0] = 0; c[1] = 1; b[x_] := If[IntegerQ[x], c[x+1], 0]; a[0] = a[1] = a[2] = 1; a[n_] := b[n/2] - (1/3)*(b[(n-1)/3]-1)*b[(n-1)/3]*(b[(n-1)/3] + 1) + 2*b[n] - b[n+1] - Sum[(1/2)*(b[i]-1)*b[i]*b[-2*i + n - 1], {i, 1, (n-2)/2}] + Sum[b[i]*Sum[b[j]*b[n-i-j-1], {j, i, (1/2)*(n-i-1)}], {i, 1, (n-1)/3}]; Table[a[n], {n, 0, 35}] (* _Jean-François Alcover_, Jan 19 2015 *)	[1, 1, 1, 1, 2, 2, 4, 6, 11, 18, 37, 66, 135, 265, 552, 1132, 2410, 5098, 11020, 23846, 52233, 114796, 254371, 565734, 1265579, 2841632, 6408674, 14502229, 32935002, 75021750, 171404424, 392658842, 901842517, 2076217086, 4790669518, 11077270335]
A000674	With[{nn=30},CoefficientList[Series[(Sec[x]+Tan[x])(2Exp[x]-1),{x,0,nn}],x] Range[0,nn]!] (* _Harvey P. Dale_, Oct 04 2015 *)	[1, 3, 7, 16, 43, 138, 527, 2346, 11943, 68418, 435547, 3050026, 23300443, 192835698, 1718682167, 16412205306, 167173350543, 1809239622978, 20732358910387, 250773962554186, 3192953259262243, 42686640718266258, 597853508941160207]
A000685	a[n_] := 1/3*Sum[ 2^((i-j)*j + i*(n-i))*Binomial[n, i]*Binomial[i, j], {i, 0, n}, {j, 0, i}]; Table[ a[n], {n, 1, 14}] (* _Jean-François Alcover_, Dec 07 2011, after _Emeric Deutsch_ *)	[1, 5, 41, 545, 11681, 402305, 22207361, 1961396225, 276825510401, 62368881977345, 22413909724518401, 12840603873823473665, 11720394922432296755201, 17037597932370037286600705]
A000686	b[n_] := Sum[ 2^((i-j)*j + i*(n-i))*Binomial[n, i]*Binomial[i, j], {i, 0, n}, {j, 0, i}]; a[n_] := 1/4*Sum[ Binomial[n, k]*2^(k*(n-k))*b[k], {k, 0, n}]; Table[a[n], {n, 1, 14}] (* _Jean-François Alcover_, Dec 07 2011, after _Emeric Deutsch_ *)	[1, 7, 85, 1777, 63601, 3882817, 403308865, 71139019777, 21276992674561, 10778161937857537, 9238819435213784065, 13390649605615389843457, 32796747486424209782108161, 135669064080920007649863745537, 947468281528010179181982467702785, 11166618111585805201637975219611631617]
A000695	Select[ Range[0, 1320], Total@ IntegerDigits[#, 2] == Total@ IntegerDigits[#, 4] &] (* _Robert G. Wilson v_, Oct 24 2014 *)	[0, 1, 4, 5, 16, 17, 20, 21, 64, 65, 68, 69, 80, 81, 84, 85, 256, 257, 260, 261, 272, 273, 276, 277, 320, 321, 324, 325, 336, 337, 340, 341, 1024, 1025, 1028, 1029, 1040, 1041, 1044, 1045, 1088, 1089, 1092, 1093, 1104, 1105, 1108, 1109, 1280, 1281, 1284, 1285]
A000697	t[n_, 0] := If[n==0, 1, n^2]; t[n_, k_] := t[n, k] = t[n, k-1]+t[n-1, n-k]; a[n_] := t[n, n]; Array[a, 30, 0] (* _Jean-François Alcover_, Feb 12 2016 *)	[1, 2, 7, 26, 89, 316, 1243, 5564, 28321, 162160, 1032051, 7226636, 55206161, 456886912, 4072080587, 38885496092, 396084390849, 4286637591872, 49121248360291, 594159600856332, 7565074996215025, 101137602761945440]
A000698	a[ n_] := If[ n < 0, 0, SeriesCoefficient[ 2 - 1 / Sum[ (2 k - 1)!! x^k, {k, 0, n}], {x, 0, n}]]; (* _Michael Somos_, Nov 16 2011 *)	[1, 1, 2, 10, 74, 706, 8162, 110410, 1708394, 29752066, 576037442, 12277827850, 285764591114, 7213364729026, 196316804255522, 5731249477826890, 178676789473121834, 5925085744543837186, 208256802758892355202, 7734158085942678174730]
A000699	Module[{max = 20, s}, s = InverseSeries[ComplexExpand[Re[Series[2 DawsonF[x], {x, Infinity, 2 max + 1}]]]]; Table[SeriesCoefficient[s, 2 n - 1] 2^n, {n, 1, max}]] (* _Vladimir Reshetnikov_, Apr 23 2016 *)	[1, 1, 1, 4, 27, 248, 2830, 38232, 593859, 10401712, 202601898, 4342263000, 101551822350, 2573779506192, 70282204726396, 2057490936366320, 64291032462761955, 2136017303903513184, 75197869250518812754, 2796475872605709079512, 109549714522464120960474, 4509302910783496963256400, 194584224274515194731540740]
A000700	a[ n_] := With[ {m = InverseEllipticNomeQ[ q]}, SeriesCoefficient[ ((1 - m) m /(16 q))^(-1/24), {q, 0, n}]]; (* _Michael Somos_, Jul 11 2011 *)	[1, 1, 0, 1, 1, 1, 1, 1, 2, 2, 2, 2, 3, 3, 3, 4, 5, 5, 5, 6, 7, 8, 8, 9, 11, 12, 12, 14, 16, 17, 18, 20, 23, 25, 26, 29, 33, 35, 37, 41, 46, 49, 52, 57, 63, 68, 72, 78, 87, 93, 98, 107, 117, 125, 133, 144, 157, 168, 178, 192, 209, 223, 236, 255, 276, 294, 312, 335, 361, 385]
A000700	a[ n_] := SeriesCoefficient[ Product[1 + x^k, {k, 1, n, 2}], {x, 0, n}]; (* _Michael Somos_, Jul 11 2011 *)	[1, 1, 0, 1, 1, 1, 1, 1, 2, 2, 2, 2, 3, 3, 3, 4, 5, 5, 5, 6, 7, 8, 8, 9, 11, 12, 12, 14, 16, 17, 18, 20, 23, 25, 26, 29, 33, 35, 37, 41, 46, 49, 52, 57, 63, 68, 72, 78, 87, 93, 98, 107, 117, 125, 133, 144, 157, 168, 178, 192, 209, 223, 236, 255, 276, 294, 312, 335, 361, 385]
A000700	p[n_] := p[n] = Select[Select[IntegerPartitions[n], DeleteDuplicates[#] == # &], Apply[And, OddQ[#]] &]; Table[p[n], {n, 0, 20}] (* shows partitions of n into distinct odd parts *)	[1, 1, 0, 1, 1, 1, 1, 1, 2, 2, 2, 2, 3, 3, 3, 4, 5, 5, 5, 6, 7, 8, 8, 9, 11, 12, 12, 14, 16, 17, 18, 20, 23, 25, 26, 29, 33, 35, 37, 41, 46, 49, 52, 57, 63, 68, 72, 78, 87, 93, 98, 107, 117, 125, 133, 144, 157, 168, 178, 192, 209, 223, 236, 255, 276, 294, 312, 335, 361, 385]
A000700	nmax = 100; poly = ConstantArray[0, nmax + 1]; poly[[1]] = 1; poly[[2]] = 1; Do[Do[If[OddQ[k], poly[[j + 1]] += poly[[j - k + 1]]], {j, nmax, k, -1}];, {k, 2, nmax}]; poly (* _Vaclav Kotesovec_, Nov 24 2017 *)	[1, 1, 0, 1, 1, 1, 1, 1, 2, 2, 2, 2, 3, 3, 3, 4, 5, 5, 5, 6, 7, 8, 8, 9, 11, 12, 12, 14, 16, 17, 18, 20, 23, 25, 26, 29, 33, 35, 37, 41, 46, 49, 52, 57, 63, 68, 72, 78, 87, 93, 98, 107, 117, 125, 133, 144, 157, 168, 178, 192, 209, 223, 236, 255, 276, 294, 312, 335, 361, 385]
A000701	a[ n_] := SeriesCoefficient[ (1 / QPochhammer[ x] - 1 / QPochhammer[ x, -x]) / 2, {x, 0, n}]; (* _Michael Somos_, Aug 25 2015 *)	[0, 0, 1, 1, 2, 3, 5, 7, 10, 14, 20, 27, 37, 49, 66, 86, 113, 146, 190, 242, 310, 392, 497, 623, 782, 973, 1212, 1498, 1851, 2274, 2793, 3411, 4163, 5059, 6142, 7427, 8972, 10801, 12989, 15572, 18646, 22267, 26561, 31602, 37556, 44533, 52743, 62338, 73593]
A000701	a[ n_] := SeriesCoefficient[ QPochhammer[ -x, x] Sum[ x^(2 k) / QPochhammer[ x^2, x^2, k], {k, 1, n/2, 2}], {x, 0, n}] (* _Michael Somos_, Aug 25 2015 *)	[0, 0, 1, 1, 2, 3, 5, 7, 10, 14, 20, 27, 37, 49, 66, 86, 113, 146, 190, 242, 310, 392, 497, 623, 782, 973, 1212, 1498, 1851, 2274, 2793, 3411, 4163, 5059, 6142, 7427, 8972, 10801, 12989, 15572, 18646, 22267, 26561, 31602, 37556, 44533, 52743, 62338, 73593]
A000701	a[ n_] := If[ n < 0, 0, SeriesCoefficient[ Sum[ (1 / QPochhammer[ x, x, k]^2 - 1 / QPochhammer[ x^2, x^2, k]) x^k^2, {k, Sqrt@n}] / 2, {x, 0, n}]]; (* _Michael Somos_, Aug 25 2015 *)	[0, 0, 1, 1, 2, 3, 5, 7, 10, 14, 20, 27, 37, 49, 66, 86, 113, 146, 190, 242, 310, 392, 497, 623, 782, 973, 1212, 1498, 1851, 2274, 2793, 3411, 4163, 5059, 6142, 7427, 8972, 10801, 12989, 15572, 18646, 22267, 26561, 31602, 37556, 44533, 52743, 62338, 73593]
A000701	Table[Length[Select[IntegerPartitions[n],Times@@Prime/@#>Times@@Prime/@conj[#]&]],{n,0,15}] (* _Gus Wiseman_, Mar 31 2022 *)	[0, 0, 1, 1, 2, 3, 5, 7, 10, 14, 20, 27, 37, 49, 66, 86, 113, 146, 190, 242, 310, 392, 497, 623, 782, 973, 1212, 1498, 1851, 2274, 2793, 3411, 4163, 5059, 6142, 7427, 8972, 10801, 12989, 15572, 18646, 22267, 26561, 31602, 37556, 44533, 52743, 62338, 73593]
A000705	pFactor[f_List] := Module[{p = f[[1]], k = f[[2]]}, N[Log[(k + 2)/(k + 1)]/Log[p]]]; maxN = 100; f = {{2, 1}, {3, 0}}; primes = 1; lst = {2}; x = Table[pFactor[f[[i]]], {i, primes + 1}]; For[n = 2, n <= maxN, n++, i = Position[x, Max[x]][[1, 1]]; AppendTo[lst, f[[i, 1]]]; f[[i, 2]]++; If[i > primes, primes++; AppendTo[f, {Prime[i + 1], 0}]; AppendTo[x, pFactor[f[[ -1]]]]]; x[[i]] = pFactor[f[[i]]]]; lst (* _T. D. Noe_, Nov 01 2002 *)	[2, 3, 2, 5, 2, 3, 7, 2, 11, 13, 2, 3, 5, 17, 19, 2, 23, 7, 29, 3, 31, 2, 37, 41, 43, 47, 5, 53, 59, 2, 11, 61, 3, 67, 71, 73, 79, 13, 83, 89, 2, 97, 101, 103, 107, 7, 109, 113, 17, 127, 131, 137, 139, 3, 5, 149, 151, 19, 2, 157, 163, 167, 173, 179, 181, 191, 193, 197, 199]
A000706	a[ n_] := SeriesCoefficient[ 1 / (1 + Sum[ -504 DivisorSigma[ 5, k] q^k, {k, n}]), {q, 0, n}]; (* _Michael Somos_, Apr 26 2015 *)	[1, 504, 270648, 144912096, 77599626552, 41553943041744, 22251789971649504, 11915647845248387520, 6380729991419236488504, 3416827666558895485479576, 1829682703808504464920468048, 979779820147442370107345764512]
A000706	a[ n_] := SeriesCoefficient[ With[ {t2 = EllipticTheta[ 2, 0, q]^4, t3 = EllipticTheta[ 3, 0, q]^4}, 1 / (t2^3 - 33 (t2 + t3) t2 t3 + t3^3)], {q, 0, n}]; (* _Michael Somos_, Apr 26 2015 *)	[1, 504, 270648, 144912096, 77599626552, 41553943041744, 22251789971649504, 11915647845248387520, 6380729991419236488504, 3416827666558895485479576, 1829682703808504464920468048, 979779820147442370107345764512]
A000706	a[ n_] := SeriesCoefficient[ With[ {t3 = EllipticTheta[ 3, 0, q]^4, t4 = EllipticTheta[ 4, 0, q]^4}, 2 / (t3^3 - 3 (t3 - t4)^2 (t3 + t4) + t4^3) ], {q, 0, 2 n}]; (* _Michael Somos_, Apr 26 2015 *)	[1, 504, 270648, 144912096, 77599626552, 41553943041744, 22251789971649504, 11915647845248387520, 6380729991419236488504, 3416827666558895485479576, 1829682703808504464920468048, 979779820147442370107345764512]
A000706	a[ n_] := SeriesCoefficient[ With[ {e1 = QPochhammer[ q]^8, e4 = 32 q QPochhammer[ q^4]^8}, QPochhammer[ q^2]^12 / ((e1 + e4) (e1^2 - 16 e1 e4 - 8 e4^2)) ], {q, 0, n}]; (* _Michael Somos_, Apr 26 2015 *)	[1, 504, 270648, 144912096, 77599626552, 41553943041744, 22251789971649504, 11915647845248387520, 6380729991419236488504, 3416827666558895485479576, 1829682703808504464920468048, 979779820147442370107345764512]
A000710	etr[p_] := Module[{b}, b[n_] := b[n] = If[n == 0, 1, Sum[Sum[d*p[d], {d, Divisors[j]}]*b[n-j], {j, 1, n}]/n]; b]; a = etr[If[#<5, 2, 1]&]; Table[a[n], {n, 0, 39}] (* _Jean-François Alcover_, Mar 10 2014, after _Alois P. Heinz_ *)	[1, 2, 5, 10, 20, 35, 62, 102, 167, 262, 407, 614, 919, 1345, 1952, 2788, 3950, 5524, 7671, 10540, 14388, 19470, 26190, 34968, 46439, 61275, 80455, 105047, 136541, 176593, 227460, 291673, 372605, 474085, 601105, 759380, 956249, 1200143, 1501749, 1873407]
A000710	nmax = 50; CoefficientList[Series[1/((1-x)(1-x^2)(1-x^3)(1-x^4))*Product[1/(1-x^k), {k, 1, nmax}], {x, 0, nmax}], x] (* _Vaclav Kotesovec_, Aug 18 2015 *)	[1, 2, 5, 10, 20, 35, 62, 102, 167, 262, 407, 614, 919, 1345, 1952, 2788, 3950, 5524, 7671, 10540, 14388, 19470, 26190, 34968, 46439, 61275, 80455, 105047, 136541, 176593, 227460, 291673, 372605, 474085, 601105, 759380, 956249, 1200143, 1501749, 1873407]
A000710	Table[Length@IntegerPartitions[n, All, Range@n~Join~Range@4], {n,0,39}] (* _Robert Price_, Jul 28 2020 *)	[1, 2, 5, 10, 20, 35, 62, 102, 167, 262, 407, 614, 919, 1345, 1952, 2788, 3950, 5524, 7671, 10540, 14388, 19470, 26190, 34968, 46439, 61275, 80455, 105047, 136541, 176593, 227460, 291673, 372605, 474085, 601105, 759380, 956249, 1200143, 1501749, 1873407]
A000711	nn=31;CoefficientList[Series[1/(1-x)/(1-x^2)/(1-x^3)/(1-x^4)/Product[(1-x^i)^2,{i,1,nn}],{x,0,nn}],x] (* _Geoffrey Critzer_, Sep 28 2013 *)	[1, 3, 9, 22, 51, 107, 217, 416, 775, 1393, 2446, 4185, 7028, 11569, 18749, 29908, 47083, 73157, 112396, 170783, 256972, 383003, 565961, 829410, 1206282, 1741592, 2497425, 3557957, 5037936, 7091711, 9927583, 13823626, 19151731, 26404879, 36236988, 49509149]
A000712	a[ n_] := SeriesCoefficient[ QPochhammer[ x]^-2, {x, 0, n}]; (* _Michael Somos_, Oct 12 2015 *)	[1, 2, 5, 10, 20, 36, 65, 110, 185, 300, 481, 752, 1165, 1770, 2665, 3956, 5822, 8470, 12230, 17490, 24842, 35002, 49010, 68150, 94235, 129512, 177087, 240840, 326015, 439190, 589128, 786814, 1046705, 1386930, 1831065, 2408658, 3157789, 4126070, 5374390]
A000716	a[0] = 1; a[n_] := a[n] = 1/n*Sum[3*a[k]*DivisorSigma[1, n-k], {k, 0, n-1}]; Table[a[n], {n, 0, 40}] (* _Jean-François Alcover_, Mar 03 2014, after _Joerg Arndt_ *)	[1, 3, 9, 22, 51, 108, 221, 429, 810, 1479, 2640, 4599, 7868, 13209, 21843, 35581, 57222, 90882, 142769, 221910, 341649, 521196, 788460, 1183221, 1762462, 2606604, 3829437, 5590110, 8111346, 11701998, 16790136, 23964594, 34034391, 48104069, 67679109, 94800537, 132230021, 183686994, 254170332]
A000718	t[n_, 0] := If[n == 0, 1, n*(n+1)/2]; t[n_, k_] := t[n, k] = t[n, k-1] + t[n-1, n-k]; a[n_] := t[n, n]; Array[a, 30, 0] (* _Jean-François Alcover_, Feb 12 2016 *)	[1, 2, 6, 20, 65, 226, 883, 3947, 20089, 115036, 732171, 5126901, 39165917, 324138010, 2888934623, 27587288507, 281001801969, 3041152133848, 34849036364659, 421526126267265, 5367037330561365, 71752003756908550]
A000720	Accumulate[Table[Boole[PrimeQ[n]],{n,100}]] (* _Harvey P. Dale_, Jan 17 2015 *)	[0, 1, 2, 2, 3, 3, 4, 4, 4, 4, 5, 5, 6, 6, 6, 6, 7, 7, 8, 8, 8, 8, 9, 9, 9, 9, 9, 9, 10, 10, 11, 11, 11, 11, 11, 11, 12, 12, 12, 12, 13, 13, 14, 14, 14, 14, 15, 15, 15, 15, 15, 15, 16, 16, 16, 16, 16, 16, 17, 17, 18, 18, 18, 18, 18, 18, 19, 19, 19, 19, 20, 20, 21, 21, 21, 21, 21, 21]
A000726	f[0] = 1; f[n_] := Coefficient[Expand@ Product[1 + x^k + x^(2k), {k, n}], x^n]; Table[f@n, {n, 0, 40}] (* _Robert G. Wilson v_, Nov 10 2006 *)	[1, 1, 2, 2, 4, 5, 7, 9, 13, 16, 22, 27, 36, 44, 57, 70, 89, 108, 135, 163, 202, 243, 297, 355, 431, 513, 617, 731, 874, 1031, 1225, 1439, 1701, 1991, 2341, 2731, 3197, 3717, 4333, 5022, 5834, 6741, 7803, 8991, 10375, 11923, 13716, 15723, 18038, 20628, 23603]
A000726	Table[Count[IntegerPartitions@n, x_ /; ! MemberQ [Mod[x, 3], 0, 2] ], {n, 0, 50}] (* _Robert Price_, Jul 28 2020 *)	[1, 1, 2, 2, 4, 5, 7, 9, 13, 16, 22, 27, 36, 44, 57, 70, 89, 108, 135, 163, 202, 243, 297, 355, 431, 513, 617, 731, 874, 1031, 1225, 1439, 1701, 1991, 2341, 2731, 3197, 3717, 4333, 5022, 5834, 6741, 7803, 8991, 10375, 11923, 13716, 15723, 18038, 20628, 23603]
A000726	Table[Count[IntegerPartitions[n],_?(NoneTrue[Mod[#,3]==0&])],{n,0,50}] (* _Harvey P. Dale_, Sep 06 2022 *)	[1, 1, 2, 2, 4, 5, 7, 9, 13, 16, 22, 27, 36, 44, 57, 70, 89, 108, 135, 163, 202, 243, 297, 355, 431, 513, 617, 731, 874, 1031, 1225, 1439, 1701, 1991, 2341, 2731, 3197, 3717, 4333, 5022, 5834, 6741, 7803, 8991, 10375, 11923, 13716, 15723, 18038, 20628, 23603]
A000727	etr[p_] := Module[{b}, b[n_] := b[n] = If[n == 0, 1, Sum[Sum[d*p[d], {d, Divisors[j]}]*b[n - j], {j, 1, n}]/n]; b]; a = etr[-4&]; Table[a[n], {n, 0, 81}] (* _Jean-François Alcover_, Mar 10 2014, after _Alois P. Heinz_ *)	[1, -4, 2, 8, -5, -4, -10, 8, 9, 0, 14, -16, -10, -4, 0, -8, 14, 20, 2, 0, -11, 20, -32, -16, 0, -4, 14, 8, -9, 20, 26, 0, 2, -28, 0, -16, 16, -28, -22, 0, 14, 16, 0, 40, 0, -28, 26, 32, -17, 0, -32, -16, -22, 0, -10, 32, -34, -8, 14, 0, 45, -4, 38, 8, 0, 0, -34, -8, 38, 0, -22, -56, 2, -28, 0, 0, -10, 20, 64, -40, -20, 44]
A000727	a[ n_] := SeriesCoefficient[ QPochhammer[ x]^4, {x, 0, n}]; (* _Michael Somos_, Jun 12 2014 *)	[1, -4, 2, 8, -5, -4, -10, 8, 9, 0, 14, -16, -10, -4, 0, -8, 14, 20, 2, 0, -11, 20, -32, -16, 0, -4, 14, 8, -9, 20, 26, 0, 2, -28, 0, -16, 16, -28, -22, 0, 14, 16, 0, 40, 0, -28, 26, 32, -17, 0, -32, -16, -22, 0, -10, 32, -34, -8, 14, 0, 45, -4, 38, 8, 0, 0, -34, -8, 38, 0, -22, -56, 2, -28, 0, 0, -10, 20, 64, -40, -20, 44]
A000729	a[ n_] := SeriesCoefficient[ 1/16 EllipticTheta[ 4, 0, q] EllipticTheta[ 2, 0, q]^4 EllipticTheta[ 3, 0, q], {q, 0, 4 n + 1}]; (* _Michael Somos_, Jun 18 2012 *)	[1, -6, 9, 10, -30, 0, 11, 42, 0, -70, 18, -54, 49, 90, 0, -22, -60, 0, -110, 0, 81, 180, -78, 0, 130, -198, 0, -182, -30, 90, 121, 84, 0, 0, 210, 0, -252, -102, -270, 170, 0, 0, -69, 330, 0, -38, 420, 0, -190, -390, 0, -108, 0, 0, 0, -300, 99, 442, 210, 0, 418, -294, 0, 0, -510, 378, -540, 138, 0]
A000729	a[ n_] := If[ n < 0, 0, With[ {m = Sqrt[ 16 n + 4]}, SeriesCoefficient[ Sum[ Mod[k, 2] q^k^2, {k, m}]^3 Sum[ KroneckerSymbol[ -4, k] k q^k^2, {k, m}], {q, 0, 16 n + 4}]]]; (* _Michael Somos_, Jun 12 2012 *)	[1, -6, 9, 10, -30, 0, 11, 42, 0, -70, 18, -54, 49, 90, 0, -22, -60, 0, -110, 0, 81, 180, -78, 0, 130, -198, 0, -182, -30, 90, 121, 84, 0, 0, 210, 0, -252, -102, -270, 170, 0, 0, -69, 330, 0, -38, 420, 0, -190, -390, 0, -108, 0, 0, 0, -300, 99, 442, 210, 0, 418, -294, 0, 0, -510, 378, -540, 138, 0]
A000729	a[ n_] := With[ {m = InverseEllipticNomeQ @ q}, SeriesCoefficient[ Sqrt[(1 - m) m ] (EllipticK[m] 2/Pi)^3 / (4 q^(1/2)), {q, 0, 2 n}]]; (* _Michael Somos_, Jun 22 2012 *)	[1, -6, 9, 10, -30, 0, 11, 42, 0, -70, 18, -54, 49, 90, 0, -22, -60, 0, -110, 0, 81, 180, -78, 0, 130, -198, 0, -182, -30, 90, 121, 84, 0, 0, 210, 0, -252, -102, -270, 170, 0, 0, -69, 330, 0, -38, 420, 0, -190, -390, 0, -108, 0, 0, 0, -300, 99, 442, 210, 0, 418, -294, 0, 0, -510, 378, -540, 138, 0]
A000729	a[ n_] := SeriesCoefficient[ Product[ 1 - x^k, {k, n}]^6, {x, 0, n}]; (* _Michael Somos_, May 17 2015 *)	[1, -6, 9, 10, -30, 0, 11, 42, 0, -70, 18, -54, 49, 90, 0, -22, -60, 0, -110, 0, 81, 180, -78, 0, 130, -198, 0, -182, -30, 90, 121, 84, 0, 0, 210, 0, -252, -102, -270, 170, 0, 0, -69, 330, 0, -38, 420, 0, -190, -390, 0, -108, 0, 0, 0, -300, 99, 442, 210, 0, 418, -294, 0, 0, -510, 378, -540, 138, 0]
A000729	a[ n_] := SeriesCoefficient[ QPochhammer[ x]^6, {x, 0, n}]; (* _Michael Somos_, May 17 2015 *)	[1, -6, 9, 10, -30, 0, 11, 42, 0, -70, 18, -54, 49, 90, 0, -22, -60, 0, -110, 0, 81, 180, -78, 0, 130, -198, 0, -182, -30, 90, 121, 84, 0, 0, 210, 0, -252, -102, -270, 170, 0, 0, -69, 330, 0, -38, 420, 0, -190, -390, 0, -108, 0, 0, 0, -300, 99, 442, 210, 0, 418, -294, 0, 0, -510, 378, -540, 138, 0]
A000729	a[ n_] := SeriesCoefficient[ (-1/4) EllipticThetaPrime[ 1, -Pi/4, q] EllipticTheta[ 1, -Pi/4, q]^3, {q, 0, 4 n + 1}]; (* _Michael Somos_, May 17 2015 *)	[1, -6, 9, 10, -30, 0, 11, 42, 0, -70, 18, -54, 49, 90, 0, -22, -60, 0, -110, 0, 81, 180, -78, 0, 130, -198, 0, -182, -30, 90, 121, 84, 0, 0, 210, 0, -252, -102, -270, 170, 0, 0, -69, 330, 0, -38, 420, 0, -190, -390, 0, -108, 0, 0, 0, -300, 99, 442, 210, 0, 418, -294, 0, 0, -510, 378, -540, 138, 0]
A000729	a[ n_] := SeriesCoefficient[ (-1/16) EllipticThetaPrime[ 1, 0, q] EllipticTheta[ 1, -Pi/2, q]^3, {q, 0, 4 n + 1}]; (* _Michael Somos_, May 17 2015 *)	[1, -6, 9, 10, -30, 0, 11, 42, 0, -70, 18, -54, 49, 90, 0, -22, -60, 0, -110, 0, 81, 180, -78, 0, 130, -198, 0, -182, -30, 90, 121, 84, 0, 0, 210, 0, -252, -102, -270, 170, 0, 0, -69, 330, 0, -38, 420, 0, -190, -390, 0, -108, 0, 0, 0, -300, 99, 442, 210, 0, 418, -294, 0, 0, -510, 378, -540, 138, 0]
A000731	a[ n_] := SeriesCoefficient[ QPochhammer[ x]^8, {x, 0, n}]; (* _Michael Somos_, Sep 29 2011 *)	[1, -8, 20, 0, -70, 64, 56, 0, -125, -160, 308, 0, 110, 0, -520, 0, 57, 560, 0, 0, 182, -512, -880, 0, 1190, -448, 884, 0, 0, 0, -1400, 0, -1330, 1000, 1820, 0, -646, 1280, 0, 0, -1331, -2464, 380, 0, 1120, 0, 2576, 0, 0, -880, 1748, 0, -3850, 0, -3400, 0, 2703, 4160, -2500, 0, 3458]
A000731	a[ n_] := SeriesCoefficient[ Product[ 1 - x^k, {k, n}]^8, {x, 0, n}]; (* _Michael Somos_, Dec 09 2013 *)	[1, -8, 20, 0, -70, 64, 56, 0, -125, -160, 308, 0, 110, 0, -520, 0, 57, 560, 0, 0, 182, -512, -880, 0, 1190, -448, 884, 0, 0, 0, -1400, 0, -1330, 1000, 1820, 0, -646, 1280, 0, 0, -1331, -2464, 380, 0, 1120, 0, 2576, 0, 0, -880, 1748, 0, -3850, 0, -3400, 0, 2703, 4160, -2500, 0, 3458]
A000732	t[n_, 0] := If[n==0, 1, Prime[n]]; t[n_, k_] := t[n, k] = t[n, k-1] + t[n-1, n-k]; a[n_] := t[n, n]; Array[a, 30, 0] (* _Jean-François Alcover_, Feb 12 2016 *)	[1, 3, 8, 22, 66, 222, 862, 3838, 19542, 111894, 712282, 4987672, 38102844, 315339898, 2810523166, 26838510154, 273374835624, 2958608945772, 33903161435148, 410085034127000, 5221364826476796, 69804505809732988]
A000734	CoefficientList[Series[(1+E^(2*x))*(Sec[x]+Tan[x])/2, {x, 0, 20}], x]* Range[0, 20]! (* _Vaclav Kotesovec_, Oct 07 2013 *)	[1, 2, 5, 15, 49, 177, 715, 3255, 16689, 95777, 609875, 4270695, 32624329, 269995377, 2406363835, 22979029335, 234062319969, 2533147494977, 29027730898595, 351112918079175, 4470508510495609, 59766296291090577]
A000735	a[ n_] := SeriesCoefficient[ QPochhammer[ q]^12, {q, 0, n}]; (* _Michael Somos_, May 19 2013 *)	[1, -12, 54, -88, -99, 540, -418, -648, 594, 836, 1056, -4104, -209, 4104, -594, 4256, -6480, -4752, -298, 5016, 17226, -12100, -5346, -1296, -9063, -7128, 19494, 29160, -10032, -7668, -34738, 8712, -22572, 21812, 49248, -46872, 67562, 2508, -47520, -76912, -25191, 67716]
A000735	a[ n_] := SeriesCoefficient[ Product[ 1 - q^k, {k, n}]^12, {q, 0, n}]; (* _Michael Somos_, May 19 2013 *)	[1, -12, 54, -88, -99, 540, -418, -648, 594, 836, 1056, -4104, -209, 4104, -594, 4256, -6480, -4752, -298, 5016, 17226, -12100, -5346, -1296, -9063, -7128, 19494, 29160, -10032, -7668, -34738, 8712, -22572, 21812, 49248, -46872, 67562, 2508, -47520, -76912, -25191, 67716]
A000736	CoefficientList[Series[1/2*(3 + E^(2*x)*((4*x-1)*BesselI[0, 2*x] - 4*x*BesselI[1, 2*x]))*(Sec[x] + Tan[x]), {x, 0, 20}], x] * Range[0, 20]! (* _Vaclav Kotesovec_, Oct 30 2014, after _Peter Luschny_ *)	[1, 2, 4, 10, 32, 120, 513, 2455, 13040, 76440, 492231, 3465163, 26530503, 219754535, 1959181266, 18710532565, 190588702776, 2062664376064, 23636408157551, 285900639990875, 3640199365715769, 48665876423760247]
A000737	CoefficientList[Series[(1+x)*(Tan[x]+1/Cos[x])* E^x, {x, 0, 20}], x]* Range[0, 20]! (* _Vaclav Kotesovec_, Oct 02 2013 *)	[1, 3, 8, 21, 60, 197, 756, 3367, 17136, 98153, 624804, 4375283, 33424512, 276622829, 2465449252, 23543304919, 239810132288, 2595353815825, 29740563986500, 359735190398875, 4580290700420064, 61233976084442741]
A000738	FullSimplify[CoefficientList[Series[(2/Sqrt[5]) * E^(x/2) * (E^(Sqrt[5]/2*x)/2 - E^(-Sqrt[5]/2*x)/2) * (Sin[x]+1) / Cos[x], {x, 0, 20}], x]* Range[0, 20]!] (* _Vaclav Kotesovec_ after _Alois P. Heinz_, Oct 05 2013 *)	[0, 1, 3, 8, 25, 85, 334, 1497, 7635, 43738, 278415, 1949531, 14893000, 123254221, 1098523231, 10490117340, 106851450165, 1156403632189, 13251409502982, 160286076269309, 2040825708462175, 27283829950774822, 382127363497453243, 5595206208670390323]
A000741	mobtr[p_] := Module[{f}, f[n_] := f[n] = Sum[MoebiusMu[n/d]*p[d], {d, Divisors[n]}]; f]; A000217[n_] := n*(n+1)/2; a = mobtr[A000217[#-2]&]; Table[a[n], {n, 1, 58}] (* _Jean-François Alcover_, Mar 12 2014, after _Alois P. Heinz_ *)	[0, 0, 1, 3, 6, 9, 15, 18, 27, 30, 45, 42, 66, 63, 84, 84, 120, 99, 153, 132, 174, 165, 231, 180, 270, 234, 297, 270, 378, 276, 435, 360, 450, 408, 540, 414, 630, 513, 636, 552, 780, 558, 861, 690, 828, 759, 1035, 744, 1113, 870, 1104, 972, 1326, 945, 1380, 1116, 1386, 1218]
A000742	a[n_] := Sum[Boole[Divisible[n, k]] MoebiusMu[n/k] Binomial[k - 1, 3], {k, 1, n}]; Table[a[n], {n, 4, 51}] (* _Jean-François Alcover_, Feb 11 2016 *)	[1, 4, 10, 20, 34, 56, 80, 120, 154, 220, 266, 360, 420, 560, 614, 816, 884, 1120, 1210, 1540, 1572, 2020, 2080, 2544, 2638, 3276, 3200, 4060, 4040, 4840, 4896, 5960, 5710, 7140, 6954, 8216, 8136, 9880, 9244, 11480, 11010, 12824, 12650, 15180, 14024, 17276]
A000743	a[n_] := Sum[Boole[Divisible[n, k]] MoebiusMu[n/k] Binomial[k - 1, 4], {k, 1, n}]; Table[a[n], {n, 5, 52}] (* _Jean-François Alcover_, Feb 11 2016 *)	[1, 5, 15, 35, 70, 125, 210, 325, 495, 700, 1000, 1330, 1820, 2305, 3060, 3750, 4830, 5775, 7315, 8490, 10625, 12155, 14880, 16835, 20475, 22620, 27405, 30100, 35750, 39100, 46360, 49655, 58905, 62985, 73320, 78340, 91390, 95720, 111930, 117425]
A000745	CoefficientList[Series[E^(x)*(x^2+3*x+1)*(1+Sin[x])/Cos[x], {x, 0, 20}], x] * Range[0, 20]! (* _Vaclav Kotesovec_, Jun 12 2015 *)	[1, 5, 18, 57, 180, 617, 2400, 10717, 54544, 312353, 1988104, 13921501, 106350816, 880162337, 7844596536, 74910367309, 763030711936, 8257927397569, 94628877364936, 1144609672707741, 14573622985067744, 194834987492011649, 2728787718495477144, 39955604972310966797]
A000749	CoefficientList[Series[x^3/(1 -4x +6x^2 -4x^3), {x,0,80}], x] (* _Vincenzo Librandi_, Dec 31 2015 *)	[0, 0, 0, 1, 4, 10, 20, 36, 64, 120, 240, 496, 1024, 2080, 4160, 8256, 16384, 32640, 65280, 130816, 262144, 524800, 1049600, 2098176, 4194304, 8386560, 16773120, 33550336, 67108864, 134225920, 268451840, 536887296, 1073741824, 2147450880]
A000752	With[{nn=30},CoefficientList[Series[Exp[2x](Tan[ x]+Sec[x]),{x,0,nn}],x] Range[ 0,nn]!] (* _Harvey P. Dale_, Dec 15 2018 *)	[1, 3, 9, 28, 93, 338, 1369, 6238, 31993, 183618, 1169229, 8187598, 62545893, 517622498, 4613366689, 44054301358, 448733127793, 4856429646978, 55650582121749, 673136951045518, 8570645832753693, 114581094529057058, 1604780986816602409, 23497612049668468078]
A000753	CoefficientList[Series[E^(2*x) * (BesselI[0,2*x] - BesselI[1,2*x]) * (Sec[x] + Tan[x]),{x,0,20}],x] * Range[0,20]! (* _Vaclav Kotesovec_, Oct 30 2014 after _Sergei N. Gladkovskii_ *)	[1, 2, 5, 16, 59, 243, 1101, 5461, 29619, 175641, 1137741, 8031838, 61569345, 510230087, 4549650423, 43452408496, 442620720531, 4790322653809, 54893121512453, 663974736739232, 8453986695437957, 113021461431438475]
A000754	CoefficientList[Series[(Sec[x]+Tan[x])*E^x*(2*x+1), {x, 0, 20}], x] * Range[0, 20]! (* _Vaclav Kotesovec_, Oct 30 2014 after _Sergei N. Gladkovskii_ *)	[1, 4, 12, 33, 96, 317, 1218, 5425, 27608, 158129, 1006574, 7048657, 53847420, 445643681, 3971876930, 37928628529, 386337833232, 4181155148673, 47912508680086, 579538956964241, 7378919177090244, 98648882783190305]
A000756	CoefficientList[Series[(1+x)*(Tan[x]+1/Cos[x]), {x, 0, 20}], x]* Range[0, 20]! (* _Vaclav Kotesovec_, Oct 02 2013 *)	[1, 2, 3, 5, 13, 41, 157, 699, 3561, 20401, 129881, 909523, 6948269, 57504201, 512516565, 4894172027, 49851629137, 539521049441, 6182455849009, 74781598946211, 952148890494165, 12729293006112121, 178281831561868013]
A000757	a[n_] := (-1)^n + Sum[(-1)^k*n!/((n-k)*k!), {k, 0, n-1}]; Table[a[n], {n, 0, 21}] (* _Jean-François Alcover_, Aug 30 2011, after _Michael Somos_ *)	[1, 0, 0, 1, 1, 8, 36, 229, 1625, 13208, 120288, 1214673, 13469897, 162744944, 2128047988, 29943053061, 451123462673, 7245940789072, 123604151490592, 2231697509543361, 42519034050101745, 852495597142800376]
A000771	CoefficientList[Series[1/((1 - x) (1 - 2 x) (1 - 3 x) (1 - 4 x) (1 - 5 x) (1 - 6 x) (1 - 7 x)), {x, 0, 25}], x] (* _Vladimir Joseph Stephan Orlovsky_, Jun 20 2011 *)	[1, 28, 462, 5880, 63987, 627396, 5715424, 49329280, 408741333, 3281882604, 25708104786, 197462483400, 1492924634839, 11143554045652, 82310957214948, 602762379967440, 4382641999117305, 31677463851804540, 227832482998716310, 1631853797991016600]
A000772	nn = 25; Range[0, nn]! CoefficientList[Series[Exp[Tan[x] + Sec[x] - 1], {x, 0, nn}], x] (* _T. D. Noe_, Jun 20 2012 *)	[1, 1, 2, 6, 23, 107, 583, 3633, 25444, 197620, 1684295, 15618141, 156453857, 1683050189, 19344093070, 236497985706, 3063827565763, 41916787157011, 603799270943519, 9132945141812301, 144708157060239704, 2396568154933265024, 41403636316192616995]
A000773	nn = 35; CoefficientList[Series[x^3/((1 + x) (1 - 2 x) (1 - 3 x^2)), {x, 0, nn}], x] (* _T. D. Noe_, Jun 20 2012 *)	[0, 0, 0, 1, 1, 6, 8, 29, 45, 130, 220, 561, 1001, 2366, 4368, 9829, 18565, 40410, 77540, 164921, 320001, 669526, 1309528, 2707629, 5326685, 10919090, 21572460, 43942081, 87087001, 176565486, 350739488, 708653429, 1410132405, 2841788170, 5662052980]
A000778	Table[CatalanNumber[n] + CatalanNumber[n + 1] - 1, {n, 0, 200}] (* _T. D. Noe_, Jun 20 2012 *)	[1, 2, 6, 18, 55, 173, 560, 1858, 6291, 21657, 75581, 266797, 950911, 3417339, 12369284, 45052514, 165002459, 607283489, 2244901889, 8331383609, 31030387439, 115948830659, 434542177289, 1632963760973, 6151850548775, 23229299473603, 87900903988155]
A000788	Table[Plus@@Flatten[IntegerDigits[Range[n], 2]], {n, 0, 62}] (* _Alonso del Arte_, Dec 16 2011 *)	[0, 1, 2, 4, 5, 7, 9, 12, 13, 15, 17, 20, 22, 25, 28, 32, 33, 35, 37, 40, 42, 45, 48, 52, 54, 57, 60, 64, 67, 71, 75, 80, 81, 83, 85, 88, 90, 93, 96, 100, 102, 105, 108, 112, 115, 119, 123, 128, 130, 133, 136, 140, 143, 147, 151, 156, 159, 163, 167, 172, 176, 181, 186]
A000788	Accumulate[DigitCount[Range[0,70],2,1]] (* _Harvey P. Dale_, Jun 08 2013 *)	[0, 1, 2, 4, 5, 7, 9, 12, 13, 15, 17, 20, 22, 25, 28, 32, 33, 35, 37, 40, 42, 45, 48, 52, 54, 57, 60, 64, 67, 71, 75, 80, 81, 83, 85, 88, 90, 93, 96, 100, 102, 105, 108, 112, 115, 119, 123, 128, 130, 133, 136, 140, 143, 147, 151, 156, 159, 163, 167, 172, 176, 181, 186]
A000790	a[n_] := For[c = 4, True, c = If[PrimeQ[c + 1], c + 2, c + 1], If[PowerMod[n, c, c] == Mod[n, c], Return[c]]]; Table[a[n], {n, 0, 100}] (* _Jean-François Alcover_, Oct 18 2013 *)	[4, 4, 341, 6, 4, 4, 6, 6, 4, 4, 6, 10, 4, 4, 14, 6, 4, 4, 6, 6, 4, 4, 6, 22, 4, 4, 9, 6, 4, 4, 6, 6, 4, 4, 6, 9, 4, 4, 38, 6, 4, 4, 6, 6, 4, 4, 6, 46, 4, 4, 10, 6, 4, 4, 6, 6, 4, 4, 6, 15, 4, 4, 9, 6, 4, 4, 6, 6, 4, 4, 6, 9, 4, 4, 15, 6, 4, 4, 6, 6, 4, 4, 6, 21, 4, 4, 10, 6, 4]
A000792	CoefficientList[Series[(1 + x + 2x^2 + x^4)/(1 - 3x^3), {x, 0, 50}], x] (* _Harvey P. Dale_, May 01 2011 *)	[1, 1, 2, 3, 4, 6, 9, 12, 18, 27, 36, 54, 81, 108, 162, 243, 324, 486, 729, 972, 1458, 2187, 2916, 4374, 6561, 8748, 13122, 19683, 26244, 39366, 59049, 78732, 118098, 177147, 236196, 354294, 531441, 708588, 1062882, 1594323, 2125764, 3188646, 4782969, 6377292]
A000792	f[n_] := Max[ Times @@@ IntegerPartitions[n, All, Prime@ Range@ PrimePi@ n]]; f[1] = 1; Array[f, 43, 0] (* _Robert G. Wilson v_, Jul 31 2012 *)	[1, 1, 2, 3, 4, 6, 9, 12, 18, 27, 36, 54, 81, 108, 162, 243, 324, 486, 729, 972, 1458, 2187, 2916, 4374, 6561, 8748, 13122, 19683, 26244, 39366, 59049, 78732, 118098, 177147, 236196, 354294, 531441, 708588, 1062882, 1594323, 2125764, 3188646, 4782969, 6377292]
A000793	f[n_] := Max@ Apply[LCM, IntegerPartitions@ n, 1]; Array[f, 47] (* _Robert G. Wilson v_, Oct 23 2011 *)	[1, 1, 2, 3, 4, 6, 6, 12, 15, 20, 30, 30, 60, 60, 84, 105, 140, 210, 210, 420, 420, 420, 420, 840, 840, 1260, 1260, 1540, 2310, 2520, 4620, 4620, 5460, 5460, 9240, 9240, 13860, 13860, 16380, 16380, 27720, 30030, 32760, 60060, 60060, 60060, 60060, 120120]
A000793	b[n_, i_] := b[n, i] = Module[{p}, p = If[i<1, 1, Prime[i]]; If[n == 0 || i<1, 1, Max[b[n, i-1], Table[p^j*b[n-p^j, i-1], {j, 1, Log[p, n] // Floor}]]]]; a[n_] := b[n, If[n<8, 3, PrimePi[Ceiling[1.328*Sqrt[n*Log[n] // Floor]]]]]; Table[a[n], {n, 0, 100}] (* _Jean-François Alcover_, Mar 07 2014, after _Alois P. Heinz_ *)	[1, 1, 2, 3, 4, 6, 6, 12, 15, 20, 30, 30, 60, 60, 84, 105, 140, 210, 210, 420, 420, 420, 420, 840, 840, 1260, 1260, 1540, 2310, 2520, 4620, 4620, 5460, 5460, 9240, 9240, 13860, 13860, 16380, 16380, 27720, 30030, 32760, 60060, 60060, 60060, 60060, 120120]
A000795	max = 16; se = Series[ Cosh[x] / Cos[x], {x, 0, 2*max} ]; a[n_] := SeriesCoefficient[ se, 2*n ]*(2*n)!; Table[ a[n], {n, 0, max} ] (* _Jean-François Alcover_, Apr 02 2012 *)	[1, 2, 12, 152, 3472, 126752, 6781632, 500231552, 48656756992, 6034272215552, 929327412759552, 174008703107274752, 38928735228629389312, 10255194381004799025152, 3142142941901073853366272, 1107912434323301224813002752, 445427836895850552387642130432]
A000795	With[{nn=40},Take[CoefficientList[Series[Cosh[x]/Cos[x],{x,0,nn}],x] Range[ 0,nn]!,{1,-1,2}]] (* _Harvey P. Dale_, May 11 2012 *)	[1, 2, 12, 152, 3472, 126752, 6781632, 500231552, 48656756992, 6034272215552, 929327412759552, 174008703107274752, 38928735228629389312, 10255194381004799025152, 3142142941901073853366272, 1107912434323301224813002752, 445427836895850552387642130432]
A000795	a[ n_] := If[ n < 0, 0, With[ {m = 2 n}, m! SeriesCoefficient[ Cosh[ x] / Cos[ x], {x, 0, m}]]]; (* _Michael Somos_, Aug 15 2015 *)	[1, 2, 12, 152, 3472, 126752, 6781632, 500231552, 48656756992, 6034272215552, 929327412759552, 174008703107274752, 38928735228629389312, 10255194381004799025152, 3142142941901073853366272, 1107912434323301224813002752, 445427836895850552387642130432]
A000796	Table[ResourceFunction["NthDigit"][Pi, n], {n, 1, 102}] (* _Joan Ludevid_, Jun 22 2022; easy to compute a(10000000)=7 with this function; requires Mathematica 12.0+ *)	[3, 1, 4, 1, 5, 9, 2, 6, 5, 3, 5, 8, 9, 7, 9, 3, 2, 3, 8, 4, 6, 2, 6, 4, 3, 3, 8, 3, 2, 7, 9, 5, 0, 2, 8, 8, 4, 1, 9, 7, 1, 6, 9, 3, 9, 9, 3, 7, 5, 1, 0, 5, 8, 2, 0, 9, 7, 4, 9, 4, 4, 5, 9, 2, 3, 0, 7, 8, 1, 6, 4, 0, 6, 2, 8, 6, 2, 0, 8, 9, 9, 8, 6, 2, 8, 0, 3, 4, 8, 2, 5, 3, 4, 2, 1, 1, 7, 0, 6, 7, 9, 8, 2, 1, 4]
A000800	t[n_ /; n >= 0, 0] = 1; t[n_, k_] /; k < 0 || k > n = 0; t[n_, k_] := t[n, k] = (n-k)*t[n-1, k-1] + (k+1)*t[n-1, k]; a[n_] := Sum[t[n-k, k], {k, 0, n}]; Table[a[n], {n, 0, 25}] (* _Jean-François Alcover_, Dec 14 2011, after _Michael Somos_ *)	[1, 1, 1, 2, 5, 13, 38, 125, 449, 1742, 7269, 32433, 153850, 772397, 4088773, 22746858, 132601933, 807880821, 5132235182, 33925263901, 232905588441, 1657807491222, 12215424018837, 93042845392105, 731622663432978, 5931915237693517, 49535826242154973]
A000800	Table[Sum[Sum[(-1)^j*(k-j+1)^(n-k)*Binomial[n-k+1, j], {j, 0, k}], {k, 0, n}], {n, 0, 25}] (* _Vaclav Kotesovec_, Aug 15 2015 *)	[1, 1, 1, 2, 5, 13, 38, 125, 449, 1742, 7269, 32433, 153850, 772397, 4088773, 22746858, 132601933, 807880821, 5132235182, 33925263901, 232905588441, 1657807491222, 12215424018837, 93042845392105, 731622663432978, 5931915237693517, 49535826242154973]
A000801	Table[Sum[Floor[2^k/k], {k, n}], {n, 30}] (* _T. D. Noe_, Jun 20 2012 *)	[2, 4, 6, 10, 16, 26, 44, 76, 132, 234, 420, 761, 1391, 2561, 4745, 8841, 16551, 31114, 58708, 111136, 211000, 401650, 766372, 1465422, 2807599, 5388709, 10359735, 19946715, 38459505, 74250899, 143524565, 277742293, 538043341, 1043333611, 2025040421]
A000804	a[n_] := If[n<5, n!, ((Table[Which[i+1 == j, 1, i == 11, {-1, -1, 2, 2, 4, 2, -6, -2, -2, 0, 3}[[j]], True, 0], {i, 1, 11}, {j, 1, 11}] // MatrixPower[#, n+6]&).{41, -16, 33, -1, 5, -1, 16, 5, 13, 29, 65}) // First]; Table[a[n], {n, 0, 30}] (* _Jean-François Alcover_, Mar 17 2014, after _Alois P. Heinz_ *)	[1, 1, 2, 6, 24, 120, 265, 579, 1265, 2783, 6208, 13909, 31337, 70985, 161545, 369024, 845825, 1944295, 4480285, 10345391, 23930320, 55435605, 128577253, 298529333, 693718721, 1613210120, 3753680073, 8738534315, 20351593033, 47413960239, 110493496000]
A000807	nn = 40; t = Range[0, nn]! CoefficientList[Series[Exp[Exp[x] + Exp[-x] - 2], {x, 0, nn}], x]; Take[t, {1, nn, 2}] (* _T. D. Noe_, Jun 20 2012 *)	[1, 2, 14, 182, 3614, 99302, 3554894, 159175382, 8654995454, 558786468422, 42086200603694, 3645412584724022, 358877175474325214, 39758874175808713382, 4915216680878167372814, 673139563824188490513302, 101475126400695241802946494, 16744618803625299734467026182]
A000810	CoefficientList[Series[(Sin[x]+Cos[x])/Cos[3*x], {x, 0, 20}], x]* Range[0, 20]! (* _Vaclav Kotesovec_, Jun 25 2013 *)	[1, 1, 8, 26, 352, 1936, 38528, 297296, 7869952, 78098176, 2583554048, 31336418816, 1243925143552, 17831101321216, 825787662368768, 13658417358350336, 722906928498737152, 13551022195053101056]
A000813	a[n_] := 2*(-1)^Floor[n/2]*Im[Sum[4^j*Binomial[n, j]*PolyLog[-j, I], {j, 0, n}]]; Table[a[n], {n, 0, 17}] (* _Jean-François Alcover_, Apr 30 2013, after _Peter Luschny_ *)	[1, 1, 15, 47, 1185, 6241, 230895, 1704527, 83860545, 796079041, 48942778575, 567864586607, 41893214676705, 574448847467041, 49441928730798255, 782259922208550287, 76946148390480577665, 1379749466246228538241]
A000813	With[{nn=20},CoefficientList[Series[(Sin[x]+Cos[x])/Cos[4x],{x,0,nn}],x] Range[0,nn]!] (* _Harvey P. Dale_, Dec 12 2013 *)	[1, 1, 15, 47, 1185, 6241, 230895, 1704527, 83860545, 796079041, 48942778575, 567864586607, 41893214676705, 574448847467041, 49441928730798255, 782259922208550287, 76946148390480577665, 1379749466246228538241]
A000816	Union[ Range[0, 26]! CoefficientList[ Series[ Sin[x]^2/Cos[ 2x], {x, 0, 26}], x]] (* _Robert G. Wilson v_, Apr 16 2011 *)	[0, 2, 40, 1952, 177280, 25866752, 5535262720, 1633165156352, 635421069967360, 315212388819402752, 194181169538675507200, 145435130631317935357952, 130145345400688287667978240, 137139396592145493713802493952]
A000819	With[{nn=30},Take[CoefficientList[Series[Cos[x]^2/Cos[2x],{x,0,nn}],x] Range[ 0,nn]!,{1,-1,2}]] (* _Harvey P. Dale_, Jul 06 2014 *)	[1, 2, 40, 1952, 177280, 25866752, 5535262720, 1633165156352, 635421069967360, 315212388819402752, 194181169538675507200, 145435130631317935357952, 130145345400688287667978240, 137139396592145493713802493952]
A000825	With[{nn=20},CoefficientList[Series[Cos[x] (1+Sin[x])/Cos[2x],{x,0,nn}],x] Range[0,nn]!] (* _Harvey P. Dale_, Nov 08 2013 *)	[1, 1, 3, 8, 57, 256, 2763, 17408, 250737, 2031616, 36581523, 362283008, 7828053417, 91620376576, 2309644635483, 31191159799808, 898621108880097, 13753735117275136, 445777636063460643, 7625476699018231808]
A000831	Range[0, 18]! CoefficientList[Series[(1+Tan[x])/(1-Tan[x]), {x,0,18}], x] (* _Robert G. Wilson v_, Apr 16 2011 *)	[1, 2, 4, 16, 80, 512, 3904, 34816, 354560, 4063232, 51733504, 724566016, 11070525440, 183240753152, 3266330312704, 62382319599616, 1270842139934720, 27507470234550272, 630424777638805504, 15250953398036463616, 388362339077351014400, 10384044045105304174592]
A000834	With[{nn=20},CoefficientList[Series[Exp[x] (1+Tan[x])/(1-Tan[x]), {x,0,nn}],x]Range[0,nn]!] (* _Harvey P. Dale_, Sep 08 2011 *)	[1, 3, 9, 35, 177, 1123, 8569, 76355, 777697, 8911683, 113466729, 1589173475, 24280777617, 401898209443, 7163977596889, 136821894075395, 2787312733887937, 60331585563062403, 1382698089425999049]
A000837	p[n_] := IntegerPartitions[n]; l[n_] := Length[p[n]]; g[n_, j_] := Apply[GCD, Part[p[n], j]]; h[n_] := Table[g[n, j], {j, 1, l[n]}]; Join[{1}, Table[Count[h[n], 1], {n, 1, 20}]]	[1, 1, 1, 2, 3, 6, 7, 14, 17, 27, 34, 55, 63, 100, 119, 167, 209, 296, 347, 489, 582, 775, 945, 1254, 1481, 1951, 2334, 2980, 3580, 4564, 5386, 6841, 8118, 10085, 12012, 14862, 17526, 21636, 25524, 31082, 36694, 44582, 52255, 63260, 74170, 88931, 104302]
A000867	Select[Range[1000], First[Characters[IntegerName[#,"Words"]]]=="f"&] (* _James C. McMahon_, Dec 11 2023 *)	[4, 5, 14, 15, 40, 41, 42, 43, 44, 45, 46, 47, 48, 49, 50, 51, 52, 53, 54, 55, 56, 57, 58, 59, 400, 401, 402, 403, 404, 405, 406, 407, 408, 409, 410, 411, 412, 413, 414, 415, 416, 417, 418, 419, 420, 421, 422, 423, 424, 425, 426, 427, 428, 429, 430, 431, 432]
A000870	Select[Range[10^3], Function[d, Or[And[Mod[IntegerLength@ #, 3] == 2, MemberQ[{16, 17}, FromDigits@ Take[d, 2]]], MemberQ[{6, 7}, First@ d]]]@ IntegerDigits@ # &] (* _Michael De Vlieger_, Feb 13 2017 *)	[6, 7, 16, 17, 60, 61, 62, 63, 64, 65, 66, 67, 68, 69, 70, 71, 72, 73, 74, 75, 76, 77, 78, 79, 600, 601, 602, 603, 604, 605, 606, 607, 608, 609, 610, 611, 612, 613, 614, 615, 616, 617, 618, 619, 620]
A000873	Select[Range[10^3], Function[d, Or[And[Mod[IntegerLength@ #, 3] == 2, MemberQ[{11, 18}, FromDigits@ Take[d, 2]]], First@ d == 8]]@ IntegerDigits@ # &] (* _Michael De Vlieger_, Feb 13 2017 *)	[8, 11, 18, 80, 81, 82, 83, 84, 85, 86, 87, 88, 89, 800, 801, 802, 803, 804, 805, 806, 807, 808, 809, 810, 811, 812, 813, 814, 815, 816, 817, 818, 819, 820, 821, 822, 823, 824, 825, 826, 827, 828, 829]
A000885	With[{tpps=Select[Partition[Prime[Range[10000]],2,1],Last[#]- First[#] == 2&]}, Table[ Count[tpps,_?(Last[#]<Prime[n]^2&)],{n,60}]] (* _Harvey P. Dale_, Aug 11 2011 *)	[0, 2, 4, 6, 10, 12, 19, 21, 25, 33, 35, 46, 53, 56, 67, 80, 93, 98, 117, 128, 131, 146, 160, 174, 195, 210, 217, 227, 233, 244, 286, 298, 325, 331, 376, 386, 406, 423, 444, 467, 492, 505, 554, 561, 581, 589, 641, 700, 723, 732, 748, 780, 789, 835, 868, 895, 938, 945, 975]
A000888	a[ n_] := SeriesCoefficient[ (1/8) (EllipticE[ 16 x] - (1 - 16 x) EllipticK[ 16 x]) / (Pi/2), {x, 0, n + 1}]; (* _Michael Somos_, Jan 23 2012 *)	[1, 2, 12, 100, 980, 10584, 121968, 1472328, 18404100, 236390440, 3103161776, 41469525552, 562496897872, 7726605740000, 107289439704000, 1503840313184400, 21252802073091300, 302539888334593800, 4334635827016110000, 62464383654579522000, 904841214653480504400]
A000891	a[ n_] := SeriesCoefficient[ (1 - Hypergeometric2F1[ -1/2, 1/2, 1, 16 x]) / (4 x), {x, 0, n}]; (* _Michael Somos_, May 28 2014 *)	[1, 3, 20, 175, 1764, 19404, 226512, 2760615, 34763300, 449141836, 5924217936, 79483257308, 1081724803600, 14901311070000, 207426250094400, 2913690606794775, 41255439318353700, 588272005095043500]
A000891	a[ n_] := If[ n < 0, 0, (2 n)! SeriesCoefficient[ BesselI[0, 2 x] BesselI[1, 2 x] / x, {x, 0, 2 n}]]; (* _Michael Somos_, May 28 2014 *)	[1, 3, 20, 175, 1764, 19404, 226512, 2760615, 34763300, 449141836, 5924217936, 79483257308, 1081724803600, 14901311070000, 207426250094400, 2913690606794775, 41255439318353700, 588272005095043500]
A000894	a[ n_] := SeriesCoefficient[ (EllipticK[ 16 x] - EllipticE[ 16 x]) / (4 x Pi), {x, 0, n}]; (* _Michael Somos_, May 28 2014 *)	[1, 6, 60, 700, 8820, 116424, 1585584, 22084920, 312869700, 4491418360, 65166397296, 953799087696, 14062422446800, 208618354980000, 3111393751416000, 46619049708716400, 701342468412012900]
A000897	a[ n_] := If[ n < 0, 0, With[{m = 4 n}, (-1)^n m! SeriesCoefficient[ BesselI[ 0, 2 x] BesselJ[ 0, 2 x], {x, 0, m}]]]; (* _Michael Somos_, Aug 12 2014 *)	[1, 12, 420, 18480, 900900, 46558512, 2498640144, 137680171200, 7735904619300, 441233078286000, 25467973278667920, 1484298740174927040, 87202550985276963600, 5157850293780050462400, 306839461354466267304000, 18344908596179023234548480]
A000900	a85[n_] := Sum[ (2k)!/k!/2^k Binomial[n, 2k], {k, 0, n/2}]; a898[n_] := Sum[ 2^k*StirlingS1[n, k]*BellB[k], {k, 0, n}]; a[n_] := (a85[n] - a898[Floor[n/2]])/2; a[1] = 0; Table[a[n], {n, 0, 25}] (* _Jean-François Alcover_, Dec 13 2011, after formula *)	[0, 0, 0, 1, 2, 10, 28, 106, 344, 1272, 4592, 17692, 69384, 283560, 1191984, 5171512, 23087168, 105883456, 498572416, 2404766224, 11878871456, 59975885856, 309439708352, 1628919330208, 8746079933568, 47840206525056]
A000902	n = 22; CoefficientList[ Series[(1/2)*(Exp[2*x+x^2] + 1), {x, 0, n}], x] * Table[k!, {k, 0, n}]	[1, 1, 3, 10, 38, 156, 692, 3256, 16200, 84496, 460592, 2611104, 15355232, 93376960, 585989952, 3786534784, 25152768128, 171474649344, 1198143415040, 8569374206464, 62668198184448, 468111364627456, 3568287053001728]
A000904	max = 19; f[x_] = 1/(x+x^2)^2 * Sum[ n!*(x/(1+x)^2)^n, {n, 0, max+2}]; Series[ f[x]+1/x-1/x^2, {x, 0, max}] // CoefficientList[#, x]& // Rest (* _Jean-François Alcover_, May 16 2013, after _Vladeta Jovovic_ *)	[0, 3, 13, 83, 592, 4821, 43979, 444613, 4934720, 59661255, 780531033, 10987095719, 165586966816, 2660378564777, 45392022568023, 819716784789193, 15620010933562688, 313219935456042955, 6593238655510464741]
A000905	a[1]=2; a[n_] := a[n] = 2+Sum[(-1)^(i+1)*Product[a[n-i] - k, {k, 0, i}]/(i+1)!, {i, 1, n-1}]; Table[a[n], {n, 1, 11}] (* _Jean-François Alcover_, May 17 2011, after Maple prog. *)	[2, 3, 5, 11, 47, 923, 409619, 83763206255, 3508125906290858798171, 6153473687096578758448522809275077520433167, 18932619208894981833333582059033329370801266249535902023330546944758507753065602135843]
A000919	nn = 25; CoefficientList[Series[24 x^3/((1 - x) (1 - 2 x) (1 - 3 x) (1 - 4 x)), {x, 0, nn}], x] (* _T. D. Noe_, Jun 20 2012 *)	[0, 0, 0, 24, 240, 1560, 8400, 40824, 186480, 818520, 3498000, 14676024, 60780720, 249401880, 1016542800, 4123173624, 16664094960, 67171367640, 270232006800, 1085570781624, 4356217681200, 17466686971800, 69992221794000, 280345359228024, 1122510953731440]
A000921	isok[p_] :=Mod[p, 3]==1 && PrimeQ[p] && Sum[Cos[2*Pi*x^3/p], {x, 1, p}] > Sqrt[p]; Select[Range[1213], isok] (* _James C. McMahon_, Dec 10 2023 *)	[7, 31, 43, 67, 73, 79, 103, 127, 163, 181, 223, 229, 271, 277, 307, 313, 337, 349, 409, 421, 439, 457, 463, 499, 523, 577, 643, 661, 673, 691, 709, 727, 757, 769, 811, 823, 829, 853, 877, 919, 967, 991, 997, 1021, 1069, 1087, 1093, 1117, 1123, 1171, 1213]
A000924	nmax = 100; s = Select[Range[2 * nmax], SquareFreeQ]; a[n_] := NumberFieldClassNumber[Sqrt[-s[[n]]]]; Table[a[n], {n, nmax}] (* _Jean-François Alcover_, Dec 30 2011 *)	[1, 1, 1, 2, 2, 1, 2, 1, 2, 4, 2, 4, 1, 4, 2, 3, 6, 6, 4, 3, 4, 4, 2, 2, 6, 4, 8, 4, 1, 4, 5, 2, 6, 4, 4, 2, 3, 6, 8, 8, 8, 1, 8, 4, 7, 4, 10, 8, 4, 5, 4, 3, 4, 10, 6, 12, 2, 4, 8, 8, 4, 14, 4, 5, 8, 6, 3, 6, 12, 8, 8, 8, 2, 6, 10, 10, 2, 5, 12, 4, 5, 4, 14, 8, 8, 3, 8, 4, 10, 8, 16, 14, 7, 8, 4, 6, 8, 10]
A000925	a[n_] := (pr = PowersRepresentations[n, 2, 2]; Count[Union[Join[pr, Reverse /@ pr]], {j_ /; j >= 0, k_ /; k >= 0}]); a /@ Range[0, 100] (* _Jean-François Alcover_, Apr 05 2011 *)	[1, 2, 1, 0, 2, 2, 0, 0, 1, 2, 2, 0, 0, 2, 0, 0, 2, 2, 1, 0, 2, 0, 0, 0, 0, 4, 2, 0, 0, 2, 0, 0, 1, 0, 2, 0, 2, 2, 0, 0, 2, 2, 0, 0, 0, 2, 0, 0, 0, 2, 3, 0, 2, 2, 0, 0, 0, 0, 2, 0, 0, 2, 0, 0, 2, 4, 0, 0, 2, 0, 0, 0, 1, 2, 2, 0, 0, 0, 0, 0, 2, 2, 2, 0, 0, 4, 0, 0, 0, 2, 2, 0, 0, 0, 0, 0, 0, 2, 1, 0, 4]
A000925	nn = 100; t = CoefficientList[Series[Sum[x^k^2, {k, 0, Sqrt[nn]}]^2, {x, 0, nn}], x] (* _T. D. Noe_, Apr 05 2011 *)	[1, 2, 1, 0, 2, 2, 0, 0, 1, 2, 2, 0, 0, 2, 0, 0, 2, 2, 1, 0, 2, 0, 0, 0, 0, 4, 2, 0, 0, 2, 0, 0, 1, 0, 2, 0, 2, 2, 0, 0, 2, 2, 0, 0, 0, 2, 0, 0, 0, 2, 3, 0, 2, 2, 0, 0, 0, 0, 2, 0, 0, 2, 0, 0, 2, 4, 0, 0, 2, 0, 0, 0, 1, 2, 2, 0, 0, 0, 0, 0, 2, 2, 2, 0, 0, 4, 0, 0, 0, 2, 2, 0, 0, 0, 0, 0, 0, 2, 1, 0, 4]
A000926	noSol={}; Do[lim=Ceiling[(n-2)/3]; found=False; Do[If[n>a*b && Mod[n-a*b, a+b]==0 && Quotient[n-a*b, a+b]>b, found=True; Break[]], {a, 1, lim-1}, {b, a+1, lim}]; If[ !found, AppendTo[noSol, n]], {n, 10000}]; noSol (* _T. D. Noe_, Apr 08 2004 *)	[1, 2, 3, 4, 5, 6, 7, 8, 9, 10, 12, 13, 15, 16, 18, 21, 22, 24, 25, 28, 30, 33, 37, 40, 42, 45, 48, 57, 58, 60, 70, 72, 78, 85, 88, 93, 102, 105, 112, 120, 130, 133, 165, 168, 177, 190, 210, 232, 240, 253, 273, 280, 312, 330, 345, 357, 385, 408, 462, 520, 760, 840, 1320, 1365, 1848]
A000927	a[n_]:= With[{p = Prime[n]}, If[n<4, 1, Abs[ Det[ Table[ Quotient[ (i+2)*(j+2), p] - Quotient[ (i+1)*(j+2), p], {i, 1, (p-1)/2-2}, {j, 1, (p-1)/2-2}]]]]]; Table[a[n], {n, 1, 38}] (* _Jean-François Alcover_, Aug 01 2013, translated from Pari; modified by _G. C. Greubel_, Aug 08 2019 *)	[1, 1, 1, 1, 1, 1, 1, 1, 3, 8, 9, 37, 121, 211, 695, 4889, 41241, 76301, 853513, 3882809, 11957417, 100146415, 838216959, 13379363737, 411322824001, 3547404378125, 9069094643165, 63434933542623, 161784800122409, 1612072001362952, 2604529186263992195, 28496379729272136525, 646901570175200968153, 1753848916484925681747, 687887859687174720123201, 2333546653547742584439257, 56234327700401832767069245, 2708534744692077051875131636]
A000928	Select[Prime[Range[200]],MemberQ[Mod[Numerator[BernoulliB[2*Range[(#-1)/ 2]]], #],0]&] (* _Harvey P. Dale_, Mar 02 2018 *)	[37, 59, 67, 101, 103, 131, 149, 157, 233, 257, 263, 271, 283, 293, 307, 311, 347, 353, 379, 389, 401, 409, 421, 433, 461, 463, 467, 491, 523, 541, 547, 557, 577, 587, 593, 607, 613, 617, 619, 631, 647, 653, 659, 673, 677, 683, 691, 727, 751, 757, 761, 773, 797, 809, 811, 821, 827, 839, 877, 881, 887, 929, 953, 971, 1061]
A000930	CoefficientList[Series[1/(1-x-x^3), {x, 0, 45}], x] (* _Zerinvary Lajos_, Mar 22 2007 *)	[1, 1, 1, 2, 3, 4, 6, 9, 13, 19, 28, 41, 60, 88, 129, 189, 277, 406, 595, 872, 1278, 1873, 2745, 4023, 5896, 8641, 12664, 18560, 27201, 39865, 58425, 85626, 125491, 183916, 269542, 395033, 578949, 848491, 1243524, 1822473, 2670964, 3914488, 5736961, 8407925]
A000930	a[n_] := HypergeometricPFQ[{(1-n)/3, (2-n)/3, -n/3}, {(1-n)/ 2, -n/2}, -27/4]; Table[a[n], {n, 0, 43}] (* _Jean-François Alcover_, Feb 26 2013 *)	[1, 1, 1, 2, 3, 4, 6, 9, 13, 19, 28, 41, 60, 88, 129, 189, 277, 406, 595, 872, 1278, 1873, 2745, 4023, 5896, 8641, 12664, 18560, 27201, 39865, 58425, 85626, 125491, 183916, 269542, 395033, 578949, 848491, 1243524, 1822473, 2670964, 3914488, 5736961, 8407925]
A000931	CoefficientList[Series[(1-x^2)/(1-x^2-x^3), {x, 0, 50}], x]	[1, 0, 0, 1, 0, 1, 1, 1, 2, 2, 3, 4, 5, 7, 9, 12, 16, 21, 28, 37, 49, 65, 86, 114, 151, 200, 265, 351, 465, 616, 816, 1081, 1432, 1897, 2513, 3329, 4410, 5842, 7739, 10252, 13581, 17991, 23833, 31572, 41824, 55405, 73396, 97229, 128801, 170625]
A000933	CoefficientList[Series[x^5(1+x^5)/((1-x)(1-x^3)(1-x^4)), {x, 0, 70}], x] (* _Harvey P. Dale_, Dec 18 2011 *)	[0, 0, 0, 0, 1, 1, 1, 2, 3, 4, 5, 6, 8, 10, 11, 13, 16, 18, 20, 23, 26, 29, 32, 35, 39, 43, 46, 50, 55, 59, 63, 68, 73, 78, 83, 88, 94, 100, 105, 111, 118, 124, 130, 137, 144, 151, 158, 165, 173, 181, 188, 196, 205, 213, 221, 230, 239, 248, 257, 266, 276, 286, 295, 305]
A000938	a[n_] := 2*Sum[(n - k + 1)*(n - m + 1)*GCD[k - 1, m - 1], {m, 2, n}, {k, 2, n}] - n^2*((n^2 - 1)/6); Table[a[n], {n, 2, 30}] (* _Jean-François Alcover_, Jul 11 2012, after _Ignacio Larrosa Cañestro_ *)	[0, 0, 8, 44, 152, 372, 824, 1544, 2712, 4448, 6992, 10332, 15072, 21012, 28688, 38520, 50880, 65480, 83640, 104676, 130264, 160556, 195848, 235600, 282840, 336384, 397136, 465876, 544464, 630684, 729744, 837744, 958384, 1091904, 1238520, 1400140, 1581384, 1776084]
A000939	a[n_] := (t = If[OddQ[n], 0, 2^(n/2)*(n/2)*(n/2)!]; Do[If[Mod[n, d]==0, t = t+EulerPhi[n/d]^2*d!*(n/d)^d], {d, 1, n}]; t/(2*n^2)); a[1] := 1; a[2] := 1; Print[a /@ Range[1, 450]] (* _Jean-François Alcover_, May 19 2011, after Maple prog. *)	[1, 1, 1, 2, 4, 14, 54, 332, 2246, 18264, 164950, 1664354, 18423144, 222406776, 2905943328, 40865005494, 615376173184, 9880209206458, 168483518571798, 3041127561315224, 57926238289970076, 1161157777643184900, 24434798429947993054, 538583682082245127336]
A000939	Table[Length[Select[Union[Sort[Sort/@Partition[#,2,1,1]]&/@Permutations[Range[n]]],#==First[Sort[Table[Nest[rotgra[#,n]&,#,j],{j,n}]]]&]],{n,8}] (* _Gus Wiseman_, Mar 02 2019 *)	[1, 1, 1, 2, 4, 14, 54, 332, 2246, 18264, 164950, 1664354, 18423144, 222406776, 2905943328, 40865005494, 615376173184, 9880209206458, 168483518571798, 3041127561315224, 57926238289970076, 1161157777643184900, 24434798429947993054, 538583682082245127336]
A000949	nn = 20; Range[0, nn]! CoefficientList[Series[Exp[x*Exp[x*Exp[x]]], {x, 0, nn}], x] (* _T. D. Noe_, Jun 21 2012 *)	[1, 1, 3, 16, 101, 756, 6607, 65794, 733833, 9046648, 121961051, 1782690174, 28055070397, 472594822324, 8479144213191, 161340195463066, 3243707386310033, 68679247688467056, 1526976223741111987, 35557878951515668726, 865217354118762606021]
A000950	nn = 20; Range[0, nn]! CoefficientList[Series[Exp[x*Exp[x*Exp[x*Exp[x]]]], {x, 0, nn}], x] (* _T. D. Noe_, Jun 21 2012 *)	[1, 3, 16, 125, 1176, 12847, 160504, 2261289, 35464816, 612419291, 11539360944, 235469524237, 5170808565976, 121535533284999, 3043254281853496, 80852247370051793, 2270951670959226336, 67221368736302224819, 2091039845329887687136]
A000951	nn = 20; Range[0, nn]! CoefficientList[Series[Exp[x*Exp[x*Exp[x*Exp[x*Exp[x]]]]], {x, 0, nn}], x] (* _T. D. Noe_, Jun 21 2012 *)	[1, 3, 16, 125, 1296, 16087, 229384, 3687609, 66025360, 1303751051, 28151798544, 659841763957, 16681231615816, 452357366282655, 13095632549137576, 403040561722348913, 13138626717852194976, 452179922268565180819, 16381932383826669204640]
A000954	f[n_] := Block[{c = 0, k = 3}, While[k <= n/2, If[PrimeQ[k] && PrimeQ[n - k], c++ ]; k++ ]; c]; a = Table[0, {50}]; a[[1]] = 2; a[[2]] = 4; Do[m = n; b = f[n]; If[b < 100, a[[b + 1]] = n], {n, 6, 20000, 2}] (* _Robert G. Wilson v_, Dec 20 2003 *)	[2, 12, 68, 128, 152, 188, 332, 398, 368, 488, 632, 692, 626, 992, 878, 908, 1112, 998, 1412, 1202, 1448, 1718, 1532, 1604, 1682, 2048, 2252, 2078, 2672, 2642, 2456, 2936, 2504, 2588, 2978, 3092, 3032, 3218, 3272, 3296, 3632, 3548, 3754, 4022, 4058, 4412]
A000957	Table[ Plus@@Table[ (-1)^(m+n) (n+m)!/n!/m! (n-m+1)/(n+1), {m, 0, n} ], {n, 0, 36} ] (* _Wouter Meeussen_ *)	[0, 1, 0, 1, 2, 6, 18, 57, 186, 622, 2120, 7338, 25724, 91144, 325878, 1174281, 4260282, 15548694, 57048048, 210295326, 778483932, 2892818244, 10786724388, 40347919626, 151355847012, 569274150156, 2146336125648, 8110508473252, 30711521221376]
A000957	Table[2^n (n-2) (2n-1)!! (3 (n-1) Hypergeometric2F1[1, 3-n, 3+n, 2] - n - 2)/(n+2)! + KroneckerDelta[n], {n, 0, 20}] (* _Vladimir Reshetnikov_, Oct 25 2015 *)	[0, 1, 0, 1, 2, 6, 18, 57, 186, 622, 2120, 7338, 25724, 91144, 325878, 1174281, 4260282, 15548694, 57048048, 210295326, 778483932, 2892818244, 10786724388, 40347919626, 151355847012, 569274150156, 2146336125648, 8110508473252, 30711521221376]
A000958	nn = 30; Rest[CoefficientList[Series[(1-x-(1+x)*Sqrt[1-4*x])/(2*x*(x+2)), {x, 0, nn}], x]] (* _T. D. Noe_, May 09 2012 *)	[1, 1, 3, 8, 24, 75, 243, 808, 2742, 9458, 33062, 116868, 417022, 1500159, 5434563, 19808976, 72596742, 267343374, 988779258, 3671302176, 13679542632, 51134644014, 191703766638, 720629997168, 2715610275804, 10256844598900, 38822029694628, 147229736485868]
A000959	luckies = 2*Range@200 - 1; f[n_] := Block[{k = luckies[[n]]}, luckies = Delete[luckies, Table[{k}, {k, k, Length@luckies, k}]]]; Do[f@n, {n, 2, 30}]; luckies (* _Robert G. Wilson v_, May 09 2006 *)	[1, 3, 7, 9, 13, 15, 21, 25, 31, 33, 37, 43, 49, 51, 63, 67, 69, 73, 75, 79, 87, 93, 99, 105, 111, 115, 127, 129, 133, 135, 141, 151, 159, 163, 169, 171, 189, 193, 195, 201, 205, 211, 219, 223, 231, 235, 237, 241, 259, 261, 267, 273, 283, 285, 289, 297, 303]
A000959	L = Table[2*i + 1, {i, 0, 10^3}]; For[n = 2, n < Length[L], r = L[[n++]]; L = ReplacePart[L, Table[r*i -> Nothing, {i, 1, Length[L]/r}]]]; L (* _Jean-François Alcover_, Mar 15 2016, after _Robert Israel_ *)	[1, 3, 7, 9, 13, 15, 21, 25, 31, 33, 37, 43, 49, 51, 63, 67, 69, 73, 75, 79, 87, 93, 99, 105, 111, 115, 127, 129, 133, 135, 141, 151, 159, 163, 169, 171, 189, 193, 195, 201, 205, 211, 219, 223, 231, 235, 237, 241, 259, 261, 267, 273, 283, 285, 289, 297, 303]
A000960	del[lst_, k_] := lst[[Select[Range[Length[lst]], Mod[ #, k] != 0 &]]]; For[k = 2; s = Range[2100], k <= Length[s], k++, s = del[s, k]]; s	[1, 3, 7, 13, 19, 27, 39, 49, 63, 79, 91, 109, 133, 147, 181, 207, 223, 253, 289, 307, 349, 387, 399, 459, 481, 529, 567, 613, 649, 709, 763, 807, 843, 927, 949, 1009, 1093, 1111, 1189, 1261, 1321, 1359, 1471, 1483, 1579, 1693, 1719, 1807, 1899, 1933, 2023]
A000962	CoefficientList[Series[(-2x^5+5x^4+x^3-7x^2+1)/(-x^6+3x^4-7x^2+1),{x,0,30}],x] (* _Vincenzo Librandi_, Apr 10 2012 *)	[1, 0, 0, 1, 2, 5, 15, 32, 99, 210, 650, 1379, 4268, 9055, 28025, 59458, 184021, 390420, 1208340, 2563621, 7934342, 16833545, 52099395, 110534372, 342101079, 725803590, 2246343710, 4765855559, 14750202128, 31294112515, 96854484845, 205487024518, 635977131241]
A000963	CoefficientList[Series[(-2x^5+7x^4-4x^3+x)/(-x^6+3x^4-7x^2+1),{x,0,40}],x] (* _Vincenzo Librandi_, Apr 11 2012 *)	[0, 1, 0, 3, 7, 16, 49, 104, 322, 683, 2114, 4485, 13881, 29450, 91147, 193378, 598500, 1269781, 3929940, 8337783, 25805227, 54748516, 169445269, 359496044, 1112631142]
A000964	CoefficientList[Series[(x^5-3x^4+x^3+x^2)/(-x^6+3x^4-7x^2+1),{x,0,40}],x] (* _Vincenzo Librandi_, Apr 11 2012 *)	[0, 0, 1, 1, 4, 8, 25, 53, 164, 348, 1077, 2285, 7072, 15004, 46437, 98521, 304920, 646920, 2002201, 4247881, 13147084, 27892928, 86327905, 183153773, 566856284, 1202645508, 3722157357, 7896950165, 24440860552, 51853868404, 160486408077]
A000966	u=Union[FoldList[Plus,0,IntegerExponent[Range[1000],5]]]; Complement[Range[u[[ -1]]], u] (* _T. D. Noe_, Feb 02 2007 *)	[5, 11, 17, 23, 29, 30, 36, 42, 48, 54, 60, 61, 67, 73, 79, 85, 91, 92, 98, 104, 110, 116, 122, 123, 129, 135, 141, 147, 153, 154, 155, 161, 167, 173, 179, 185, 186, 192, 198, 204, 210, 216, 217, 223, 229, 235, 241, 247, 248, 254, 260, 266, 272, 278, 279, 285]
A000967	Table[Round[Sum[Binomial[n+k, n-k]/(2*k+1), {k, 0, n-1}]], {n,1,35}] (* _G. C. Greubel_, Apr 16 2019 *)	[1, 2, 4, 8, 18, 40, 91, 210, 492, 1165, 2786, 6710, 16267, 39650, 97108, 238824, 589521, 1459960, 3626213, 9030450, 22542396, 56393792, 141358274, 354975429, 892893120, 2249412290, 5674891000, 14335757256, 36259245522, 91815545800]
A000969	CoefficientList[Series[(1+x+2*x^2)/((1-x)^2*(1-x^3)), {x, 0, 50}], x] (* _Stefano Spezia_, Oct 08 2018 *)	[1, 3, 7, 12, 18, 26, 35, 45, 57, 70, 84, 100, 117, 135, 155, 176, 198, 222, 247, 273, 301, 330, 360, 392, 425, 459, 495, 532, 570, 610, 651, 693, 737, 782, 828, 876, 925, 975, 1027, 1080, 1134, 1190, 1247, 1305, 1365, 1426, 1488, 1552, 1617, 1683, 1751, 1820, 1890]
A000970	CoefficientList[Series[(3x^5+2x^4+4x^3+3x^2+3x+1)/((1-x^5)(1-x)^4),{x,0,50}],x] (* _Vincenzo Librandi_, Mar 28 2012 *)	[1, 7, 25, 66, 143, 273, 476, 775, 1197, 1771, 2530, 3510, 4750, 6293, 8184, 10472, 13209, 16450, 20254, 24682, 29799, 35673, 42375, 49980, 58565, 68211, 79002, 91025, 104371, 119133, 135408, 153296, 172900, 194327, 217686, 243090, 270655]
A000971	CoefficientList[Series[(1+3*x+3*x^7+x^8+3*x^2-4*x^3+10*x^4-4*x^5+3*x^6)/(x^6+x^3+1)/(-1+x)^6,{x,0,40}],x] (* _Vincenzo Librandi_, Mar 28 2012 *)	[1, 9, 42, 132, 334, 728, 1428, 2584, 4389, 7084, 10963, 16380, 23751, 33563, 46376, 62832, 83657, 109668, 141778, 181001, 228459, 285384, 353127, 433160, 527085, 636636, 763686, 910252, 1078500, 1270752, 1489488, 1737355, 2017169, 2331924]
A000973	CoefficientList[Series[(1+7*x+7*x^2+x^3)/(1-x)^8,{x,0,40}],x] (* _Vincenzo Librandi_, Apr 10 2012 *)	[1, 15, 99, 429, 1430, 3978, 9690, 21318, 43263, 82225, 148005, 254475, 420732, 672452, 1043460, 1577532, 2330445, 3372291, 4790071, 6690585, 9203634, 12485550, 16723070, 22137570, 28989675, 37584261, 48275865, 61474519]
A000974	f[n_] := Length[ Select[2n - Prime[ Range[ PrimePi[n]]], PrimeQ]]; a = Table[0, {75}]; Do[c = f[n]; If[c < 75, a[[c + 1]]++ ], {n, 5000}]; a (* _Robert G. Wilson v_, using Paul Abbott's coding in A002375, Apr 07 2005 *)	[1, 4, 9, 11, 11, 16, 16, 18, 20, 23, 16, 29, 16, 25, 27, 23, 22, 25, 35, 29, 26, 25, 27, 27, 27, 33, 28, 44, 35, 21, 29, 35, 38, 33, 39, 37, 34, 35, 31, 31, 28, 41, 37, 32, 44, 35, 37, 41, 44, 33, 37, 32, 47, 39, 43, 47, 33, 37, 48, 41, 37, 48, 34, 35, 47, 36, 29, 36, 46, 44, 43, 38, 48]
A000977	DeleteCases[Table[If[Count[PrimeQ[Divisors[i]], True] >= 3, i, 0], {i, 1, 274}], 0]	[30, 42, 60, 66, 70, 78, 84, 90, 102, 105, 110, 114, 120, 126, 130, 132, 138, 140, 150, 154, 156, 165, 168, 170, 174, 180, 182, 186, 190, 195, 198, 204, 210, 220, 222, 228, 230, 231, 234, 238, 240, 246, 252, 255, 258, 260, 264, 266, 270, 273, 276, 280, 282, 285]
A000978	Select[Range[5000], PrimeQ[(2^# + 1)/3] &] (* _Michael De Vlieger_, Jan 10 2018 *)	[3, 5, 7, 11, 13, 17, 19, 23, 31, 43, 61, 79, 101, 127, 167, 191, 199, 313, 347, 701, 1709, 2617, 3539, 5807, 10501, 10691, 11279, 12391, 14479, 42737, 83339, 95369, 117239, 127031, 138937, 141079, 267017, 269987, 374321, 986191, 4031399]
A000978	Select[Prime[Range[2,500]],PrimeQ[(2^#+1)/3]&] (* _Harvey P. Dale_, Jun 13 2022 *)	[3, 5, 7, 11, 13, 17, 19, 23, 31, 43, 61, 79, 101, 127, 167, 191, 199, 313, 347, 701, 1709, 2617, 3539, 5807, 10501, 10691, 11279, 12391, 14479, 42737, 83339, 95369, 117239, 127031, 138937, 141079, 267017, 269987, 374321, 986191, 4031399]
A000980	Table[Length[Select[Subsets[Range[-n,n]],Total[#]==0&]],{n,0,5}] (* _Gus Wiseman_, Apr 23 2023 *)	[2, 4, 8, 20, 52, 152, 472, 1520, 5044, 17112, 59008, 206260, 729096, 2601640, 9358944, 33904324, 123580884, 452902072, 1667837680, 6168510256, 22903260088, 85338450344, 318995297200, 1195901750512, 4495448217544, 16940411201280, 63983233268592]
A000981	Select[Range[10^3], Function[d, Or[And[Mod[IntegerLength@ #, 3] == 2, FromDigits@ Take[d, 2] == 19], First@ d == 9]]@ IntegerDigits@ # &] (* _Michael De Vlieger_, Feb 13 2017 *)	[9, 19, 90, 91, 92, 93, 94, 95, 96, 97, 98, 99, 900, 901, 902, 903, 904, 905, 906, 907, 908, 909, 910, 911, 912, 913, 914, 915, 916, 917, 918, 919, 920, 921, 922, 923, 924, 925, 926, 927, 928, 929, 930]
A000982	Accumulate[Join[{0}, (# - Boole[EvenQ[#]] &) /@ Range[80]]] (* _Alonso del Arte_, Sep 11 2019 *)	[0, 1, 2, 5, 8, 13, 18, 25, 32, 41, 50, 61, 72, 85, 98, 113, 128, 145, 162, 181, 200, 221, 242, 265, 288, 313, 338, 365, 392, 421, 450, 481, 512, 545, 578, 613, 648, 685, 722, 761, 800, 841, 882, 925, 968, 1013, 1058, 1105, 1152, 1201, 1250, 1301, 1352, 1405]
A000985	max = 21; egf[x_] := (1-x)^(-1/2)*Exp[x^2/4 + x/(2*(1-x))]; CoefficientList[ Series[ egf[x], {x, 0, max}], x]*Range[0, max]! (* _Jean-François Alcover_, Nov 25 2011 *)	[1, 1, 3, 11, 56, 348, 2578, 22054, 213798, 2313638, 27627434, 360646314, 5107177312, 77954299144, 1275489929604, 22265845018412, 412989204564572, 8109686585668956, 168051656468233972, 3664479286118269972, 83868072451846938336, 2009964340465840802576]
A000990	Flatten[{1, Differences[Table[Sum[PartitionsP[j]*PartitionsP[n-j], {j, 0, n}], {n, 0, 50}]]}] (* _Vaclav Kotesovec_, Oct 28 2015 *)	[1, 1, 3, 5, 10, 16, 29, 45, 75, 115, 181, 271, 413, 605, 895, 1291, 1866, 2648, 3760, 5260, 7352, 10160, 14008, 19140, 26085, 35277, 47575, 63753, 85175, 113175, 149938, 197686, 259891, 340225, 444135, 577593, 749131, 968281, 1248320, 1604340, 2056809, 2629357, 3353404]
A000991	nmax = 40; CoefficientList[Series[(1-x)^2 * (1-x^2) * Product[1/(1-x^k)^3, {k,1,nmax}], {x,0,nmax}], x] (* _Vaclav Kotesovec_, Oct 28 2015 *)	[1, 1, 3, 6, 12, 21, 40, 67, 117, 193, 319, 510, 818, 1274, 1983, 3032, 4610, 6915, 10324, 15235, 22371, 32554, 47119, 67689, 96763, 137404, 194211, 272939, 381872, 531576, 736923, 1016904, 1397853, 1913561, 2610023, 3546507, 4802694, 6481101, 8718309, 11689929, 15627591, 20828892]
A000995	nn=20; S=(Series[-2 E^(t/2) Sqrt[E^ t] (BesselI[0, 2] BesselK[0, 2 Sqrt[E^t]] - BesselK[0, 2] Hypergeometric0F1[1, E^t]), {t, 0, nn}]); Flatten[{0, 1, FullSimplify[Table[CoefficientList[Normal[S], t][[i]] (i - 1)!, {i, 1, nn}]]}] (* _Pierre-Louis Giscard_, Aug 12 2014 *)	[0, 1, 0, 1, 2, 4, 10, 29, 90, 295, 1030, 3838, 15168, 63117, 275252, 1254801, 5968046, 29551768, 152005634, 810518729, 4472244574, 25497104007, 149993156234, 909326652914, 5674422994544, 36408092349897, 239942657880360]
A000996	a[n_] := a[n] = If[n <= 2 , {1, 0, 0}[[n+1]], 1+Sum [Binomial[n-3, k]*a[k], {k, 3, n-3}]]; Table[a[n], {n, 0, 30}] (* _Jean-François Alcover_, Mar 24 2014, after _Alois P. Heinz_ *)	[1, 0, 0, 1, 1, 1, 2, 6, 17, 44, 112, 304, 918, 3040, 10623, 38161, 140074, 528594, 2068751, 8436893, 35813251, 157448068, 713084042, 3315414747, 15805117878, 77273097114, 387692392570, 1996280632656, 10542604575130, 57034787751655, 315649657181821]
A001003	Table[Length[Flatten[Nest[ #/.a_Integer:> Join[Range[0, a + 1], Range[a, 0, -1]] &, {0}, n]]], {n, 0, 10}]; Sch[ 0 ] = Sch[ 1 ] = 1; Sch[ n_Integer ] := Sch[ n ] = (3(2n - 1)Sch[ n - 1 ] - (n - 2)Sch[ n - 2 ])/(n + 1); Array[ Sch, 24, 0]	[1, 1, 3, 11, 45, 197, 903, 4279, 20793, 103049, 518859, 2646723, 13648869, 71039373, 372693519, 1968801519, 10463578353, 55909013009, 300159426963, 1618362158587, 8759309660445, 47574827600981, 259215937709463, 1416461675464871]
A001003	a[ n_] := SeriesCoefficient[ (1 + x - Sqrt[1 - 6 x + x^2]) / (4 x), {x, 0, n}]; (* _Michael Somos_, Aug 26 2015 *)	[1, 1, 3, 11, 45, 197, 903, 4279, 20793, 103049, 518859, 2646723, 13648869, 71039373, 372693519, 1968801519, 10463578353, 55909013009, 300159426963, 1618362158587, 8759309660445, 47574827600981, 259215937709463, 1416461675464871]
A001004	f[x_, n_]:=x+Sum[(1/r)*Binomial[s-2, r-1]*Binomial[r+s-1, s]*x^s, {r, 1, n}, {s, 2, n}]; F[x_, n_]:=Series[((3x^2-2*x*f[x, n]+f[x, n]^2)- (2+2*x+7*x^2-4*x*f[x, n]+2*f[x, n]^2)*f[x^2, n]+ 2*f[x^2, n]^2)/(4*(2*f[x^2, n]-1))+Sum[If[Mod[k, d]==0, EulerPhi[d]*f[x^d, n]^(k/d)/k, 0], {k, 3, n}, {d, 1, k}]/2, {x, 0, n}]; F[x, 22] (Finch)	[1, 1, 2, 3, 9, 20, 75, 262, 1117, 4783, 21971, 102249, 489077, 2370142, 11654465, 57916324, 290693391, 1471341341, 7504177738, 38532692207, 199076194985, 1034236705992, 5400337050086, 28329240333758, 149244907249629]
A001006	CoefficientList[Series[(1 - x - (1 - 2x - 3x^2)^(1/2))/(2x^2), {x, 0, 29}], x] (* _Jean-François Alcover_, Nov 29 2011 *)	[1, 1, 2, 4, 9, 21, 51, 127, 323, 835, 2188, 5798, 15511, 41835, 113634, 310572, 853467, 2356779, 6536382, 18199284, 50852019, 142547559, 400763223, 1129760415, 3192727797, 9043402501, 25669818476, 73007772802, 208023278209, 593742784829, 1697385471211]
A001013	For[p=0; a=f=Table[n!, {n, 1, 8}], p=!=a, p=a; a=Select[Union@@Outer[Times, f, a], #<=8!&]]; a	[1, 2, 4, 6, 8, 12, 16, 24, 32, 36, 48, 64, 72, 96, 120, 128, 144, 192, 216, 240, 256, 288, 384, 432, 480, 512, 576, 720, 768, 864, 960, 1024, 1152, 1296, 1440, 1536, 1728, 1920, 2048, 2304, 2592, 2880, 3072, 3456, 3840, 4096, 4320, 4608, 5040, 5184, 5760]
A001031	nn = 10^2; ps = Boole[PrimeQ[Range[2*nn]]]; ps[[1]] = 1; Table[Sum[ps[[i]] ps[[2*n - i]], {i, n}], {n, nn}] (* _T. D. Noe_, Apr 11 2011 *)	[1, 2, 2, 2, 2, 2, 3, 2, 3, 3, 3, 4, 3, 2, 4, 3, 4, 4, 3, 3, 5, 4, 4, 6, 4, 3, 6, 3, 4, 7, 4, 5, 6, 3, 5, 7, 6, 5, 7, 5, 5, 9, 5, 4, 10, 4, 5, 7, 4, 6, 9, 6, 6, 9, 7, 7, 11, 6, 6, 12, 4, 5, 10, 4, 7, 10, 6, 5, 9, 8, 8, 11, 6, 5, 13, 5, 8, 11, 6, 8, 10, 6, 6, 14, 9, 6, 12, 7, 7, 15, 7, 8, 13, 5, 8, 12, 8, 9]
A001032	(* An empirical recomputation, assuming Ralf Stephan's conjecture *) nmax = 600; min[_](* minimum start number *) = 1; max[_](* maximum start number *) = 10^5; min[457(* the first not-so-easy term *)] = 10^7; min[577] = 10^5; min[587] = 10^7; max[457] = max[577] = max[587] = Infinity; okQ[n_ /; ! MemberQ[{0, 1, 2, 9, 11, 16, 23}, Mod[n, 24]]] = False; okQ[n_] := For[m = min[n], m < max[n], m++, If[IntegerQ[ r = Sqrt[1/6*n*(1 + 6*m^2 + 6*m*(n - 1) - 3*n + 2*n^2)]], Return[True]]]; nmr = Reap[k = 1; Do[If[okQ[n] === True, Print["a(", k, ") = ", n, ", start nb = A007475(", k, ") = ", m, ", sqrt(sum) = A076215(", k, ") = ", r]; k++; Sow[{n, m, r}]], {n, 1, nmax}]][[2, 1]]; A001032 = nmr[[All, 1]]; A007475 = nmr[[All, 2]]; A076215 = nmr[[All, 3]] (* _Jean-François Alcover_, Sep 09 2013 *)	[1, 2, 11, 23, 24, 26, 33, 47, 49, 50, 59, 73, 74, 88, 96, 97, 107, 121, 122, 146, 169, 177, 184, 191, 193, 194, 218, 239, 241, 242, 249, 289, 297, 299, 311, 312, 313, 337, 338, 347, 352, 361, 362, 376, 383, 393, 407, 409, 431, 443, 457, 458, 479, 481, 491, 506]
A001033	r[1] = {True, {1, 1}}; r[n_] := (rn = Reduce[x > 0 && k > 0 && Sum[(x + 2*j)^2, {j, 0, n - 1}] == k^2, {x, k}, Integers]; srn = Simplify[(rn /. C[1] -> 0) || (rn /. C[1] -> 1) || (rn /. C[1] -> 2)]; rnOdd = Which[rn === False, False, srn[[0]] === And, srn, True, Select[srn, OddQ[x /. ToRules[#1]] & ]]; If[ rnOdd === False, {False, {0, 0}}, {True, {x, k} /. Flatten[{ToRules[rnOdd]}]}]); A001033 = Reap[Do[rn = r[n]; {x0, k0} = rn[[2]]; If[rn[[1]] && OddQ[x0], Print[{n, x0, k0}]; Sow[n]], {n, 1, 1000}]][[2, 1]] (* _Jean-François Alcover_, Mar 14 2012 *)	[1, 16, 25, 33, 49, 52, 64, 73, 97, 100, 121, 148, 169, 177, 193, 196, 241, 244, 249, 256, 276, 289, 292, 297, 313, 337, 361, 388, 393, 400, 409, 457, 481, 484, 528, 529, 537, 577, 592, 625, 628, 649, 673, 676, 708, 724, 753, 772, 784, 793, 832, 841, 852, 897, 913, 961, 964, 976, 996]
A001035	Table[Length[Select[Subsets[Subsets[Range[n]]],MemberQ[#,{}]&&MemberQ[#,Range[n]]&&UnsameQ@@dual[#]&&SubsetQ[#,Union@@@Tuples[#,2]]&&SubsetQ[#,Intersection@@@Tuples[#,2]]&]],{n,0,3}] (* _Gus Wiseman_, Aug 14 2019 *)	[1, 1, 3, 19, 219, 4231, 130023, 6129859, 431723379, 44511042511, 6611065248783, 1396281677105899, 414864951055853499, 171850728381587059351, 98484324257128207032183, 77567171020440688353049939, 83480529785490157813844256579, 122152541250295322862941281269151, 241939392597201176602897820148085023]
A001040	Table[Permanent[Array[KroneckerDelta[#1, #2]*(#1) + KroneckerDelta[#1, #2 - 1] + KroneckerDelta[#1, #2 + 1] &, {n - 1, n - 1}]], {n, 2, 30}] (* _John M. Campbell_, Jul 08 2011 *)	[0, 1, 1, 3, 10, 43, 225, 1393, 9976, 81201, 740785, 7489051, 83120346, 1004933203, 13147251985, 185066460993, 2789144166880, 44811373131073, 764582487395121, 13807296146243251, 263103209266016890, 5275871481466581051, 111056404320064218961, 2448516766522879398193]
A001040	FullSimplify[Table[2(-BesselI[n,-2]BesselK[0,2]+BesselI[0,2]BesselK[n,2]),{n,0,20}]] (* _Vaclav Kotesovec_, Jan 05 2013 *)	[0, 1, 1, 3, 10, 43, 225, 1393, 9976, 81201, 740785, 7489051, 83120346, 1004933203, 13147251985, 185066460993, 2789144166880, 44811373131073, 764582487395121, 13807296146243251, 263103209266016890, 5275871481466581051, 111056404320064218961, 2448516766522879398193]
A001045	CoefficientList[Series[x/(1 - x - 2 x^2), {x, 0, 34}], x] (* _Robert G. Wilson v_, Jul 21 2015 *)	[0, 1, 1, 3, 5, 11, 21, 43, 85, 171, 341, 683, 1365, 2731, 5461, 10923, 21845, 43691, 87381, 174763, 349525, 699051, 1398101, 2796203, 5592405, 11184811, 22369621, 44739243, 89478485, 178956971, 357913941, 715827883, 1431655765, 2863311531, 5726623061, 11453246123]
A001053	a[0]=1; a[1] =0; a[n_]:= (n-1)*a[n-1] + a[n-2]; Table[a[n], {n, 0, 21}] (* _Robert G. Wilson v_, Feb 24 2005 *)	[1, 0, 1, 2, 7, 30, 157, 972, 6961, 56660, 516901, 5225670, 57999271, 701216922, 9173819257, 129134686520, 1946194117057, 31268240559432, 533506283627401, 9634381345852650, 183586751854827751, 3681369418442407670, 77492344539145388821, 1708512949279640961732]
A001053	a[0] = 1; a[1] = 0; a[n_] := Permanent[SparseArray[{{i_, i_} :> i-1, Band[{2, 1}] -> 1, Band[{1, 2}] -> 1}, {n, n}]]; Table[an = a[n]; Print["a(", n, ") = ", an]; an, {n, 0, 20}] (* _John M. Campbell_, Jul 08 2011, updated by _Jean-François Alcover_, Nov 14 2016 *)	[1, 0, 1, 2, 7, 30, 157, 972, 6961, 56660, 516901, 5225670, 57999271, 701216922, 9173819257, 129134686520, 1946194117057, 31268240559432, 533506283627401, 9634381345852650, 183586751854827751, 3681369418442407670, 77492344539145388821, 1708512949279640961732]
A001055	c[1, r_] := c[1, r]=1; c[n_, r_] := c[n, r] = Module[{ds, i}, ds = Select[Divisors[n], 1 < # <= r &]; Sum[c[n/ds[[i]], ds[[i]]], {i, 1, Length[ds]}]]; a[n_] := c[n, n]; a/@Range[100] (* c[n, r] is the number of factorizations of n with factors <= r. - _Dean Hickerson_, Oct 28 2002 *)	[1, 1, 1, 2, 1, 2, 1, 3, 2, 2, 1, 4, 1, 2, 2, 5, 1, 4, 1, 4, 2, 2, 1, 7, 2, 2, 3, 4, 1, 5, 1, 7, 2, 2, 2, 9, 1, 2, 2, 7, 1, 5, 1, 4, 4, 2, 1, 12, 2, 4, 2, 4, 1, 7, 2, 7, 2, 2, 1, 11, 1, 2, 4, 11, 2, 5, 1, 4, 2, 5, 1, 16, 1, 2, 4, 4, 2, 5, 1, 12, 5, 2, 1, 11, 2, 2, 2, 7, 1, 11, 2, 4, 2, 2, 2, 19, 1, 4, 4, 9, 1, 5, 1]
A001060	CoefficientList[Series[(2+3x)/(1-x-x^2), {x, 0, 40}], x] (* _Eric W. Weisstein_, Sep 22 2017 *)	[2, 5, 7, 12, 19, 31, 50, 81, 131, 212, 343, 555, 898, 1453, 2351, 3804, 6155, 9959, 16114, 26073, 42187, 68260, 110447, 178707, 289154, 467861, 757015, 1224876, 1981891, 3206767, 5188658, 8395425, 13584083, 21979508, 35563591, 57543099, 93106690, 150649789]
A001074	Select[Range[300], Sum[Exp[2 Pi*I*k^3/#], {k, 0, # - 1}] != 0 &] (* _T. D. Noe_, Jun 25 2012 *)	[1, 4, 7, 8, 9, 13, 19, 25, 27, 28, 31, 32, 36, 37, 43, 49, 52, 56, 61, 63, 64, 67, 72, 73, 76, 79, 91, 97, 100, 103, 104, 108, 109, 117, 121, 124, 125, 127, 133, 139, 148, 151, 152, 157, 163, 169, 171, 172, 175, 181, 189, 193, 196, 199, 200, 211, 216, 217]
A001075	CoefficientList[Series[(1-2*x) / (1-4*x+x^2), {x, 0, 24}], x] (* _Jean-François Alcover_, Dec 21 2011, after _Simon Plouffe_ *)	[1, 2, 7, 26, 97, 362, 1351, 5042, 18817, 70226, 262087, 978122, 3650401, 13623482, 50843527, 189750626, 708158977, 2642885282, 9863382151, 36810643322, 137379191137, 512706121226, 1913445293767, 7141075053842, 26650854921601, 99462344632562, 371198523608647]
A001075	Round@Table[LucasL[2n, Sqrt[2]]/2, {n, 0, 20}] (* _Vladimir Reshetnikov_, Sep 15 2016 *)	[1, 2, 7, 26, 97, 362, 1351, 5042, 18817, 70226, 262087, 978122, 3650401, 13623482, 50843527, 189750626, 708158977, 2642885282, 9863382151, 36810643322, 137379191137, 512706121226, 1913445293767, 7141075053842, 26650854921601, 99462344632562, 371198523608647]
A001077	CoefficientList[Series[(1-2*x)/(1-4*x-x^2), {x, 0, 30}], x] (* _G. C. Greubel_, Dec 19 2017 *)	[1, 2, 9, 38, 161, 682, 2889, 12238, 51841, 219602, 930249, 3940598, 16692641, 70711162, 299537289, 1268860318, 5374978561, 22768774562, 96450076809, 408569081798, 1730726404001, 7331474697802, 31056625195209]
A001078	CoefficientList[Series[2*x/(1 - 10*x + x^2), {x, 0, 50}], x] (* _G. C. Greubel_, Dec 19 2017 *)	[0, 2, 20, 198, 1960, 19402, 192060, 1901198, 18819920, 186298002, 1844160100, 18255302998, 180708869880, 1788833395802, 17707625088140, 175287417485598, 1735166549767840, 17176378080192802, 170028614252160180, 1683109764441408998]
A001079	CoefficientList[Series[(1-5*x)/(1-10*x+x^2), {x, 0, 50}], x] (* _G. C. Greubel_, Dec 20 2017 *)	[1, 5, 49, 485, 4801, 47525, 470449, 4656965, 46099201, 456335045, 4517251249, 44716177445, 442644523201, 4381729054565, 43374646022449, 429364731169925, 4250272665676801, 42073361925598085, 416483346590304049]
A001080	CoefficientList[Series[3*x/(1-16*x+x^2), {x, 0, 30}], x] (* _G. C. Greubel_, Dec 20 2017 *)	[0, 3, 48, 765, 12192, 194307, 3096720, 49353213, 786554688, 12535521795, 199781794032, 3183973182717, 50743789129440, 808716652888323, 12888722657083728, 205410845860451325, 3273684811110137472, 52173546131901748227, 831503053299317834160]
A001081	CoefficientList[Series[(1-8*x)/(1-16*x+x^2), {x, 0, 30}], x] (* _G. C. Greubel_, Dec 20 2017 *)	[1, 8, 127, 2024, 32257, 514088, 8193151, 130576328, 2081028097, 33165873224, 528572943487, 8424001222568, 134255446617601, 2139663144659048, 34100354867927167, 543466014742175624, 8661355881006882817]
A001081	Table[LucasL[n, 16*I]*(-I)^n/2, {n,0,30}] (* _G. C. Greubel_, Jun 06 2019 *)	[1, 8, 127, 2024, 32257, 514088, 8193151, 130576328, 2081028097, 33165873224, 528572943487, 8424001222568, 134255446617601, 2139663144659048, 34100354867927167, 543466014742175624, 8661355881006882817]
A001084	CoefficientList[Series[3*x/(1 - 20*x + x^2), {x, 0, 50}], x] (* _G. C. Greubel_, Dec 20 2017 *)	[0, 3, 60, 1197, 23880, 476403, 9504180, 189607197, 3782639760, 75463188003, 1505481120300, 30034159217997, 599177703239640, 11953519905574803, 238471220408256420, 4757470888259553597, 94910946544782815520, 1893461460007396756803, 37774318253603152320540]
A001085	a[ n_] := With[{m = Abs @ n}, SeriesCoefficient[ (1 - 10 x) / (1 - 20 x + x^2), {x, 0, m}]]; (* _Michael Somos_, May 27 2014 *)	[1, 10, 199, 3970, 79201, 1580050, 31521799, 628855930, 12545596801, 250283080090, 4993116004999, 99612037019890, 1987247624392801, 39645340450836130, 790919561392329799, 15778745887395759850, 314783998186522867201, 6279901217843061584170]
A001085	Table[LucasL[n, 20*I]*(-I)^n/2, {n,0,30}] (* _G. C. Greubel_, Jun 06 2019 *)	[1, 10, 199, 3970, 79201, 1580050, 31521799, 628855930, 12545596801, 250283080090, 4993116004999, 99612037019890, 1987247624392801, 39645340450836130, 790919561392329799, 15778745887395759850, 314783998186522867201, 6279901217843061584170]
A001089	{0}~Join~CoefficientList[Series[((x^5-3x^4+5x^3-10x^2+6*x-1)(1-4x)^(1/2) - 5x^5+7x^4-17x^3+20x^2-8*x+1)/(2x^6), {x,0,23}], x] (* or *)	[0, 0, 0, 0, 3, 24, 133, 635, 2807, 11864, 48756, 196707, 783750, 3095708, 12152855, 47500635, 185082495, 719559600, 2793121080, 10830450780, 41965864794, 162539516448, 629399492330, 2437072038302, 9437097796918]
A001089	{0}~Join~CoefficientList[Series[x^5*((1-(1-4x)^(1/2))/(2x))^11 +3x^3*( (1-(1-4x)^(1/2))/(2x))^8, {x,0,23}], x] (* _Michael De Vlieger_, Sep 03 2016 *)	[0, 0, 0, 0, 3, 24, 133, 635, 2807, 11864, 48756, 196707, 783750, 3095708, 12152855, 47500635, 185082495, 719559600, 2793121080, 10830450780, 41965864794, 162539516448, 629399492330, 2437072038302, 9437097796918]
A001090	CoefficientList[Series[x/(1-8*x+x^2), {x,0,20}], x] (* _G. C. Greubel_, Dec 20 2017 *)	[0, 1, 8, 63, 496, 3905, 30744, 242047, 1905632, 15003009, 118118440, 929944511, 7321437648, 57641556673, 453811015736, 3572846569215, 28128961537984, 221458845734657, 1743541804339272, 13726875588979519, 108071462907496880, 850844827670995521, 6698687158460467288]
A001102	Select[Range[2200],IntegerQ[Sqrt[#/Total[IntegerDigits[#]]]]&] (* _Harvey P. Dale_, Feb 25 2012 *)	[1, 2, 3, 4, 5, 6, 7, 8, 9, 12, 24, 36, 48, 81, 100, 144, 150, 192, 200, 225, 288, 300, 320, 324, 375, 400, 441, 500, 512, 600, 640, 648, 700, 704, 735, 800, 832, 882, 900, 960, 1014, 1088, 1200, 1452, 1458, 1521, 1815, 2023]
A001103	okQ[n_] := Block[{p = Times @@ IntegerDigits[n]}, n == p || PrimeQ[n/p]]; Select[ Range[36000], okQ]	[1, 2, 3, 4, 5, 6, 7, 8, 9, 11, 15, 24, 36, 115, 175, 212, 624, 735, 816, 1115, 1184, 1197, 1416, 2144, 3171, 3276, 3915, 6624, 7119, 8832, 9612, 11133, 11212, 11331, 12128, 12216, 12768, 13131, 21184, 21728, 24912, 31113, 31488, 32172, 32616, 35175]
A001103	Select[Range[40000],FreeQ[IntegerDigits[#],0]&&!CompositeQ[#/Times@@IntegerDigits[#]]&] (* _Harvey P. Dale_, Mar 30 2024 *)	[1, 2, 3, 4, 5, 6, 7, 8, 9, 11, 15, 24, 36, 115, 175, 212, 624, 735, 816, 1115, 1184, 1197, 1416, 2144, 3171, 3276, 3915, 6624, 7119, 8832, 9612, 11133, 11212, 11331, 12128, 12216, 12768, 13131, 21184, 21728, 24912, 31113, 31488, 32172, 32616, 35175]
A001108	Table[(1/2)(-1 + Sqrt[1 + Expand[8(((3 + 2Sqrt[2])^n - (3 - 2Sqrt[2])^n)/(4Sqrt[2]))^2]]), {n, 0, 100}] (* _Artur Jasinski_, Dec 10 2006 *)	[0, 1, 8, 49, 288, 1681, 9800, 57121, 332928, 1940449, 11309768, 65918161, 384199200, 2239277041, 13051463048, 76069501249, 443365544448, 2584123765441, 15061377048200, 87784138523761, 511643454094368, 2982076586042449, 17380816062160328, 101302819786919521]
A001109	CoefficientList[Series[x/(1-6x+x^2),{x,0,30}],x]  (* _Harvey P. Dale_, Mar 23 2011 *)	[0, 1, 6, 35, 204, 1189, 6930, 40391, 235416, 1372105, 7997214, 46611179, 271669860, 1583407981, 9228778026, 53789260175, 313506783024, 1827251437969, 10650001844790, 62072759630771, 361786555939836, 2108646576008245, 12290092900109634, 71631910824649559, 417501372047787720]
A001110	f[n_]:=n*(n+1)/2; lst={}; Do[If[IntegerQ[Sqrt[f[n]]],AppendTo[lst,f[n]]],{n,0,10!}]; lst (* _Vladimir Joseph Stephan Orlovsky_, Feb 12 2010 *)	[0, 1, 36, 1225, 41616, 1413721, 48024900, 1631432881, 55420693056, 1882672131025, 63955431761796, 2172602007770041, 73804512832419600, 2507180834294496361, 85170343853180456676, 2893284510173841030625, 98286503002057414584576, 3338847817559778254844961, 113422539294030403250144100]
A001112	CoefficientList[Series[-x (x^18 - x^17 + 3 x^16 - 4 x^15 + 11 x^14 - 136 x^13 + 283 x^12 - 419 x^11 + 1121 x^10 - 1540 x^9 - 1121 x^8 - 419 x^7 - 283 x^6 - 136 x^5 - 11 x^4 - 4 x^3 - 3 x^2 - x - 1)/((x^10 - 198 x^5 + 1) (x^10 + 198 x^5 + 1)), {x, 0, 30}], x] (* _Vincenzo Librandi_, Dec 14 2013 *)	[0, 1, 1, 3, 4, 11, 136, 283, 419, 1121, 1540, 38081, 39621, 117323, 156944, 431211, 5331476, 11094163, 16425639, 43945441, 60371080, 1492851361, 1553222441, 4599296243, 6152518684, 16904333611, 209004522016, 434913377643, 643917899659]
A001118	CoefficientList[Series[(-1-274*x^4+225*x^3-85*x^2+15*x)/((x-1)*(4*x-1)*(3*x-1)*(2*x-1)*(5*x-1)),{x,0,30}],x] (* _Vincenzo Librandi_, Apr 11 2012 *)	[1, 0, 0, 0, 0, 120, 1800, 16800, 126000, 834120, 5103000, 29607600, 165528000, 901020120, 4809004200, 25292030400, 131542866000, 678330198120, 3474971465400, 17710714165200, 89904730860000, 454951508208120, 2296538629446600, 11570026582092000, 58200094019430000]
A001123	Prime[ Select[ Range[200], PrimitiveRoot[ Prime[ # ]] == 3 & ]]	[7, 17, 31, 43, 79, 89, 113, 127, 137, 199, 223, 233, 257, 281, 283, 331, 353, 401, 449, 463, 487, 521, 569, 571, 593, 607, 617, 631, 641, 691, 739, 751, 809, 811, 823, 857, 881, 929, 953, 977, 1013, 1039, 1049, 1063, 1087, 1097, 1193, 1217]
A001124	Select[Prime[Range[350]],PrimitiveRoot[#]==5&] (* The PrimitiveRoot function is now part of Mathematica's core, so no add-in needs to be loaded before calling it *) (* _Harvey P. Dale_, Dec 06 2014 *)	[23, 47, 73, 97, 103, 157, 167, 193, 263, 277, 307, 383, 397, 433, 503, 577, 647, 673, 683, 727, 743, 863, 887, 937, 967, 983, 1033, 1093, 1103, 1153, 1163, 1223, 1367, 1487, 1543, 1583, 1607, 1777, 1823, 1847, 1933, 1993, 2003, 2017, 2063, 2087, 2113, 2203, 2207]
A001125	Prime[ Select[ Range[1000], PrimitiveRoot[ Prime[ # ] ] == 6 & ] ]	[41, 109, 151, 229, 251, 271, 367, 733, 761, 971, 991, 1069, 1289, 1303, 1429, 1471, 1759, 1789, 1811, 1879, 2411, 2441, 2551, 2749, 2791, 3061, 3079, 3109, 3229, 3251, 3301, 3319, 3967, 4211, 4549, 4721, 4783, 4909, 4931, 4951, 5101, 5167, 5581, 5791]
A001125	Select[ Prime@Range@760, PrimitiveRoot@# == 6 &] (* _Robert G. Wilson v_, May 11 2001 *)	[41, 109, 151, 229, 251, 271, 367, 733, 761, 971, 991, 1069, 1289, 1303, 1429, 1471, 1759, 1789, 1811, 1879, 2411, 2441, 2551, 2749, 2791, 3061, 3079, 3109, 3229, 3251, 3301, 3319, 3967, 4211, 4549, 4721, 4783, 4909, 4931, 4951, 5101, 5167, 5581, 5791]
A001126	Prime[ Select[ Range[1000], PrimitiveRoot[ Prime[ # ] ] == 7 & ] ]	[71, 239, 241, 359, 431, 499, 599, 601, 919, 997, 1051, 1181, 1249, 1439, 1609, 1753, 2039, 2089, 2111, 2179, 2251, 2281, 2341, 2591, 2593, 2671, 2711, 2879, 3119, 3121, 3169, 3181, 3457, 3511, 3541, 3719, 3739, 3769, 4271, 4513, 4799, 4801, 4943, 5197]
A001126	Select[ Prime@Range@700, PrimitiveRoot@# == 7 &] (* _Robert G. Wilson v_, May 11 2001 *)	[71, 239, 241, 359, 431, 499, 599, 601, 919, 997, 1051, 1181, 1249, 1439, 1609, 1753, 2039, 2089, 2111, 2179, 2251, 2281, 2341, 2591, 2593, 2671, 2711, 2879, 3119, 3121, 3169, 3181, 3457, 3511, 3541, 3719, 3739, 3769, 4271, 4513, 4799, 4801, 4943, 5197]
A001129	nxt[{a_,b_}]:={b,Total[IntegerReverse[{a,b}]]}; NestList[nxt,{0,1},40][[All,1]] (* Requires Mathematica version 10 or later *) (* _Harvey P. Dale_, Aug 07 2019 *)	[0, 1, 1, 2, 3, 5, 8, 13, 39, 124, 514, 836, 1053, 4139, 12815, 61135, 104937, 792517, 1454698, 9679838, 17354310, 9735140, 1760750, 986050, 621360, 113815, 581437, 1252496, 7676706, 13019288, 94367798, 178067380, 173537220, 106496242, 265429972, 522619163]
A001135	Reap[For[p = 2, p <= 18000, p = NextPrime[p], If[ MultiplicativeOrder[2, p] == (p-1)/5, Sow[p]]]][[2, 1]] (* _James C. McMahon_, Dec 12 2023 *)	[251, 571, 971, 1181, 1811, 2011, 2381, 2411, 3221, 3251, 3301, 3821, 4211, 4861, 4931, 5021, 5381, 5861, 6221, 6571, 6581, 8461, 8501, 9091, 9461, 10061, 10211, 10781, 11251, 11701, 11941, 12541, 13171, 13381, 13421, 13781, 14251, 15541, 16091, 16141, 16451, 16661, 16691, 16811, 17291]
A001147	a[ n_] := If[ n < 0, (-1)^n / a[-n], SeriesCoefficient[ Product[1 - (1 - x)^(2 k - 1), {k, n}], {x, 0, n}]]; (* _Michael Somos_, Jun 27 2017 *)	[1, 1, 3, 15, 105, 945, 10395, 135135, 2027025, 34459425, 654729075, 13749310575, 316234143225, 7905853580625, 213458046676875, 6190283353629375, 191898783962510625, 6332659870762850625, 221643095476699771875, 8200794532637891559375, 319830986772877770815625]
A001156	Join[{1}, Table[Length@PowersRepresentations[n, n, 2], {n, 68}]] (* _Robert G. Wilson v_, Apr 12 2005, revised Sep 27 2011 *)	[1, 1, 1, 1, 2, 2, 2, 2, 3, 4, 4, 4, 5, 6, 6, 6, 8, 9, 10, 10, 12, 13, 14, 14, 16, 19, 20, 21, 23, 26, 27, 28, 31, 34, 37, 38, 43, 46, 49, 50, 55, 60, 63, 66, 71, 78, 81, 84, 90, 98, 104, 107, 116, 124, 132, 135, 144, 154, 163, 169, 178, 192, 201, 209, 220, 235, 247, 256]
A001156	f[n_] := Length@ IntegerPartitions[n, All, Range@ Sqrt@ n^2]; Array[f, 67] (* _Robert G. Wilson v_, Apr 14 2013 *)	[1, 1, 1, 1, 2, 2, 2, 2, 3, 4, 4, 4, 5, 6, 6, 6, 8, 9, 10, 10, 12, 13, 14, 14, 16, 19, 20, 21, 23, 26, 27, 28, 31, 34, 37, 38, 43, 46, 49, 50, 55, 60, 63, 66, 71, 78, 81, 84, 90, 98, 104, 107, 116, 124, 132, 135, 144, 154, 163, 169, 178, 192, 201, 209, 220, 235, 247, 256]
A001156	b[n_, i_] := b[n, i] = If[n==0, 1, If[i<1, 0, b[n, i-1] + If[i^2>n, 0, b[n-i^2, i]]]]; a[n_] := b[n, Sqrt[n]//Floor]; Table[a[n], {n, 0, 120}] (* _Jean-François Alcover_, Nov 02 2015, after _Alois P. Heinz_ *)	[1, 1, 1, 1, 2, 2, 2, 2, 3, 4, 4, 4, 5, 6, 6, 6, 8, 9, 10, 10, 12, 13, 14, 14, 16, 19, 20, 21, 23, 26, 27, 28, 31, 34, 37, 38, 43, 46, 49, 50, 55, 60, 63, 66, 71, 78, 81, 84, 90, 98, 104, 107, 116, 124, 132, 135, 144, 154, 163, 169, 178, 192, 201, 209, 220, 235, 247, 256]
A001163	Numerator[ Reverse[ Drop[ CoefficientList[ Simplify[ PowerExpand[ Normal[ Series[n!, {n, Infinity, 17}]]Exp[n]/(Sqrt[2Pi n]*n^(n - 17))]], n], 1]]]	[1, 1, 1, -139, -571, 163879, 5246819, -534703531, -4483131259, 432261921612371, 6232523202521089, -25834629665134204969, -1579029138854919086429, 746590869962651602203151, 1511513601028097903631961, -8849272268392873147705987190261, -142801712490607530608130701097701]
A001164	Denominator[ Reverse[ Drop[ CoefficientList[ Simplify[ PowerExpand[ Normal[ Series[n!, {n, Infinity, 17}]]Exp[n]/(Sqrt[2Pi n]*n^(n - 17))]], n], 1]]]	[1, 12, 288, 51840, 2488320, 209018880, 75246796800, 902961561600, 86684309913600, 514904800886784000, 86504006548979712000, 13494625021640835072000, 9716130015581401251840000, 116593560186976815022080000, 2798245444487443560529920000, 299692087104605205332754432000000, 57540880724084199423888850944000000]
A001164	h[k_] := h[k] = If[k==0, 1, (h[k-1]/k-Sum[h[k-j]*h[j]/(j+1), {j, 1, k-1}]) / (1+1/(k+1))]; StirlingAsympt[n_] := h[2n]*2^n*Pochhammer[1/2, n]; a[n_] := StirlingAsympt[n] // Denominator; Table[a[n], {n, 0, 30}] (* _Jean-François Alcover_, Oct 12 2015, after _Peter Luschny_ *)	[1, 12, 288, 51840, 2488320, 209018880, 75246796800, 902961561600, 86684309913600, 514904800886784000, 86504006548979712000, 13494625021640835072000, 9716130015581401251840000, 116593560186976815022080000, 2798245444487443560529920000, 299692087104605205332754432000000, 57540880724084199423888850944000000]
A001169	Rest@ CoefficientList[ Series[x (1 - x)^3/(1 - 5x + 7x^2 - 4x^3), {x, 0, 28}], x] (* _Robert G. Wilson v_, Feb 01 2015 *)	[1, 2, 6, 19, 61, 196, 629, 2017, 6466, 20727, 66441, 212980, 682721, 2188509, 7015418, 22488411, 72088165, 231083620, 740754589, 2374540265, 7611753682, 24400004911, 78215909841, 250726529556, 803721298537, 2576384425157, 8258779154250, 26474089989299]
A001171	c[a_, b_, n_] := (-1)^ n*((-2)^(a-b+1)*n*(2a-2b+1)*(a-1)!) / ((n+a-b+1)*(n+a-b)*(n-a+b)*(n-a+b-1)*(n-a-b)!*(2a-1)!*(b-1)!); A001171[n_] := 2^(3n-2)*n!*(n-1)!^2/(2n)! + Sum[ c[a, b, n]*(2^(a-b-1)*(2b)!*(a-1)!*(n-a-b+1)! / ((2b-1)*b!))^2, {a, 1, n-1}, {b, 1, Min[a, n-a]}]; Table[ A001171[n], {n, 1, 19}] (* _Jean-François Alcover_, Dec 06 2011, after Maple program by Herman Jamke *)	[1, 1, 4, 20, 148, 1348, 15104, 198144, 2998656, 51290496, 979732224, 20661458688, 476936766720, 11959743432960, 323764901314560, 9410647116349440, 292316310979706880, 9663569062008422400, 338760229843058688000]
A001172	nn = 55; a = Table[0, {nn}]; n = 6; While[Times @@ a == 0, c = 0; k = 3; While[k <= n/2, If[PrimeQ[k] && PrimeQ[n - k], c++]; k++]; If[c <= nn && a[[c]] == 0, a[[c]] = n]; n = n + 2]; Prepend[a, 0]	[0, 6, 10, 22, 34, 48, 60, 78, 84, 90, 114, 144, 120, 168, 180, 234, 246, 288, 240, 210, 324, 300, 360, 474, 330, 528, 576, 390, 462, 480, 420, 570, 510, 672, 792, 756, 876, 714, 798, 690, 1038, 630, 1008, 930, 780, 960, 870, 924, 900, 1134, 1434, 840, 990, 1302]
A001175	Table[a={1, 0}; a0=a; k=0; While[k++; s=Mod[Plus@@a, n]; a=RotateLeft[a]; a[[2]]=s; a!=a0]; k, {n, 2, 100}] (* _T. D. Noe_, Jul 19 2005 *)	[1, 3, 8, 6, 20, 24, 16, 12, 24, 60, 10, 24, 28, 48, 40, 24, 36, 24, 18, 60, 16, 30, 48, 24, 100, 84, 72, 48, 14, 120, 30, 48, 40, 36, 80, 24, 76, 18, 56, 60, 40, 48, 88, 30, 120, 48, 32, 24, 112, 300, 72, 84, 108, 72, 20, 48, 72, 42, 58, 120, 60, 30, 48, 96, 140, 120, 136]
A001175	Module[{nn=1000,fibs},fibs=Fibonacci[Range[nn]];Table[Length[ FindTransientRepeat[ Mod[fibs,n],2][[2]]],{n,70}]] (* Requires Mathematica version 10 or later *) (* _Harvey P. Dale_, Nov 02 2020 *)	[1, 3, 8, 6, 20, 24, 16, 12, 24, 60, 10, 24, 28, 48, 40, 24, 36, 24, 18, 60, 16, 30, 48, 24, 100, 84, 72, 48, 14, 120, 30, 48, 40, 36, 80, 24, 76, 18, 56, 60, 40, 48, 88, 30, 120, 48, 32, 24, 112, 300, 72, 84, 108, 72, 20, 48, 72, 42, 58, 120, 60, 30, 48, 96, 140, 120, 136]
A001176	With[{fibs=Fibonacci[Range[2000]]},Table[Count[FindTransientRepeat[ Mod[ fibs, n], 3][[2]],0],{n,110}]] (* Requires Mathematica version 10 or later *) (* _Harvey P. Dale_, Dec 26 2016 *)	[1, 1, 2, 1, 4, 2, 2, 2, 2, 4, 1, 2, 4, 2, 2, 2, 4, 2, 1, 2, 2, 1, 2, 2, 4, 4, 2, 2, 1, 2, 1, 2, 2, 4, 2, 2, 4, 1, 2, 2, 2, 2, 2, 1, 2, 2, 2, 2, 2, 4, 2, 2, 4, 2, 2, 2, 2, 1, 1, 2, 4, 1, 2, 2, 4, 2, 2, 2, 2, 2, 1, 2, 4, 4, 2, 1, 2, 2, 1, 2, 2, 2, 2, 2, 4, 2, 2, 2, 4, 2, 2, 2, 2, 2, 2, 2, 4, 2, 2, 2, 1, 2, 2, 2, 2]
A001177	fibEntry[n_] := Block[{k = 1}, While[ Mod[ Fibonacci@k, n] != 0, k++ ]; k]; Array[fibEntry, 74] (* _Robert G. Wilson v_, Jul 04 2007 *)	[1, 3, 4, 6, 5, 12, 8, 6, 12, 15, 10, 12, 7, 24, 20, 12, 9, 12, 18, 30, 8, 30, 24, 12, 25, 21, 36, 24, 14, 60, 30, 24, 20, 9, 40, 12, 19, 18, 28, 30, 20, 24, 44, 30, 60, 24, 16, 12, 56, 75, 36, 42, 27, 36, 10, 24, 36, 42, 58, 60, 15, 30, 24, 48, 35, 60, 68, 18, 24, 120]
A001182	Table[Sum[Floor@ Sqrt[n^2 - k^2], {k, n - 1}], {n, 52}] (* _Michael De Vlieger_, Jan 30 2017 *)	[0, 1, 4, 8, 15, 22, 30, 41, 54, 69, 83, 98, 119, 139, 162, 183, 208, 234, 263, 294, 322, 357, 390, 424, 465, 504, 545, 585, 628, 675, 719, 770, 819, 872, 928, 977, 1036, 1090, 1155, 1216, 1274, 1339, 1404, 1475, 1545, 1610, 1683, 1755, 1832, 1911, 1992, 2072]
A001187	m:=20; g = Sum[2^Binomial[n, 2] x^n/n!, {n,0,m}]; Range[0,m]! CoefficientList[Series[Log[g] +1, {x,0,m}], x] (* _Geoffrey Critzer_, Nov 12 2011 *)	[1, 1, 1, 4, 38, 728, 26704, 1866256, 251548592, 66296291072, 34496488594816, 35641657548953344, 73354596206766622208, 301272202649664088951808, 2471648811030443735290891264, 40527680937730480234609755344896, 1328578958335783201008338986845427712]
A001187	a[ n_]:= If[n<0, 0, n! SeriesCoefficient[1 +Log[ Sum[2^(k(k-1)/2) x^k/k!, {k,0, n}]], {x, 0, n}]]; (* _Michael Somos_, Jul 11 2019 *)	[1, 1, 1, 4, 38, 728, 26704, 1866256, 251548592, 66296291072, 34496488594816, 35641657548953344, 73354596206766622208, 301272202649664088951808, 2471648811030443735290891264, 40527680937730480234609755344896, 1328578958335783201008338986845427712]
A001190	a[ n_] := If[ n < 0, 0, SeriesCoefficient[ Nest[ 1 - Sqrt[1 - 2 x - (# /. x -> x^2)] &, 0, BitLength @ n], {x, 0, n}]]; (* _Michael Somos_, Apr 25 2013 *)	[0, 1, 1, 1, 2, 3, 6, 11, 23, 46, 98, 207, 451, 983, 2179, 4850, 10905, 24631, 56011, 127912, 293547, 676157, 1563372, 3626149, 8436379, 19680277, 46026618, 107890609, 253450711, 596572387, 1406818759, 3323236238, 7862958391, 18632325319, 44214569100]
A001196	fQ[n_] := Union@ Mod[Length@# & /@ Split@ IntegerDigits[n, 2], 2] == {0}; Select[ Range@ 10000, fQ] (* Or *)	[0, 3, 12, 15, 48, 51, 60, 63, 192, 195, 204, 207, 240, 243, 252, 255, 768, 771, 780, 783, 816, 819, 828, 831, 960, 963, 972, 975, 1008, 1011, 1020, 1023, 3072, 3075, 3084, 3087, 3120, 3123, 3132, 3135, 3264, 3267, 3276, 3279, 3312, 3315, 3324, 3327, 3840, 3843]
A001196	fQ[n_] := Union@ Join[IntegerDigits[n, 4], {0, 3}] == {0, 3}; Select[ Range@ 10000, fQ] (* _Robert G. Wilson v_, Dec 24 2012 *)	[0, 3, 12, 15, 48, 51, 60, 63, 192, 195, 204, 207, 240, 243, 252, 255, 768, 771, 780, 783, 816, 819, 828, 831, 960, 963, 972, 975, 1008, 1011, 1020, 1023, 3072, 3075, 3084, 3087, 3120, 3123, 3132, 3135, 3264, 3267, 3276, 3279, 3312, 3315, 3324, 3327, 3840, 3843]
A001202	Clear[t]; t[1] = 0; t[n_] := t[n] = If[Mod[n, 2] == 0, t[n/2] + 1, 10*t[(n + 1)/2]]; Table[t[n], {n, 2^8}] (* _T. D. Noe_, Jun 26 2012 *)	[0, 1, 10, 2, 100, 11, 20, 3, 1000, 101, 110, 12, 200, 21, 30, 4, 10000, 1001, 1010, 102, 1100, 111, 120, 13, 2000, 201, 210, 22, 300, 31, 40, 5, 100000, 10001, 10010, 1002, 10100, 1011, 1020, 103, 11000, 1101, 1110, 112, 1200, 121, 130, 14, 20000, 2001, 2010]
A001205	m = 21; CoefficientList[ Series[ Exp[-x/2 - x^2/4] / Sqrt[1-x], {x, 0, m}], x]*Table[n!, {n, 0, m}] (* _Jean-François Alcover_, Jun 21 2011, after e.g.f. *)	[1, 0, 0, 1, 3, 12, 70, 465, 3507, 30016, 286884, 3026655, 34944085, 438263364, 5933502822, 86248951243, 1339751921865, 22148051088480, 388246725873208, 7193423109763089, 140462355821628771, 2883013994348484940]
A001220	Select[Prime[Range[50000]],Divisible[2^(#-1)-1,#^2]&]  (* _Harvey P. Dale_, Apr 23 2011 *)	[1093, 3511]
A001220	Select[Prime[Range[50000]],PowerMod[2,#-1,#^2]==1&] (* _Harvey P. Dale_, May 25 2016 *)	[1093, 3511]
A001232	okQ[t_]:=t==Reverse[t]&&First[t]!=0&&Min[Length/@Split[t]]>1; 99#&/@Flatten[Table[ FromDigits/@ Select[Tuples[{0,1},n],okQ],{n,20}]] (* _Harvey P. Dale_, Jul 03 2013 *)	[1089, 10989, 109989, 1099989, 10891089, 10999989, 108901089, 109999989, 1089001089, 1098910989, 1099999989, 10890001089, 10989010989, 10999999989, 108900001089, 108910891089, 109890010989, 109989109989, 109999999989, 1089000001089, 1089109891089]
A001235	Select[Range[750000],Length[PowersRepresentations[#,2,3]]>1&] (* _Harvey P. Dale_, Nov 25 2014, with correction by _Zak Seidov_, Jul 13 2015 *)	[1729, 4104, 13832, 20683, 32832, 39312, 40033, 46683, 64232, 65728, 110656, 110808, 134379, 149389, 165464, 171288, 195841, 216027, 216125, 262656, 314496, 320264, 327763, 373464, 402597, 439101, 443889, 513000, 513856, 515375, 525824, 558441, 593047, 684019, 704977]
A001239	Select[Range[4000], Length[PowersRepresentations[#, 3, 3]] > 1 &] (* _Harvey P. Dale_, Feb 03 2011 *)	[216, 251, 344, 729, 855, 1009, 1072, 1366, 1457, 1459, 1520, 1674, 1728, 1729, 1730, 1737, 1756, 1763, 1793, 1854, 1945, 2008, 2072, 2241, 2414, 2456, 2458, 2729, 2736, 2752, 3060, 3391, 3402, 3457, 3500, 3592, 3599, 3655, 3744, 3745]
A001240	CoefficientList[Series[1/((1-2x)(1-3x)(1-6x)),{x,0,25}],x] (* or *) LinearRecurrence[{11,-36,36},{1,11,85},25] (* _Harvey P. Dale_, May 15 2011 *)	[1, 11, 85, 575, 3661, 22631, 137845, 833375, 5019421, 30174551, 181222405, 1087861775, 6528756781, 39177307271, 235078159765, 1410511939775, 8463200647741, 50779591044791, 304678708005925]
A001243	k = 7; Table[k^(n + k - 1) + Sum[(-1)^i/i!*(k - i)^(n + k - 1) * Product[n + k + 1 - j, {j, 1, i}], {i, 1, k - 1}], {n, 1, 15}] (* _Michael De Vlieger_, Aug 04 2015, after PARI *)	[1, 247, 14608, 455192, 9738114, 162512286, 2275172004, 27971176092, 311387598411, 3207483178157, 31055652948388, 285997074307300, 2527925001876036, 21598596303099900, 179385804170146680]
A001244	k = 8; Table[k^(n + k - 1) + Sum[(-1)^i/i!*(k - i)^(n + k - 1) * Product[n + k + 1 - j, {j, 1, i}], {i, 1, k - 1}], {n, 1, 15}] (* _Michael De Vlieger_, Aug 04 2015, after PARI *)	[1, 502, 47840, 2203488, 66318474, 1505621508, 27971176092, 447538817472, 6382798925475, 83137223185370, 1006709967915228, 11485644635009424, 124748182104463860, 1300365805079109480, 13093713503185076040]
A001246	aux[i_Integer, j_Integer, n_Integer] := Which[Min[i, j, n] < 0 || Max[i, j] > n, 0, n == 0, KroneckerDelta[i, j, n], True, aux[i, j, n] = aux[-1 + i, -1 + j, -1 + n] + aux[-1 + i, 1 + j, -1 + n] + aux[1 + i, -1 + j, -1 + n] + aux[1 + i, 1 + j, -1 + n]]; Table[aux[0, 0, 2 n], {n, 0, 25}] (* _Manuel Kauers_, Nov 18 2008 *)	[1, 1, 4, 25, 196, 1764, 17424, 184041, 2044900, 23639044, 282105616, 3455793796, 43268992144, 551900410000, 7152629313600, 93990019574025, 1250164827828900, 16807771574144100, 228138727737690000, 3123219182728976100, 43087676888260976400, 598598221893939680400, 8369059450146650049600]
A001246	a[ n_] := SeriesCoefficient[ (2 EllipticE[ 16 x] - (1 - 16 x) EllipticK[ 16 x] - Pi/2) / ( 2 Pi x), {x, 0, n}] (* _Michael Somos_, Jul 11 2011 *)	[1, 1, 4, 25, 196, 1764, 17424, 184041, 2044900, 23639044, 282105616, 3455793796, 43268992144, 551900410000, 7152629313600, 93990019574025, 1250164827828900, 16807771574144100, 228138727737690000, 3123219182728976100, 43087676888260976400, 598598221893939680400, 8369059450146650049600]
A001246	a[ n_] := If[ n < 0, 0, (2 n)! SeriesCoefficient[ HypergeometricPFQ[ {1/2}, {2, 2}, 4 x^2], {x, 0, 2 n}]] (* _Michael Somos_, Jul 11 2011 *)	[1, 1, 4, 25, 196, 1764, 17424, 184041, 2044900, 23639044, 282105616, 3455793796, 43268992144, 551900410000, 7152629313600, 93990019574025, 1250164827828900, 16807771574144100, 228138727737690000, 3123219182728976100, 43087676888260976400, 598598221893939680400, 8369059450146650049600]
A001248	Select[Range[40000], DivisorSigma[0, #] == 3 &] (* _Carlos Eduardo Olivieri_, Jun 01 2015 *)	[4, 9, 25, 49, 121, 169, 289, 361, 529, 841, 961, 1369, 1681, 1849, 2209, 2809, 3481, 3721, 4489, 5041, 5329, 6241, 6889, 7921, 9409, 10201, 10609, 11449, 11881, 12769, 16129, 17161, 18769, 19321, 22201, 22801, 24649, 26569, 27889, 29929, 32041, 32761, 36481]
A001250	Table[Length[Select[Permutations[Range[n]],And@@(!(OrderedQ[#]||OrderedQ[Reverse[#]])&/@Partition[#,3,1])&]],{n,8}] (* _Gus Wiseman_, Jun 21 2021 *)	[1, 1, 2, 4, 10, 32, 122, 544, 2770, 15872, 101042, 707584, 5405530, 44736512, 398721962, 3807514624, 38783024290, 419730685952, 4809759350882, 58177770225664, 740742376475050, 9902996106248192, 138697748786275802, 2030847773013704704, 31029068327114173810]
A001258	r[n_, k_] := Which[n == 1, If[k == 1, Return[1], Return[0]], n == 2 && k == 2, Return[1], n == 2 && k > 2, Return[0], n > k > 0, StirlingS2[n-2, n-k]*n!/k!, True, 0]; rstar[n_, k_] := Which[k == 2, If[n <= 4, Return[1], Return[(n-2)!/2]], k <= n-2, Sum[Binomial[n-i-1, k-i]*r[n-k, i], {i, 2, n-1}], k == n-1, 1, True, 0]; Join[{1}, Table[Sum[rstar[n, k], {k, 2, n-1}], {n, 3, 26}]] (* _Jean-François Alcover_, Oct 08 2012, translated from Maple *)	[1, 1, 2, 6, 25, 135, 892, 6937, 61886, 621956, 6946471, 85302935, 1141820808, 16540534553, 257745010762, 4298050731298, 76356627952069, 1439506369337319, 28699241994332940, 603229325513240569, 13330768181611378558, 308967866671489907656, 7493481669479297191451, 189793402599733802743015, 5010686896406348299630712]
A001260	Drop[CoefficientList[Series[x^4/4! Exp[-x]/(1 - x)^2, {x, 0, 20}], x] Range[0, 20]!, 4] (* _Vaclav Kotesovec_, Mar 26 2014 *)	[0, 0, 0, 0, 1, 5, 45, 385, 3710, 38934, 444990, 5506710, 73422855, 1049946755, 16035550531, 260577696015, 4489954146860, 81781307674780, 1570201107355980, 31698434854748604, 671260973394676605, 14879618243581997745]
A001261	Range[0, 30]! CoefficientList[Series[x^5/5!*Exp[-x]/(1 - x)^2, {x, 0, 40}], x] (* _Vincenzo Librandi_, Apr 13 2014 *)	[0, 0, 0, 0, 0, 1, 6, 63, 616, 6678, 77868, 978978, 13216104, 190899423, 2939850914, 48106651593, 833848627248, 15265844099324, 294412707629208, 5966764207952724, 126793739418994416, 2819296088257641741, 65470320271760790078]
A001262	sppQ[n_?EvenQ, _] := False; sppQ[n_?PrimeQ, _] := False; sppQ[n_, b_] := (s = IntegerExponent[n-1, 2]; d = (n-1)/2^s; If[PowerMod[b, d, n] == 1, Return[True], Do[If[PowerMod[b, d, n] == n-1, Return[True]]; d = 2*d, {s}]]); lst = {}; k = 3; While[k < 500000, If[sppQ[k, 2], Print[k]; AppendTo[lst, k]]; k += 2]; lst (* _Jean-François Alcover_, Oct 20 2011, after _R. J. Mathar_ *)	[2047, 3277, 4033, 4681, 8321, 15841, 29341, 42799, 49141, 52633, 65281, 74665, 80581, 85489, 88357, 90751, 104653, 130561, 196093, 220729, 233017, 252601, 253241, 256999, 271951, 280601, 314821, 357761, 390937, 458989, 476971, 486737]
A001266	S[n_] := S[n] = If[n<4, {1, 1, 2*t, 4*t + 2*t^2}[[n+1]], Expand[(n+1-t)*S[n-1] - (1-t)*(n-2+3*t)*S[n-2] - (1-t)^2*(n-5+t)*S[n-3] + (1-t)^3*(n-3)*S[n-4]]]; a[n_] := Coefficient[S[n], t, 0]/2; Table[a[n], {n, 2, 25}] (* _Jean-François Alcover_, Mar 24 2014, after _Alois P. Heinz_ *)	[0, 0, 1, 7, 45, 323, 2621, 23811, 239653, 2648395, 31889517, 415641779, 5830753109, 87601592187, 1403439027805, 23883728565283, 430284458893701, 8181419271349931, 163730286973255373, 3440164703027845395, 75718273707281368117, 1742211593431076483419]
A001267	S[n_] := S[n] = If[n<4, {1, 1, 2*t, 4*t+2*t^2}[[n+1]], Expand[(n+1-t)*S[n-1] - (1-t)*(n-2+3*t)*S[n-2] - (1-t)^2*(n-5+t)*S[n-3] + (1-t)^3*(n-3)*S[n-4]]]; a[n_] := Coefficient[S[n], t, 3]/2; Table[a[n], {n, 0, 25}] (* _Jean-François Alcover_, Mar 11 2014, after _Alois P. Heinz_ *)	[0, 0, 0, 0, 1, 8, 60, 444, 3599, 32484, 325322, 3582600, 43029621, 559774736, 7841128936, 117668021988, 1883347579515, 32026067455084, 576605574327174, 10957672400252944, 219190037987444577, 4603645435776504120, 101292568208941883236, 2329975164242735146316]
A001268	S[n_] := S[n] = If[n<4, {1, 1, 2*t, 4*t + 2*t^2}[[n+1]], Expand[(n+1-t)*S[n-1] - (1-t)*(n-2+3*t)*S[n-2] - (1-t)^2*(n-5+t)*S[n-3] + (1-t)^3*(n-3)*S[n-4]]]; a[n_] := Ceiling[Coefficient[S[n], t, 4]/2]; Table [a[n], {n, 0, 25}] (* _Jean-François Alcover_, Mar 24 2014, after _Alois P. Heinz_ *)	[0, 0, 0, 0, 0, 1, 11, 113, 1099, 11060, 118484, 1366134, 16970322, 226574211, 3240161105, 49453685911, 802790789101, 13815657556958, 251309386257874, 4818622686395380, 97145520138758844, 2054507019515346789, 45484006970415223287, 1052036480881734378541]
A001272	(* This program is not convenient for more than 15 terms *) Reap[For[n = 1, n <= 1000, n++, If[PrimeQ[Sum[(-1)^(n - k) * k!, {k, n}]], Print[n]; Sow[n]]]][[2, 1]] (* _Jean-François Alcover_, Sep 05 2013 *)	[3, 4, 5, 6, 7, 8, 10, 15, 19, 41, 59, 61, 105, 160, 661, 2653, 3069, 3943, 4053, 4998, 8275, 9158, 11164, 43592, 59961]
A001274	Reap[For[n = 1; k = 2; f1 = 1, k <= 10^9, k++, f2 = EulerPhi[k]; If[f1 == f2, Print["a(", n, ") = ", k - 1]; Sow[k - 1]; n++]; f1 = f2]][[2, 1]] (* _Jean-François Alcover_, Mar 29 2011, revised Dec 26 2013 *)	[1, 3, 15, 104, 164, 194, 255, 495, 584, 975, 2204, 2625, 2834, 3255, 3705, 5186, 5187, 10604, 11715, 13365, 18315, 22935, 25545, 32864, 38804, 39524, 46215, 48704, 49215, 49335, 56864, 57584, 57645, 64004, 65535, 73124, 105524, 107864, 123824, 131144, 164175, 184635]
A001274	k = 8; lst = {1, 3}; While[k < 200000, If[ !PrimeQ[k +1], ep = EulerPhi[k +1]; If[ EulerPhi[k] == ep, AppendTo[lst, k]]; If[ep == EulerPhi[k +2], AppendTo[lst, k +1]]]; k += 6]; lst (* _Robert G. Wilson v_, Apr 10 2019 *)	[1, 3, 15, 104, 164, 194, 255, 495, 584, 975, 2204, 2625, 2834, 3255, 3705, 5186, 5187, 10604, 11715, 13365, 18315, 22935, 25545, 32864, 38804, 39524, 46215, 48704, 49215, 49335, 56864, 57584, 57645, 64004, 65535, 73124, 105524, 107864, 123824, 131144, 164175, 184635]
A001275	a[n_] := Module[{p = If[n == 1, 1, Prime[n - 1]], r = 1}, While[r <= 2, p = NextPrime[p]; r *= p/(p - 1)]; p]; Array[a, 50]  (* _Amiram Eldar_, Jul 12 2019 *)	[3, 7, 23, 61, 127, 199, 337, 479, 677, 937, 1193, 1511, 1871, 2267, 2707, 3251, 3769, 4349, 5009, 5711, 6451, 7321, 8231, 9173, 10151, 11197, 12343, 13487, 14779, 16097, 17599, 19087, 20563, 22109, 23761, 25469, 27259, 29123, 31081, 33029]
A001285	a[n_] := Mod[Sum[Mod[Binomial[n, k], 2], {k, 0, n}], 3]; Table[a[n], {n, 0, 101}] (* _Jean-François Alcover_, Jul 02 2019 *)	[1, 2, 2, 1, 2, 1, 1, 2, 2, 1, 1, 2, 1, 2, 2, 1, 2, 1, 1, 2, 1, 2, 2, 1, 1, 2, 2, 1, 2, 1, 1, 2, 2, 1, 1, 2, 1, 2, 2, 1, 1, 2, 2, 1, 2, 1, 1, 2, 1, 2, 2, 1, 2, 1, 1, 2, 2, 1, 1, 2, 1, 2, 2, 1, 2, 1, 1, 2, 1, 2, 2, 1, 1, 2, 2, 1, 2, 1, 1, 2, 1, 2, 2, 1, 2, 1, 1, 2, 2, 1, 1, 2, 1, 2, 2, 1, 1, 2, 2, 1, 2, 1]
A001296	CoefficientList[Series[x (1 + 2 x)/(1 - x)^5, {x, 0, 40}], x] (* _Vincenzo Librandi_, Jul 30 2014 *)	[0, 1, 7, 25, 65, 140, 266, 462, 750, 1155, 1705, 2431, 3367, 4550, 6020, 7820, 9996, 12597, 15675, 19285, 23485, 28336, 33902, 40250, 47450, 55575, 64701, 74907, 86275, 98890, 112840, 128216, 145112, 163625, 183855, 205905, 229881, 255892, 284050, 314470]
A001296	Table[ListCorrelate[Accumulate[Range[n]],Range[n]],{n,0,40}]//Flatten (* or *) LinearRecurrence[{5,-10,10,-5,1},{0,1,7,25,65},40] (* _Harvey P. Dale_, Aug 14 2017 *)	[0, 1, 7, 25, 65, 140, 266, 462, 750, 1155, 1705, 2431, 3367, 4550, 6020, 7820, 9996, 12597, 15675, 19285, 23485, 28336, 33902, 40250, 47450, 55575, 64701, 74907, 86275, 98890, 112840, 128216, 145112, 163625, 183855, 205905, 229881, 255892, 284050, 314470]
A001299	CoefficientList[ Series[ 1 / ((1 - x)(1 - x^5)(1 - x^10)(1 - x^25)), {x, 0, 65} ], x ]	[1, 1, 1, 1, 1, 2, 2, 2, 2, 2, 4, 4, 4, 4, 4, 6, 6, 6, 6, 6, 9, 9, 9, 9, 9, 13, 13, 13, 13, 13, 18, 18, 18, 18, 18, 24, 24, 24, 24, 24, 31, 31, 31, 31, 31, 39, 39, 39, 39, 39, 49, 49, 49, 49, 49, 60, 60, 60, 60, 60, 73, 73, 73, 73, 73, 87, 87, 87, 87, 87, 103, 103, 103, 103, 103]
A001300	CoefficientList[ Series[ 1 / ((1 - x)(1 - x^5)(1 - x^10)(1 - x^25)(1 - x^50)), {x, 0, 65} ], x ]	[1, 1, 1, 1, 1, 2, 2, 2, 2, 2, 4, 4, 4, 4, 4, 6, 6, 6, 6, 6, 9, 9, 9, 9, 9, 13, 13, 13, 13, 13, 18, 18, 18, 18, 18, 24, 24, 24, 24, 24, 31, 31, 31, 31, 31, 39, 39, 39, 39, 39, 50, 50, 50, 50, 50, 62, 62, 62, 62, 62, 77, 77, 77]
A001301	CoefficientList[ Series[ 1 / ((1 - x)(1 - x^2)(1 - x^5)(1 - x^10)(1 - x^25)), {x, 0, 55} ], x ]	[1, 1, 2, 2, 3, 4, 5, 6, 7, 8, 11, 12, 15, 16, 19, 22, 25, 28, 31, 34, 40, 43, 49, 52, 58, 65, 71, 78, 84, 91, 102, 109, 120, 127, 138, 151, 162, 175, 186, 199, 217, 230, 248, 261, 279, 300, 318, 339, 357, 378, 406, 427, 455, 476, 504, 536, 564, 596, 624, 656]
A001302	CoefficientList[ Series[ 1 / ((1 - x)(1 - x^2)(1 - x^5)(1 - x^10)(1 - x^25)(1 - x^50)), {x, 0, 55} ], x ]	[1, 1, 2, 2, 3, 4, 5, 6, 7, 8, 11, 12, 15, 16, 19, 22, 25, 28, 31, 34, 40, 43, 49, 52, 58, 65, 71, 78, 84, 91, 102, 109, 120, 127, 138, 151, 162, 175, 186, 199, 217, 230, 248, 261, 279, 300, 318, 339, 357, 378, 407, 428, 457, 478, 507, 540, 569, 602, 631, 664]
A001304	CoefficientList[Series[1/((1-x)^2*(1-x^2)*(1-x^5)),{x,0,50}],x] (* _Vincenzo Librandi_, Feb 24 2012 *)	[1, 2, 4, 6, 9, 13, 18, 24, 31, 39, 49, 60, 73, 87, 103, 121, 141, 163, 187, 213, 242, 273, 307, 343, 382, 424, 469, 517, 568, 622, 680, 741, 806, 874, 946, 1022, 1102, 1186, 1274, 1366, 1463, 1564, 1670, 1780, 1895, 2015, 2140, 2270, 2405, 2545, 2691, 2842]
A001305	CoefficientList[Series[1/((1-x)^2*(1-x^2)*(1-x^5)*(1-x^10)*(1-x^20)),{x,0,50}],x] (* _Vincenzo Librandi_, Feb 24 2012 *)	[1, 2, 4, 6, 9, 13, 18, 24, 31, 39, 50, 62, 77, 93, 112, 134, 159, 187, 218, 252, 293, 337, 388, 442, 503, 571, 646, 728, 817, 913, 1022, 1138, 1267, 1403, 1552, 1714, 1889, 2077, 2278, 2492, 2728, 2977, 3248, 3532, 3838, 4166, 4516, 4888, 5282, 5698, 6148]
A001307	CoefficientList[Series[1/(1-x)^2/(1-x^2)/(1-x^4)/(1-x^10)/(1-x^20),{x,0,50}],x] (* _Vincenzo Librandi_, Feb 24 2012 *)	[1, 2, 4, 6, 10, 14, 20, 26, 35, 44, 57, 70, 88, 106, 130, 154, 185, 216, 255, 294, 344, 394, 456, 518, 595, 672, 765, 858, 970, 1082, 1216, 1350, 1509, 1668, 1855, 2042, 2260, 2478, 2730, 2982, 3274, 3566, 3901, 4236, 4620, 5004, 5440, 5876, 6370, 6864]
A001313	CoefficientList[Series[1/((1 - x) (1 - x^2) (1 - x^5) (1 - x^10) (1 - x^20) (1 - x^50)), {x, 0, 50}], x]	[1, 1, 2, 2, 3, 4, 5, 6, 7, 8, 11, 12, 15, 16, 19, 22, 25, 28, 31, 34, 41, 44, 51, 54, 61, 68, 75, 82, 89, 96, 109, 116, 129, 136, 149, 162, 175, 188, 201, 214, 236, 249, 271, 284, 306, 328, 350, 372, 394, 416, 451, 473, 508, 530, 565, 600, 635, 670, 705, 740]
A001314	CoefficientList[Series[1/((1 - x^2) (1 - x^5)^2 (1 - x^10) (1 - x^20) (1 - x^50)), {x, 0, 50}], x]	[1, 0, 1, 0, 1, 2, 1, 2, 1, 2, 5, 2, 5, 2, 5, 8, 5, 8, 5, 8, 15, 8, 15, 8, 15, 22, 15, 22, 15, 22, 35, 22, 35, 22, 35, 48, 35, 48, 35, 48, 70, 48, 70, 48, 70, 92, 70, 92, 70, 92, 127, 92, 127, 92, 127, 162, 127, 162, 127, 162, 215, 162, 215, 162, 215, 268]
A001316	Table[ Sum[ Mod[ Binomial[n, k], 2], {k, 0, n} ], {n, 0, 100} ]	[1, 2, 2, 4, 2, 4, 4, 8, 2, 4, 4, 8, 4, 8, 8, 16, 2, 4, 4, 8, 4, 8, 8, 16, 4, 8, 8, 16, 8, 16, 16, 32, 2, 4, 4, 8, 4, 8, 8, 16, 4, 8, 8, 16, 8, 16, 16, 32, 4, 8, 8, 16, 8, 16, 16, 32, 8, 16, 16, 32, 16, 32, 32, 64, 2, 4, 4, 8, 4, 8, 8, 16, 4, 8, 8, 16, 8, 16, 16, 32, 4, 8, 8, 16, 8, 16, 16, 32]
A001318	Select[Accumulate[Range[0,200]]/3,IntegerQ] (* _Harvey P. Dale_, Oct 12 2014 *)	[0, 1, 2, 5, 7, 12, 15, 22, 26, 35, 40, 51, 57, 70, 77, 92, 100, 117, 126, 145, 155, 176, 187, 210, 222, 247, 260, 287, 301, 330, 345, 376, 392, 425, 442, 477, 495, 532, 551, 590, 610, 651, 672, 715, 737, 782, 805, 852, 876, 925, 950, 1001, 1027, 1080, 1107, 1162, 1190, 1247, 1276, 1335]
A001318	CoefficientList[Series[x (1 + x + x^2) / ((1 + x)^2 (1 - x)^3), {x, 0, 70}], x] (* _Vincenzo Librandi_, Nov 04 2014 *)	[0, 1, 2, 5, 7, 12, 15, 22, 26, 35, 40, 51, 57, 70, 77, 92, 100, 117, 126, 145, 155, 176, 187, 210, 222, 247, 260, 287, 301, 330, 345, 376, 392, 425, 442, 477, 495, 532, 551, 590, 610, 651, 672, 715, 737, 782, 805, 852, 876, 925, 950, 1001, 1027, 1080, 1107, 1162, 1190, 1247, 1276, 1335]
A001319	CoefficientList[Series[1/((1 - x^2) (1 - x^5) (1 - x^10) (1 - x^20) (1 - x^50)), {x, 0, 50}], x]	[1, 0, 1, 0, 1, 1, 1, 1, 1, 1, 3, 1, 3, 1, 3, 3, 3, 3, 3, 3, 7, 3, 7, 3, 7, 7, 7, 7, 7, 7, 13, 7, 13, 7, 13, 13, 13, 13, 13, 13, 22, 13, 22, 13, 22, 22, 22, 22, 22, 22, 35, 22, 35, 22, 35, 35, 35, 35, 35, 35, 53, 35, 53, 35, 53, 53, 53, 53, 53, 53, 77, 53, 77]
A001333	Table[((1 - Sqrt[2])^n + (1 + Sqrt[2])^n)/2, {n, 0, 29}] // Simplify (* _Robert G. Wilson v_, May 02 2006 *)	[1, 1, 3, 7, 17, 41, 99, 239, 577, 1393, 3363, 8119, 19601, 47321, 114243, 275807, 665857, 1607521, 3880899, 9369319, 22619537, 54608393, 131836323, 318281039, 768398401, 1855077841, 4478554083, 10812186007, 26102926097, 63018038201, 152139002499, 367296043199]
A001333	CoefficientList[Series[(-1 + x)/(-1 + 2 x + x^2), {x, 0, 20}], x] (* _Eric W. Weisstein_, Sep 21 2017 *)	[1, 1, 3, 7, 17, 41, 99, 239, 577, 1393, 3363, 8119, 19601, 47321, 114243, 275807, 665857, 1607521, 3880899, 9369319, 22619537, 54608393, 131836323, 318281039, 768398401, 1855077841, 4478554083, 10812186007, 26102926097, 63018038201, 152139002499, 367296043199]
A001339	a[ n_] := If[ n < 0, 0, n! SeriesCoefficient[ Exp[x] / (1 - x)^2, {x, 0, n}]] (* _Michael Somos_, Oct 20 2011 *)	[1, 3, 11, 49, 261, 1631, 11743, 95901, 876809, 8877691, 98641011, 1193556233, 15624736141, 220048367319, 3317652307271, 53319412081141, 909984632851473, 16436597430879731, 313262209859119579, 6282647653285676001, 132266266384961600021, 2916471173788403280463]
A001341	nn = 20; Range[0, nn]! CoefficientList[Series[6*Exp[x]/(1 - x)^4, {x, 0, nn}], x] (* _T. D. Noe_, Jun 28 2012 *)	[6, 30, 174, 1158, 8742, 74046, 696750, 7219974, 81762438, 1005151902, 13336264686, 189992451270, 2893180308774, 46904155833918, 806663460996462, 14669947577257926, 281298999630211590, 5672559830998316574, 120014233288249367598, 2658221288671765756422]
A001342	nn = 20; Range[0, nn]! CoefficientList[Series[24*Exp[x]/(1 - x)^5, {x, 0, nn}], x] (* _T. D. Noe_, Jun 28 2012 *)	[24, 144, 984, 7584, 65304, 622704, 6523224, 74542464, 923389464, 12331112784, 176656186584, 2703187857504, 44010975525144, 759759305162544, 13863284116261464, 266629052052953664, 5391260831368104984, 114341673457251051024, 2538207055383516388824]
A001343	nn = 100; CoefficientList[Series[1/((1 - x^5) (1 - x^10) (1 - x^20) (1 - x^50) (1 - x^100)), {x, 0, nn}], x] (* _T. D. Noe_, Jun 28 2012 *)	[1, 0, 0, 0, 0, 1, 0, 0, 0, 0, 2, 0, 0, 0, 0, 2, 0, 0, 0, 0, 4, 0, 0, 0, 0, 4, 0, 0, 0, 0, 6, 0, 0, 0, 0, 6, 0, 0, 0, 0, 9, 0, 0, 0, 0, 9, 0, 0, 0, 0, 13, 0, 0, 0, 0, 13, 0, 0, 0, 0, 18, 0, 0, 0, 0, 18, 0, 0, 0, 0, 24, 0, 0, 0, 0, 24, 0, 0, 0, 0, 31, 0, 0, 0, 0]
A001350	Clear[f, n]; f[n_] = -(1 - ((1 + Sqrt[5])/2)^n - (-(1 + Sqrt[5])/2)^(-n) + (-1)^n); Table[FullSimplify[ExpandAll[f[n]]], {n, 0, 30}] (* _Roger L. Bagula_ and _Gary W. Adamson_, Nov 26 2008 *)	[0, 1, 1, 4, 5, 11, 16, 29, 45, 76, 121, 199, 320, 521, 841, 1364, 2205, 3571, 5776, 9349, 15125, 24476, 39601, 64079, 103680, 167761, 271441, 439204, 710645, 1149851, 1860496, 3010349, 4870845, 7881196, 12752041, 20633239, 33385280, 54018521, 87403801, 141422324]
A001350	a[ n_] := SeriesCoefficient[ x D[ Log[ 1 + x / (1 - x - x^2)], x], {x, 0, n}]; (* _Michael Somos_, May 18 2015 *)	[0, 1, 1, 4, 5, 11, 16, 29, 45, 76, 121, 199, 320, 521, 841, 1364, 2205, 3571, 5776, 9349, 15125, 24476, 39601, 64079, 103680, 167761, 271441, 439204, 710645, 1149851, 1860496, 3010349, 4870845, 7881196, 12752041, 20633239, 33385280, 54018521, 87403801, 141422324]
A001353	Table[-((I Sin[n ArcCos[2]])/Sqrt[3]), {n, 0, 30}] // FunctionExpand (* _Eric W. Weisstein_, Jul 16 2011 *)	[0, 1, 4, 15, 56, 209, 780, 2911, 10864, 40545, 151316, 564719, 2107560, 7865521, 29354524, 109552575, 408855776, 1525870529, 5694626340, 21252634831, 79315912984, 296011017105, 1104728155436, 4122901604639, 15386878263120, 57424611447841, 214311567528244]
A001353	Table[Sinh[n ArcCosh[2]]/Sqrt[3], {n, 0, 30}] // FunctionExpand (* _Eric W. Weisstein_, Jul 16 2011 *)	[0, 1, 4, 15, 56, 209, 780, 2911, 10864, 40545, 151316, 564719, 2107560, 7865521, 29354524, 109552575, 408855776, 1525870529, 5694626340, 21252634831, 79315912984, 296011017105, 1104728155436, 4122901604639, 15386878263120, 57424611447841, 214311567528244]
A001354	CoefficientList[Series[(1+4*x+x^2)/(1-3*x+x^2),{x,0,30}],x] (* _Vincenzo Librandi_, Apr 15 2012 *)	[1, 7, 21, 56, 147, 385, 1008, 2639, 6909, 18088, 47355, 123977, 324576, 849751, 2224677, 5824280, 15248163, 39920209, 104512464, 273617183, 716339085, 1875400072, 4909861131, 12854183321]
A001356	(* first do *) Needs["Calendar`"]; (* then *) Table[Calendar`DaysPlus[{1, 1, 1}, 14 n][[3]], {n, 0, 77}] (* _Robert G. Wilson v_, Apr 18 2010 *)	[1, 15, 29, 12, 26, 12, 26, 9, 23, 7, 21, 4, 18, 2, 16, 30, 13, 27, 10, 24, 8, 22, 5, 19, 3, 17, 31, 14, 28, 11, 25, 11, 25, 8, 22, 6, 20, 3, 17, 1, 15, 29, 12, 26, 9, 23, 7, 21, 4, 18, 2, 16, 30, 13, 27, 10, 24, 10, 24, 7, 21, 5, 19, 2, 16, 30, 14, 28, 11, 25, 8, 22, 6, 20, 3, 17, 1, 15]
A001356	Table[DateValue[DayPlus[{1,1,1},14 n,CalendarType->"Julian"],"Day"],{n,0,77}] (* recent Mathematica version, Giovanni Resta, Mar 22 2017; amended, _Ray Chandler_, Aug 07 2023 *)	[1, 15, 29, 12, 26, 12, 26, 9, 23, 7, 21, 4, 18, 2, 16, 30, 13, 27, 10, 24, 8, 22, 5, 19, 3, 17, 31, 14, 28, 11, 25, 11, 25, 8, 22, 6, 20, 3, 17, 1, 15, 29, 12, 26, 9, 23, 7, 21, 4, 18, 2, 16, 30, 13, 27, 10, 24, 10, 24, 7, 21, 5, 19, 2, 16, 30, 14, 28, 11, 25, 8, 22, 6, 20, 3, 17, 1, 15]
A001362	nn = 1000; CoefficientList[Series[1/((1 - x^1) (1 - x^2) (1 - x^4) (1 - x^10)), {x, 0, nn}], x] (* _T. D. Noe_, Jun 28 2012 *)	[1, 1, 2, 2, 4, 4, 6, 6, 9, 9, 13, 13, 18, 18, 24, 24, 31, 31, 39, 39, 49, 49, 60, 60, 73, 73, 87, 87, 103, 103, 121, 121, 141, 141, 163, 163, 187, 187, 213, 213, 242, 242, 273, 273, 307, 307, 343, 343, 382, 382, 424, 424, 469, 469, 517, 517, 568, 568, 622, 622]
A001364	nn = 60; CoefficientList[Series[1/((1 - x^1) (1 - x^2) (1 - x^4) (1 - x^12) (1 - x^24) (1 - x^48) (1 - x^96) (1 - x^120)), {x, 0, nn}], x]	[1, 1, 2, 2, 4, 4, 6, 6, 9, 9, 12, 12, 17, 17, 22, 22, 29, 29, 36, 36, 45, 45, 54, 54, 67, 67, 80, 80, 97, 97, 114, 114, 135, 135, 156, 156, 183, 183, 210, 210, 243, 243, 276, 276, 315, 315, 354, 354, 403, 403, 452, 452, 511, 511, 570, 570, 639, 639, 708, 708]
A001365	CoefficientList[Series[1/(1-x)^2/(1-x^2)/(1-x^6)/(1-x^12)/(1-x^24)/(1-x^48)/(1-x^60),{x,0,1003}],x] (* _Vincenzo Librandi_, Feb 24 2012 *)	[1, 2, 4, 6, 9, 12, 17, 22, 29, 36, 45, 54, 67, 80, 97, 114, 135, 156, 183, 210, 243, 276, 315, 354, 403, 452, 511, 570, 639, 708, 791, 874, 971, 1068, 1179, 1290, 1421, 1552, 1703, 1854, 2025, 2196, 2393, 2590]
A001371	mx=40;gf[x_,k_]:=Sum[ MoebiusMu[n]*(-Log[1-k*x^n]/n+Sum[Binomial[k,i]x^(n i),{i,0,2}]/( 1-k x^(2n)))/2,{n,mx}]; ReplacePart[CoefficientList[Series[gf[x,2],{x,0,mx}],x],1->1] (* _Herbert Kociemba_, Nov 28 2016 *)	[1, 2, 1, 2, 3, 6, 8, 16, 24, 42, 69, 124, 208, 378, 668, 1214, 2220, 4110, 7630, 14308, 26931, 50944, 96782, 184408, 352450, 675180, 1296477, 2493680, 4805388, 9272778, 17919558, 34669600, 67156800, 130215996, 252741255, 490984464, 954629662, 1857545298]
A001373	nn=30;s[n_,k_]:=s[n,k]=a[n+1-k]+If[n<2 k,0,s[n-k,k]];a[1]=1;a[n_]:=a[n]=Sum[a[i] s[n-1,i] i,{i,1,n-1}]/(n-1);rt=Table[a[i],{i,1,nn}];c=Drop[Apply[Plus,Table[Take[CoefficientList[CycleIndex[CyclicGroup[n],s]/.Table[s[j]->Table[Sum[rt[[i]] x^(k*i),{i,1,nn}],{k,1,nn}][[j]],{j,1,nn}],x],nn],{n,2,30}]],1];CoefficientList[Series[Product[1/(1-x^i)^c[[i]],{i,1,nn-1}],{x,0,nn}],x]  (* after code given by _Robert A. Russell_ in A000081 *) (* _Geoffrey Critzer_, Oct 12 2012 *)	[1, 0, 1, 2, 6, 13, 40, 100, 291, 797, 2273, 6389, 18264, 51916, 148666, 425529, 1221900, 3511507, 10111043, 29142941, 84112009, 243000149, 702758065, 2034150215, 5892907566, 17084615940, 49567063847, 143902155133, 418032946298, 1215076634226, 3533715961160, 10282042126394, 29931877173282, 87173224346464, 253989569994664]
A001385	Prepend[Nest[CoefficientList[Series[Product[1/(1-x^i)^#[[i]],{i,1,Length[#]}],{x,0,40}],x]&,{1},5],1] (* _Geoffrey Critzer_, Aug 01 2013 *)	[1, 1, 1, 2, 4, 9, 20, 47, 108, 252, 582, 1345, 3086, 7072, 16121, 36667, 83099, 187885, 423610, 953033, 2139158, 4792126, 10714105, 23911794, 53273599, 118497834, 263164833, 583582570, 1292276355, 2857691087, 6311058671, 13919982308, 30664998056, 67473574130]
A001386	CoefficientList[Series[(1+x)^2*(1+6*x+x^2)/(1-x)^4,{x,0,30}],x] (* _Vincenzo Librandi_, Apr 15 2012 *)	[1, 12, 56, 164, 368, 700, 1192, 1876, 2784, 3948, 5400, 7172, 9296, 11804, 14728, 18100, 21952, 26316, 31224, 36708, 42800, 49532, 56936, 65044, 73888, 83500, 93912, 105156, 117264, 130268, 144200, 159092, 174976, 191884, 209848, 228900, 249072, 270396, 292904]
A001387	Nest[Append[#, FromDigits@ Flatten@ Map[Reverse /@ IntegerDigits[Tally@ #, 2] &, Split@ IntegerDigits@ Last@ #]] &, {1}, 9] (* _Michael De Vlieger_, Dec 12 2017 *)	[1, 11, 101, 111011, 11110101, 100110111011, 111001011011110101, 111100111010110100110111011, 100110011110111010110111001011011110101, 1110010110010011011110111010110111100111010110100110111011]
A001390	f /@ Prime[Range[100]] (* _Jean-François Alcover_, Jul 17 2020, after Maple *)	[1, 1, 4, 2, 3, 4, 2, 4, 2, 4, 7, 3, 2, 9, 2, 4, 3, 4, 4, 2, 6, 2, 3, 5, 2, 4, 2, 3, 12, 9, 9, 3, 2, 4, 4, 5, 3, 4, 2, 4, 3, 4, 2, 2, 4, 2, 4, 9, 3, 5, 7, 2, 3, 3, 9, 2, 4, 2, 7, 5, 6, 4, 7, 2, 2, 4, 5, 3, 3, 3, 9, 2, 2, 3, 4, 2, 4, 3, 2, 2, 3, 4, 5, 6, 5, 3, 2, 3, 4, 2, 3, 2, 2, 4, 5, 2, 4, 2, 4, 4, 4, 4, 3, 2, 5, 17]
A001399	CoefficientList[ Series[ 1/((1 - x)*(1 - x^2)*(1 - x^3)), {x, 0, 65} ], x ]	[1, 1, 2, 3, 4, 5, 7, 8, 10, 12, 14, 16, 19, 21, 24, 27, 30, 33, 37, 40, 44, 48, 52, 56, 61, 65, 70, 75, 80, 85, 91, 96, 102, 108, 114, 120, 127, 133, 140, 147, 154, 161, 169, 176, 184, 192, 200, 208, 217, 225, 234, 243, 252, 261, 271, 280, 290, 300, 310, 320, 331, 341]
A001399	k=3 (* Number of red beads in bracelet problem *);CoefficientList[Series[(1/k Plus@@(EulerPhi[#] (1-x^#)^(-(k/#))&/@Divisors[k])+(1+x)/(1-x^2)^Floor[(k+2)/2])/2,{x,0,50}],x] (* _Herbert Kociemba_, Nov 04 2016 *)	[1, 1, 2, 3, 4, 5, 7, 8, 10, 12, 14, 16, 19, 21, 24, 27, 30, 33, 37, 40, 44, 48, 52, 56, 61, 65, 70, 75, 80, 85, 91, 96, 102, 108, 114, 120, 127, 133, 140, 147, 154, 161, 169, 176, 184, 192, 200, 208, 217, 225, 234, 243, 252, 261, 271, 280, 290, 300, 310, 320, 331, 341]
A001400	CoefficientList[ Series[ 1/((1 - x)*(1 - x^2)*(1 - x^3)*(1 - x^4)), {x, 0, 65} ], x ]	[1, 1, 2, 3, 5, 6, 9, 11, 15, 18, 23, 27, 34, 39, 47, 54, 64, 72, 84, 94, 108, 120, 136, 150, 169, 185, 206, 225, 249, 270, 297, 321, 351, 378, 411, 441, 478, 511, 551, 588, 632, 672, 720, 764, 816, 864, 920, 972, 1033, 1089, 1154, 1215, 1285, 1350, 1425, 1495]
A001400	a[n_] := Sum[Floor[(n - j - 3*k + 2)/2], {j, 0, Floor[n/4]}, {k, j, Floor[(n - j)/3]}]; Table[a[n], {n, 0, 55}] (* _L. Edson Jeffery_, Jul 31 2014 *)	[1, 1, 2, 3, 5, 6, 9, 11, 15, 18, 23, 27, 34, 39, 47, 54, 64, 72, 84, 94, 108, 120, 136, 150, 169, 185, 206, 225, 249, 270, 297, 321, 351, 378, 411, 441, 478, 511, 551, 588, 632, 672, 720, 764, 816, 864, 920, 972, 1033, 1089, 1154, 1215, 1285, 1350, 1425, 1495]
A001400	a[ n_] := With[{m = Abs[n + 5] - 5}, Sign[n + 5] SeriesCoefficient[ 1 / ((1 - x) (1 - x^2) (1 - x^3) (1 - x^4)), {x, 0, m}]]; (* _Michael Somos_, Dec 29 2014 *)	[1, 1, 2, 3, 5, 6, 9, 11, 15, 18, 23, 27, 34, 39, 47, 54, 64, 72, 84, 94, 108, 120, 136, 150, 169, 185, 206, 225, 249, 270, 297, 321, 351, 378, 411, 441, 478, 511, 551, 588, 632, 672, 720, 764, 816, 864, 920, 972, 1033, 1089, 1154, 1215, 1285, 1350, 1425, 1495]
A001401	CoefficientList[ Series[ 1/((1 - x)*(1 - x^2)*(1 - x^3)*(1 - x^4)*(1 - x^5)), {x, 0, 60} ], x ]	[1, 1, 2, 3, 5, 7, 10, 13, 18, 23, 30, 37, 47, 57, 70, 84, 101, 119, 141, 164, 192, 221, 255, 291, 333, 377, 427, 480, 540, 603, 674, 748, 831, 918, 1014, 1115, 1226, 1342, 1469, 1602, 1747, 1898, 2062, 2233, 2418, 2611, 2818, 3034, 3266, 3507, 3765, 4033, 4319]
A001401	a[n_] := IntegerPartitions[n, 5] // Length; Table[a[n], {n, 0, 52}] (* _Jean-François Alcover_, Jul 13 2012 *)	[1, 1, 2, 3, 5, 7, 10, 13, 18, 23, 30, 37, 47, 57, 70, 84, 101, 119, 141, 164, 192, 221, 255, 291, 333, 377, 427, 480, 540, 603, 674, 748, 831, 918, 1014, 1115, 1226, 1342, 1469, 1602, 1747, 1898, 2062, 2233, 2418, 2611, 2818, 3034, 3266, 3507, 3765, 4033, 4319]
A001402	CoefficientList[ Series[ 1/((1 - x)*(1 - x^2)*(1 - x^3)*(1 - x^4)*(1 - x^5)*(1 - x^6)), {x, 0, 60} ], x ]	[1, 1, 2, 3, 5, 7, 11, 14, 20, 26, 35, 44, 58, 71, 90, 110, 136, 163, 199, 235, 282, 331, 391, 454, 532, 612, 709, 811, 931, 1057, 1206, 1360, 1540, 1729, 1945, 2172, 2432, 2702, 3009, 3331, 3692, 4070, 4494, 4935, 5427, 5942, 6510, 7104, 7760, 8442, 9192]
A001402	T[n_, k_] := T[n, k] = If[n==0 || k==1, 1, T[n, k-1] + If[k>n, 0, T[n-k, k]]]; a[n_] := T[n, 6]; Table[a[n], {n, 0, 50}] (* _Jean-François Alcover_, Apr 12 2017, after _Alois P. Heinz_'s code for A026820 *)	[1, 1, 2, 3, 5, 7, 11, 14, 20, 26, 35, 44, 58, 71, 90, 110, 136, 163, 199, 235, 282, 331, 391, 454, 532, 612, 709, 811, 931, 1057, 1206, 1360, 1540, 1729, 1945, 2172, 2432, 2702, 3009, 3331, 3692, 4070, 4494, 4935, 5427, 5942, 6510, 7104, 7760, 8442, 9192]
A001405	Table[DifferenceRoot[Function[{a,n},{-4 n a[n]-2 a[1+n]+(2+n) a[2+n] == 0,a[1] == 1,a[2] == 1}]][n], {n, 30}] (* _Luciano Ancora_, Jul 08 2015 *)	[1, 1, 2, 3, 6, 10, 20, 35, 70, 126, 252, 462, 924, 1716, 3432, 6435, 12870, 24310, 48620, 92378, 184756, 352716, 705432, 1352078, 2704156, 5200300, 10400600, 20058300, 40116600, 77558760, 155117520, 300540195, 601080390, 1166803110]
A001411	mo=Tuples[{-1,1}, 2]; a[0]=1; a[tg_, p_:{{0,0}}] := Block[{e, mv = Complement[Last[p]+# & /@ mo, p]}, If[tg == 1, Length@mv, Sum[a[tg-1, Append[p, e]], {e, mv}]]]; a /@ Range[0, 10] (* _Giovanni Resta_, May 06 2016 *)	[1, 4, 12, 36, 100, 284, 780, 2172, 5916, 16268, 44100, 120292, 324932, 881500, 2374444, 6416596, 17245332, 46466676, 124658732, 335116620, 897697164, 2408806028, 6444560484, 17266613812, 46146397316, 123481354908, 329712786220, 881317491628]
A001429	nn=30;s[n_,k_]:=s[n,k]=a[n+1-k]+If[n<2k,0,s[n-k,k]];a[1]=1;a[n_]:=a[n]=Sum[a[i]s[n-1,i]i,{i,1,n-1}]/(n-1);rt=Table[a[i],{i,1,nn}];Apply[Plus,Table[Take[CoefficientList[CycleIndex[DihedralGroup[n],s]/.Table[s[j]->Table[Sum[rt[[i]]x^(k*i),{i,1,nn}],{k,1,nn}][[j]],{j,1,nn}],x],nn],{n,3,nn}]]  (* _Geoffrey Critzer_, Oct 12 2012, after code given by _Robert A. Russell_ in A000081 *)	[1, 2, 5, 13, 33, 89, 240, 657, 1806, 5026, 13999, 39260, 110381, 311465, 880840, 2497405, 7093751, 20187313, 57537552, 164235501, 469406091, 1343268050, 3848223585, 11035981711, 31679671920, 91021354454, 261741776369, 753265624291, 2169441973139, 6252511838796]
A001433	a[n_] := a[n] = Module[{s = 0}, Do[s += permcount[p]*edges[p, 1 + x^# &], {p, IntegerPartitions[n]}]; s/n!] // Expand // SeriesCoefficient[#, {x, 0, n-1}]&;	[1, 1, 1, 3, 6, 15, 41, 115, 345, 1103, 3664, 12763, 46415, 175652, 691001, 2821116, 11932174, 52211412, 236007973, 1100528508, 5287050500, 26134330813, 132760735671, 692294900849, 3701754158688, 20275893222445, 113657560920970, 651449039159673, 3814790900995022, 22805438484189851]
A001433	Table[Print[n, " ", a[n]]; a[n], {n, 1, 35}] (* _Jean-François Alcover_, Aug 18 2022, after _Andrew Howroyd_ in A008406 *)	[1, 1, 1, 3, 6, 15, 41, 115, 345, 1103, 3664, 12763, 46415, 175652, 691001, 2821116, 11932174, 52211412, 236007973, 1100528508, 5287050500, 26134330813, 132760735671, 692294900849, 3701754158688, 20275893222445, 113657560920970, 651449039159673, 3814790900995022, 22805438484189851]
A001444	CoefficientList[Series[(1-x-3*x^2)/((1-3*x)*(1-3*x^2)),{x,0,30}],x] (* _Vincenzo Librandi_, Apr 15 2012 *)	[1, 2, 6, 15, 45, 126, 378, 1107, 3321, 9882, 29646, 88695, 266085, 797526, 2392578, 7175547, 21526641, 64573362, 193720086, 581140575, 1743421725, 5230206126, 15690618378, 47071677987, 141215033961, 423644570442, 1270933711326, 3812799539655, 11438398618965]
A001450	Table[Hypergeometric2F1[-3n,-2n,1,1],{n,0,60}] (* _John M. Campbell_, Jul 15 2011 *)	[1, 10, 210, 5005, 125970, 3268760, 86493225, 2319959400, 62852101650, 1715884494940, 47129212243960, 1300853625660225, 36052387482172425, 1002596421878664480, 27963143931814663880, 781879430625942976880, 21910242651571684460050, 615167304833936727234180]
A001452	nmax = 40; CoefficientList[Series[(1-x)^4 * (1-x^2)^3 * (1-x^3)^2 * (1-x^4) * Product[1/(1-x^k)^5, {k,1,nmax}], {x,0,nmax}], x] (* _Vaclav Kotesovec_, Oct 28 2015 *)	[1, 1, 3, 6, 13, 24, 47, 83, 152, 263, 457, 768, 1292, 2118, 3462, 5564, 8888, 14016, 21973, 34081, 52552, 80331, 122078, 184161, 276303, 411870, 610818, 900721, 1321848, 1929981, 2805338, 4058812, 5847966, 8390097, 11990531, 17069145, 24210571, 34215537, 48190451, 67644522]
A001462	GolList=Nest[(k = 0;Flatten[# /.m_Integer :> (ConstantArray[++k,m])]) &, {1, 2},7]; AGolList=Accumulate[GolList]; Golomb[n_]:=Which[ n <= Length[GolList], GolList[[n]], n <= Total[GolList],First[FirstPosition[AGolList, _?(# > n &)]], True, $Failed] (* _JungHwan Min_, Nov 29 2015 *)	[1, 2, 2, 3, 3, 4, 4, 4, 5, 5, 5, 6, 6, 6, 6, 7, 7, 7, 7, 8, 8, 8, 8, 9, 9, 9, 9, 9, 10, 10, 10, 10, 10, 11, 11, 11, 11, 11, 12, 12, 12, 12, 12, 12, 13, 13, 13, 13, 13, 13, 14, 14, 14, 14, 14, 14, 15, 15, 15, 15, 15, 15, 16, 16, 16, 16, 16, 16, 16, 17, 17, 17, 17, 17, 17, 17, 18, 18, 18, 18, 18, 18, 18, 19]
A001470	a[n_] := HypergeometricPFQ[{(1-n)/3, (2-n)/3, -n/3}, {}, -9]; Table[a[n], {n, 0, 23}] (* _Jean-François Alcover_, Nov 03 2011 *)	[1, 1, 1, 3, 9, 21, 81, 351, 1233, 5769, 31041, 142011, 776601, 4874013, 27027729, 168369111, 1191911841, 7678566801, 53474964993, 418199988339, 3044269834281, 23364756531621, 199008751634001, 1605461415071823]
A001470	With[{nn=30},CoefficientList[Series[Exp[x+x^3/3],{x,0,nn}],x] Range[ 0,nn]!] (* _Harvey P. Dale_, Aug 12 2016 *)	[1, 1, 1, 3, 9, 21, 81, 351, 1233, 5769, 31041, 142011, 776601, 4874013, 27027729, 168369111, 1191911841, 7678566801, 53474964993, 418199988339, 3044269834281, 23364756531621, 199008751634001, 1605461415071823]
A001471	a[n_] := HypergeometricPFQ[{1/3-n/3, 2/3-n/3, -n/3}, {}, -9] - 1; Table[a[n], {n, 0, 23}] (* _Jean-François Alcover_, Oct 19 2011 *)	[0, 0, 0, 2, 8, 20, 80, 350, 1232, 5768, 31040, 142010, 776600, 4874012, 27027728, 168369110, 1191911840, 7678566800, 53474964992, 418199988338, 3044269834280, 23364756531620, 199008751634000, 1605461415071822]
A001473	Rest@With[{m = 30}, CoefficientList[Series[Exp[x +x^2/2 +x^4/4] - Exp[x +x^2/2], {x, 0, m}], x]*Range[0, m]!] (* _G. C. Greubel_, May 14 2019 *)	[0, 0, 0, 6, 30, 180, 840, 5460, 30996, 209160, 1290960, 9753480, 69618120, 571627056, 4443697440, 40027718640, 346953934320, 3369416698080, 31421601510336, 328430320909920, 3331475969159520, 37124416523261760]
A001474	sol[w_] := Reap[ Do[ If[ GCD[w, x, y, z] == 1 && w > Abs[x] > Abs[y] > Abs[z] && w^3 + x^3 + y^3 + z^3 == 0, Print[{w, x, y, z}]; Sow[{w, x, y, z}]; Break[]], {x, -w+1, -1}, {y, x+1, -1}, {z, y+1, -y-1}]][[2]]; Select[ Range[140], sol[#] =!= {} & ] (* _Jean-François Alcover_, Feb 24 2012 *)	[6, 9, 12, 16, 19, 20, 25, 27, 28, 29, 34, 39, 40, 41, 44, 46, 51, 53, 54, 55, 58, 60, 67, 69, 70, 71, 72, 75, 76, 80, 81, 82, 84, 85, 87, 88, 89, 90, 93, 94, 96, 97, 98, 99, 102, 103, 105, 108, 109, 110, 111, 113, 115, 116, 120, 121, 122, 123, 126, 127, 129, 132, 134, 137, 139]
A001475	a[n_]:= If[ n<1, 0, n! SeriesCoefficient[Exp[x+x^2/2]*(1+x)/2, {x, 0, n}]]; (* End *)	[1, 2, 5, 13, 38, 116, 382, 1310, 4748, 17848, 70076, 284252, 1195240, 5174768, 23103368, 105899656, 498656912, 2404850720, 11879332048, 59976346448, 309442319456, 1628921941312, 8746095288800, 47840221880288, 266492604100288, 1510338372987776]
A001477	CoefficientList[ Series[x/(x - 1)^2, {x, 0, 76}], x] (* _Robert G. Wilson v_, May 23 2013 *)	[0, 1, 2, 3, 4, 5, 6, 7, 8, 9, 10, 11, 12, 13, 14, 15, 16, 17, 18, 19, 20, 21, 22, 23, 24, 25, 26, 27, 28, 29, 30, 31, 32, 33, 34, 35, 36, 37, 38, 39, 40, 41, 42, 43, 44, 45, 46, 47, 48, 49, 50, 51, 52, 53, 54, 55, 56, 57, 58, 59, 60, 61, 62, 63, 64, 65, 66, 67, 68, 69, 70, 71, 72, 73, 74, 75, 76, 77]
A001479	nmax = 56; nextCuban[p_] := If[p1 = NextPrime[p]; Mod[p1, 3] > 1, nextCuban[p1], p1]; cubanPrimes = NestList[ nextCuban, 3, nmax ]; f[p_] := x /. ToRules[ Reduce[x > 0 && y > 0 && p == x^2 + 3*y^2, {x, y}, Integers]]; a[1] = 0; a[n_] := f[cubanPrimes[[n]]]; Table[ a[n] , {n, 1, nmax}] (* _Jean-François Alcover_, Oct 19 2011 *)	[0, 2, 1, 4, 2, 5, 4, 7, 8, 5, 2, 7, 10, 1, 10, 8, 2, 7, 4, 13, 1, 14, 8, 14, 11, 7, 14, 13, 16, 8, 11, 16, 17, 7, 2, 19, 4, 17, 19, 11, 1, 14, 5, 10, 22, 16, 4, 23, 20, 8, 23, 13, 10, 5, 16, 22, 20, 19, 25, 4, 11, 22, 25, 8, 26, 13, 1, 28, 28, 26, 23, 29, 28]
A001480	nmax = 63; nextCuban[p_] := If[p1 = NextPrime[p]; Mod[p1, 3] > 1, nextCuban[p1], p1]; cubanPrimes = NestList[ nextCuban, 3, nmax ]; f[p_] := y /. ToRules[ Reduce[x > 0 && y > 0 && p == x^2 + 3*y^2, {x, y}, Integers]]; a[1] = 1; a[n_] := f[cubanPrimes[[n]]]; Table[ a[n] , {n, 1, nmax}] (* _Jean-François Alcover_, Oct 19 2011 *)	[1, 1, 2, 1, 3, 2, 3, 2, 1, 4, 5, 4, 1, 6, 3, 5, 7, 6, 7, 2, 8, 1, 7, 3, 6, 8, 5, 6, 3, 9, 8, 5, 4, 10, 11, 2, 11, 6, 4, 10, 12, 9, 12, 11, 1, 9, 13, 2, 7, 13, 4, 12, 13, 14, 11, 7, 9, 10, 4, 15, 14, 9, 6, 15, 5, 14, 16, 1, 3, 7, 10, 2, 5, 14, 17, 13, 9, 16, 17]
A001481	Select[Range[0, 160], SquaresR[2, #] != 0 &] (* _Jean-François Alcover_, Jan 04 2013 *)	[0, 1, 2, 4, 5, 8, 9, 10, 13, 16, 17, 18, 20, 25, 26, 29, 32, 34, 36, 37, 40, 41, 45, 49, 50, 52, 53, 58, 61, 64, 65, 68, 72, 73, 74, 80, 81, 82, 85, 89, 90, 97, 98, 100, 101, 104, 106, 109, 113, 116, 117, 121, 122, 125, 128, 130, 136, 137, 144, 145, 146, 148, 149, 153, 157, 160]
A001482	Drop[CoefficientList[Series[(1 -QPochhammer[-x])^4, {x,0,100}], x], 4] (* _G. C. Greubel_, Sep 04 2023 *)	[1, -4, 6, -4, -3, 12, -16, 16, -6, -8, 18, -28, 26, -20, 2, 12, -23, 32, -36, 28, -6, 4, 22, -20, 39, -32, 32, -12, 2, 16, -12, 24, -40, 28, -34, 0, -6, -16, 0, -40, 6, -36, 26, -32, -5, 0, -20, 8, -16, 12, -10, 40, -22, 12, 14, 12, 45, 16, 38, 4, 12, 0, 34, 8, 38, 12, -24, 44, 2, 16]
A001483	Drop[CoefficientList[Series[(QPochhammer[-x] -1)^5, {x,0,102}], x], 5] (* _G. C. Greubel_, Sep 04 2023 *)	[1, -5, 10, -10, 0, 19, -35, 40, -25, -10, 45, -75, 80, -60, 15, 45, -85, 115, -115, 90, -21, -35, 95, -130, 135, -135, 70, -35, -65, 105, -146, 120, -150, 90, -65, -25, 90, -115, 150, -125, 130, -45, 80, 35, -5, 160, -110, 170, -85, 95, 25, 50, 0, -60, 95, -116, 120, -135]
A001484	Drop[CoefficientList[Series[(QPochhammer[-x] -1)^6, {x,0,102}], x], 6] (* _G. C. Greubel_, Sep 04 2023 *)	[1, -6, 15, -20, 9, 24, -65, 90, -75, 6, 90, -180, 220, -180, 66, 110, -264, 360, -365, 264, -66, -178, 375, -510, 496, -414, 180, 60, -330, 570, -622, 582, -390, 220, 96, -300, 621, -630, 705, -492, 300, 0, -235, 420, -570, 594, -735, 420, -420, -120, 219, -586, 360]
A001487	Drop[CoefficientList[Series[(QPochhammer[-x] -1)^9, {x,0,102}], x], 9] (* _G. C. Greubel_, Sep 04 2023 *)	[1, -9, 36, -84, 117, -54, -177, 540, -837, 755, -54, -1197, 2535, -3204, 2520, -246, -3150, 6426, -8106, 7011, -2844, -3549, 10359, -15120, 15804, -11403, 2574, 8610, -18972, 25425, -25824, 18954, -6165, -10080, 25101, -35262, 37799, -31374, 17379, 1929]
A001490	With[{k=12}, Drop[CoefficientList[Series[(QPochhammer[-x] -1)^k, {x, 0, 102}], x], k]] (* _G. C. Greubel_, Sep 04 2023 *)	[1, -12, 66, -220, 483, -660, 252, 1320, -4059, 6644, -6336, 240, 12255, -27192, 35850, -27972, -2343, 50568, -99286, 122496, -96162, 11584, 115116, -242616, 315216, -283800, 128304, 126280, -409398, 622644, -671550, 501468, -122508, -382360]
A001494	SequencePosition[EulerPhi[Range[4300]],{x_,_,x_}][[All,1]] (* Requires Mathematica version 10 or later *) (* _Harvey P. Dale_, Sep 04 2020 *)	[4, 7, 8, 10, 26, 32, 70, 74, 122, 146, 308, 314, 386, 512, 554, 572, 626, 635, 728, 794, 842, 910, 914, 1015, 1082, 1226, 1322, 1330, 1346, 1466, 1514, 1608, 1754, 1994, 2132, 2170, 2186, 2306, 2402, 2426, 2474, 2590, 2642, 2695, 2762, 2906, 3242, 3314]
A001495	max = 30; egf = 1 + Integrate[(1-t)^(-3/2)*Exp[t (t^2 + 3 t - 2)/(4 - 4 t)] + O[t]^max // Normal, t]; CoefficientList[egf, t]* Range[0, max]! (* _Jean-François Alcover_, Apr 06 2017, after _Mark van Hoeij_ *)	[1, 1, 1, 3, 13, 70, 462, 3592, 32056, 322626, 3611890, 44491654, 597714474, 8693651092, 136059119332, 2279212812480, 40681707637888, 770631412413148, 15438647456063004, 326091322648369684, 7241563996136849260, 168657537987709667976, 4110364564664358194536]
A001497	y[n_, x_] := Sqrt[2/(Pi*x)]*E^(1/x)*BesselK[-n-1/2, 1/x]; t[n_, k_] := Coefficient[y[n, x], x, k]; Table[t[n, k], {n, 0, 9}, {k, n, 0, -1}] // Flatten (* _Jean-François Alcover_, Mar 01 2013 *)	[1, 1, 1, 3, 3, 1, 15, 15, 6, 1, 105, 105, 45, 10, 1, 945, 945, 420, 105, 15, 1, 10395, 10395, 4725, 1260, 210, 21, 1, 135135, 135135, 62370, 17325, 3150, 378, 28, 1, 2027025, 2027025, 945945, 270270, 51975, 6930, 630, 36, 1, 34459425, 34459425, 16216200, 4729725, 945945, 135135, 13860, 990, 45, 1]
A001501	Table[6^(-n) Total[Map[(-1)^#[[2]] n!^2 (#[[2]] + 3 #[[3]])! 2^#[[1]] 3^#[[2]]/(#[[1]]! #[[2]]! #[[3]]!^2 6^#[[3]]) &, Compositions[n, 3]]], {n, 0, 20}] (* _Geoffrey Critzer_, Mar 19 2011 *)	[1, 0, 0, 1, 24, 2040, 297200, 68938800, 24046189440, 12025780892160, 8302816499443200, 7673688777463632000, 9254768770160124288000, 14255616537578735986867200, 27537152449960680597739468800, 65662040698002721810659005184000]
A001514	Table[Sum[(n+k+1)!/((n-k-1)!*k!*2^(k+1)), {k,0,n-1}], {n,0,20}] (* _Vaclav Kotesovec_, Jul 22 2015 *)	[0, 1, 9, 81, 835, 9990, 137466, 2148139, 37662381, 733015845, 15693217705, 366695853876, 9289111077324, 253623142901401, 7425873460633005, 232122372003909045, 7715943399320562331, 271796943164015920914, 10114041937573463433966]
A001515	Table[Sum[BellY[n+1, k, (2 Range[n+1] - 3)!!], {k, n+1}], {n, 0, 20}] (* _Vladimir Reshetnikov_, Nov 09 2016 *)	[1, 2, 7, 37, 266, 2431, 27007, 353522, 5329837, 90960751, 1733584106, 36496226977, 841146804577, 21065166341402, 569600638022431, 16539483668991901, 513293594376771362, 16955228098102446847, 593946277027962411007, 21992967478132711654106, 858319677924203716921141]
A001516	Join[{0, 0}, Table[n*(n - 1)*Pochhammer[1/2, n]*2^n* Hypergeometric1F1[2 - n, -2*n, 2], {n,2,50}]] (* _G. C. Greubel_, Aug 14 2017 *)	[0, 0, 6, 120, 1980, 32970, 584430, 11204676, 233098740, 5254404210, 127921380840, 3350718545460, 94062457204716, 2819367702529560, 89912640142178490, 3040986592542420060, 108752084073199561140, 4101112025363285051526]
A001523	b[n_, i_] := b[n, i] = If[i>n, 0, If[Mod[n, i]==0, 1, 0] + Sum[b[n-i*j, i+1]*(j+1), {j, 0, n/i}]]; a[n_] := If[n==0, 1, b[n, 1]]; Table[a[n], {n, 0, 60}] (* _Jean-François Alcover_, Nov 24 2015, after _Alois P. Heinz_ *)	[1, 1, 2, 4, 8, 15, 27, 47, 79, 130, 209, 330, 512, 784, 1183, 1765, 2604, 3804, 5504, 7898, 11240, 15880, 22277, 31048, 43003, 59220, 81098, 110484, 149769, 202070, 271404, 362974, 483439, 641368, 847681, 1116325, 1464999, 1916184, 2498258, 3247088, 4207764]
A001535	CoefficientList[Series[(9 + 182 x + 9 x^2) / (1 - x)^3, {x, 0, 50}], x] (* _Vincenzo Librandi_, Dec 17 2014 *)	[9, 209, 609, 1209, 2009, 3009, 4209, 5609, 7209, 9009, 11009, 13209, 15609, 18209, 21009, 24009, 27209, 30609, 34209, 38009, 42009, 46209, 50609, 55209, 60009, 65009, 70209, 75609, 81209, 87009, 93009, 99209, 105609, 112209, 119009, 126009, 133209, 140609]
A001547	Times@@@Table[7n+{1,2,4},{n,0,30}] (* or *) LinearRecurrence[{4,-6,4,-1},{8,792,4320,12650},40] (* _Harvey P. Dale_, Jan 12 2013 *)	[8, 792, 4320, 12650, 27840, 51948, 87032, 135150, 198360, 278720, 378288, 499122, 643280, 812820, 1009800, 1236278, 1494312, 1785960, 2113280, 2478330, 2883168, 3329852, 3820440, 4356990, 4941560, 5576208, 6262992, 7003970, 7801200, 8656740, 9572648]
A001567	Select[Range[3,30000,2], ! PrimeQ[ # ] && PowerMod[2, (# - 1), # ] == 1 &] (* _Farideh Firoozbakht_, Sep 15 2006 *)	[341, 561, 645, 1105, 1387, 1729, 1905, 2047, 2465, 2701, 2821, 3277, 4033, 4369, 4371, 4681, 5461, 6601, 7957, 8321, 8481, 8911, 10261, 10585, 11305, 12801, 13741, 13747, 13981, 14491, 15709, 15841, 16705, 18705, 18721, 19951, 23001, 23377, 25761, 29341]
A001570	f[n_] := Simplify[(2 + Sqrt@3)^(2 n - 1) + (2 - Sqrt@3)^(2 n - 1)]/4; Array[f, 19] (* _Robert G. Wilson v_, Oct 28 2010 *)	[1, 13, 181, 2521, 35113, 489061, 6811741, 94875313, 1321442641, 18405321661, 256353060613, 3570537526921, 49731172316281, 692665874901013, 9647591076297901, 134373609193269601, 1871582937629476513, 26067787517619401581, 363077442309042145621]
A001570	CoefficientList[Series[x (1-x)/(1-14x+x^2),{x,0,20}],x] (* _Harvey P. Dale_, Sep 18 2024 *)	[1, 13, 181, 2521, 35113, 489061, 6811741, 94875313, 1321442641, 18405321661, 256353060613, 3570537526921, 49731172316281, 692665874901013, 9647591076297901, 134373609193269601, 1871582937629476513, 26067787517619401581, 363077442309042145621]
A001595	RecurrenceTable[{a[0]==a[1]==1,a[n]==a[n-1]+a[n-2]+1},a,{n,40}] (* or *) LinearRecurrence[{2,0,-1},{1,1,3},40] (* _Harvey P. Dale_, Aug 07 2012 *)	[1, 1, 3, 5, 9, 15, 25, 41, 67, 109, 177, 287, 465, 753, 1219, 1973, 3193, 5167, 8361, 13529, 21891, 35421, 57313, 92735, 150049, 242785, 392835, 635621, 1028457, 1664079, 2692537, 4356617, 7049155, 11405773, 18454929, 29860703, 48315633, 78176337]
A001608	per = Solve[x^3 - x - 1 == 0, x]; f[n_] := Floor @ Re[N[ per[[1, -1, -1]]^n + per[[2, -1, -1]]^n + per[[3, -1, -1]]^n]]; Array[f, 46, 0] (* _Robert G. Wilson v_, Jun 29 2010 *)	[3, 0, 2, 3, 2, 5, 5, 7, 10, 12, 17, 22, 29, 39, 51, 68, 90, 119, 158, 209, 277, 367, 486, 644, 853, 1130, 1497, 1983, 2627, 3480, 4610, 6107, 8090, 10717, 14197, 18807, 24914, 33004, 43721, 57918, 76725, 101639, 134643, 178364, 236282, 313007]
A001608	Table[RootSum[-1 - # + #^3 &, #^n &], {n, 0, 20}] (* _Eric W. Weisstein_, Mar 30 2017 *)	[3, 0, 2, 3, 2, 5, 5, 7, 10, 12, 17, 22, 29, 39, 51, 68, 90, 119, 158, 209, 277, 367, 486, 644, 853, 1130, 1497, 1983, 2627, 3480, 4610, 6107, 8090, 10717, 14197, 18807, 24914, 33004, 43721, 57918, 76725, 101639, 134643, 178364, 236282, 313007]
A001609	Table[ HypergeometricPFQ[{1/3 - n/3, 2/3 - n/3, -(n/3)}, {1/2 - n/2, 1 - n/2}, -(27/4)], {n, 20}] (* _Alexander R. Povolotsky_, Nov 21 2008 *)	[1, 1, 4, 5, 6, 10, 15, 21, 31, 46, 67, 98, 144, 211, 309, 453, 664, 973, 1426, 2090, 3063, 4489, 6579, 9642, 14131, 20710, 30352, 44483, 65193, 95545, 140028, 205221, 300766, 440794, 646015, 946781, 1387575, 2033590, 2980371, 4367946, 6401536, 9381907]
A001629	CoefficientList[Series[x^2/(1-x-x^2)^2, {x, 0, 40}], x] (* _Vincenzo Librandi_, Nov 19 2014 *)	[0, 0, 1, 2, 5, 10, 20, 38, 71, 130, 235, 420, 744, 1308, 2285, 3970, 6865, 11822, 20284, 34690, 59155, 100610, 170711, 289032, 488400, 823800, 1387225, 2332418, 3916061, 6566290, 10996580, 18394910, 30737759, 51310978, 85573315, 142587180, 237387960, 394905492]
A001630	CoefficientList[Series[- x^2 * (1 + x)/(- 1 + x + x^2 + x^3 + x^4), {x, 0, 35}], x] (* _Vincenzo Librandi_, Jan 29 2013 *)	[0, 0, 1, 2, 3, 6, 12, 23, 44, 85, 164, 316, 609, 1174, 2263, 4362, 8408, 16207, 31240, 60217, 116072, 223736, 431265, 831290, 1602363, 3088654, 5953572, 11475879, 22120468, 42638573, 82188492, 158423412, 305370945, 588621422, 1134604271, 2187020050]
A001651	Select[Table[n,{n,200}],Mod[#,3]!=0&] (* _Vladimir Joseph Stephan Orlovsky_, Feb 18 2011 *)	[1, 2, 4, 5, 7, 8, 10, 11, 13, 14, 16, 17, 19, 20, 22, 23, 25, 26, 28, 29, 31, 32, 34, 35, 37, 38, 40, 41, 43, 44, 46, 47, 49, 50, 52, 53, 55, 56, 58, 59, 61, 62, 64, 65, 67, 68, 70, 71, 73, 74, 76, 77, 79, 80, 82, 83, 85, 86, 88, 89, 91, 92, 94, 95, 97, 98, 100, 101, 103, 104]
A001659	Table[Sum[(-1)^(n - k)*Binomial[n, k]*Sum[Floor[k/j], {j, 1, k}], {k, 0, n}], {n, 1, 50}] (* _G. C. Greubel_, Jul 02 2017 *)	[1, 1, -1, 2, -5, 13, -33, 80, -184, 402, -840, 1699, -3382, 6750, -13716, 28550, -60587, 129579, -275915, 579828, -1197649, 2431775, -4870105, 9672634, -19173013, 38151533, -76521331, 154941608, -316399235, 649807589, -1337598675, 2751021907, -5640238583, 11513062785, -23389948481, 47310801199, -95345789479, 191616365385]
A001662	a[ n_] := If[ n < 1, 0, 2^(n - 1) Sum[ (-2)^-j StirlingS1[n - i + j - 1, j - i] Binomial[n + k - 1, n + j - 1] Binomial[n + j - 1, i], {k, 0, n - 1}, {j, 0, k}, {i, 0, j}]]; (* _Michael Somos_, Jun 23 2019 *)	[0, 1, 1, -1, -1, 13, -47, -73, 2447, -16811, -15551, 1726511, -18994849, 10979677, 2983409137, -48421103257, 135002366063, 10125320047141, -232033147779359, 1305952009204319, 58740282660173759, -1862057132555380307, 16905219421196907793, 527257187244811805207]
A001668	a[n_] := a[n] = Module[{v, b}, If[n < 2 , Return[1+2*n]]; v[0, 0] = v[1, 0] = True; v[_, _] = False; b[m_, x_, y_] := Module[{c}, If[v[x, y], 0 , If[ m == 0 , 1, v[x, y] = True; c = b[m-1, x+1, y] + b[m-1, x-1, y] + b[m-1, x, y-1 + 2*Mod[x+y, 2]]; v[x, y] = False; c]]]; 6*b[n-2, 1, 1]]; Table[Print["a(", n, ") = ", a[n]]; a[n], {n, 0, 32}] (* _Jean-François Alcover_, Nov 25 2013, translated from _Alois P. Heinz_'s Maple program *)	[1, 3, 6, 12, 24, 48, 90, 174, 336, 648, 1218, 2328, 4416, 8388, 15780, 29892, 56268, 106200, 199350, 375504, 704304, 1323996, 2479692, 4654464, 8710212, 16328220, 30526374, 57161568, 106794084, 199788408, 372996450, 697217994, 1300954248]
A001679	terms = 37; (* F = G001678 *) F[_] = 0; Do[F[x_] = (x^2/(1 + x))*Exp[Sum[ F[x^k]/(k*x^k), {k, 1, j}]] + O[x]^j // Normal, {j, 1, terms + 1}];	[1, 1, 1, 0, 2, 2, 4, 6, 12, 20, 39, 71, 137, 261, 511, 995, 1974, 3915, 7841, 15749, 31835, 64540, 131453, 268498, 550324, 1130899, 2330381, 4813031, 9963288, 20665781, 42947715, 89410092, 186447559, 389397778, 814447067, 1705775653, 3577169927]
A001687	LinearRecurrence[{0, 1, 0, 0, 1}, {0, 1, 0, 1, 0}, 100] (* _T. D. Noe_, Aug 09 2012 *)	[0, 1, 0, 1, 0, 1, 1, 1, 2, 1, 3, 2, 4, 4, 5, 7, 7, 11, 11, 16, 18, 23, 29, 34, 45, 52, 68, 81, 102, 126, 154, 194, 235, 296, 361, 450, 555, 685, 851, 1046, 1301, 1601, 1986, 2452, 3032, 3753, 4633, 5739, 7085, 8771, 10838, 13404, 16577, 20489, 25348, 31327]
A001702	Join[{1}, Table[(n-1) n (n+1) (n+4) (n^2 + 7 n + 14)/48, {n, 2, 100}]] (* _T. D. Noe_, Aug 09 2012 *)	[1, 24, 154, 580, 1665, 4025, 8624, 16884, 30810, 53130, 87450, 138424, 211939, 315315, 457520, 649400, 903924, 1236444, 1664970, 2210460, 2897125, 3752749, 4809024, 6101900, 7671950, 9564750, 11831274, 14528304, 17718855, 21472615, 25866400, 30984624]
A001702	CoefficientList[Series[1 +x*(x-4)*(x^2-2*x+6)/(x-1)^7, {x, 0, 100}], x] (* _Stefano Spezia_, Sep 30 2018 *)	[1, 24, 154, 580, 1665, 4025, 8624, 16884, 30810, 53130, 87450, 138424, 211939, 315315, 457520, 649400, 903924, 1236444, 1664970, 2210460, 2897125, 3752749, 4809024, 6101900, 7671950, 9564750, 11831274, 14528304, 17718855, 21472615, 25866400, 30984624]
A001703	concat3Nums[n_] := FromDigits@ Flatten@ IntegerDigits[{n, n + 1, n + 2}]; Array[concat3Nums, 25] (* _Robert G. Wilson v_ *)	[12, 123, 234, 345, 456, 567, 678, 789, 8910, 91011, 101112, 111213, 121314, 131415, 141516, 151617, 161718, 171819, 181920, 192021, 202122, 212223, 222324, 232425, 242526, 252627, 262728, 272829, 282930, 293031, 303132, 313233, 323334, 333435, 343536, 353637, 363738]
A001706	Table[-Coefficient[CharacteristicPolynomial[Array[KroneckerDelta[#1,#2]((((#1+3)))-1)+1&,{n,n}],x],x,1],{n,1,10}] (* _John M. Campbell_, May 24 2011 *)	[1, 9, 71, 580, 5104, 48860, 509004, 5753736, 70290936, 924118272, 13020978816, 195869441664, 3134328981120, 53180752331520, 953884282141440, 18037635241029120, 358689683932346880, 7483713725055744000, 163478034254755584000, 3731670622213083648000]
A001716	f[k_] := k + 3; t[n_] := Table[f[k], {k, 1, n}]; a[n_] := SymmetricPolynomial[n - 1, t[n]]; Table[a[n], {n, 1, 16}] (* _Clark Kimberling_, Dec 29 2011 *)	[1, 9, 74, 638, 5944, 60216, 662640, 7893840, 101378880, 1397759040, 20606463360, 323626665600, 5395972377600, 95218662067200, 1773217155225600, 34758188233574400, 715437948072960000, 15429680577561600000, 347968129734973440000, 8190600438533990400000]
A001718	nn = 20; t = Range[0, nn]! CoefficientList[Series[(1 - 15*Log[1 - x] + 37*Log[1 - x]^2 - 20*Log[1 - x]^3)/(1 - x)^7, {x, 0, nn}], x] (* _T. D. Noe_, Aug 09 2012 *)	[1, 22, 355, 5265, 77224, 1155420, 17893196, 288843260, 4876196776, 86194186584, 1595481972864, 30908820004608, 626110382381184, 13246845128678016, 292374329134060800, 6723367631258860800, 160883166944083161600, 4001062259532015244800]
A001724	Table[Sum[(-1)^(n + k)*Binomial[k + 4, 4]*5^k*StirlingS1[n + 4, k + 4], {k, 0, n}], {n, 0, 20}] (* _T. D. Noe_, Aug 10 2012 *)	[1, 35, 835, 17360, 342769, 6687009, 131590430, 2642422750, 54509190076, 1159615530788, 25497032420496, 580087776122400, 13662528306823824, 333132304121991504, 8407011584355624288, 219490450157530821024, 5925108461354500651776, 165275526944869750483200]
A001729	FromDigits/@Flatten[Table[Tuples[{1,2,3,4,5,7},n],{n,3}],1] (* _Harvey P. Dale_, Feb 01 2017 *)	[1, 2, 3, 4, 5, 7, 11, 12, 13, 14, 15, 17, 21, 22, 23, 24, 25, 27, 31, 32, 33, 34, 35, 37, 41, 42, 43, 44, 45, 47, 51, 52, 53, 54, 55, 57, 71, 72, 73, 74, 75, 77, 111, 112, 113, 114, 115, 117, 121, 122, 123, 124, 125, 127, 131, 132, 133, 134, 135, 137, 141, 142]
